{"type":"FeatureCollection","crs":{"type":"name","properties":{"name":"urn:ogc:def:crs:OGC:1.3:CRS84"}},"features":[{"type":"Feature","properties":{"code_zone":"MG11","nom_zone":"Analamanga","niveau":"Région","code_parent":null,"nom_parent":null},"geometry":{"type":"Polygon","coordinates":[[[47.91954,-17.88617],[47.9127,-17.89224],[47.90549,-17.8938],[47.89912,-17.90529],[47.90873,-17.91146],[47.91357,-17.92476],[47.92091,-17.92353],[47.93797,-17.92607],[47.9573,-17.9306],[47.96166,-17.94308],[47.96489,-17.95818],[47.95897,-17.96612],[47.96051,-17.98876],[47.97174,-17.99757],[47.97885,-17.99603],[47.98951,-18.00959],[47.99666,-18.0122],[47.99796,-18.01871],[47.98959,-18.03053],[47.99275,-18.05019],[48.00522,-18.05243],[48.0033,-18.05679],[48.00353,-18.06593],[48.00154,-18.08028],[48.00244,-18.09555],[48.00152,-18.10261],[47.99005,-18.11897],[47.98866,-18.13003],[47.99116,-18.13499],[47.98798,-18.14302],[47.99042,-18.14598],[47.98895,-18.16089],[47.99085,-18.16588],[47.99979,-18.17049],[48.006,-18.17651],[48.00777,-18.1877],[48.00513,-18.19292],[48.00507,-18.20726],[48.0065,-18.21495],[48.00597,-18.22625],[48.00038,-18.236],[48.00152,-18.24317],[48.00669,-18.24844],[48.00745,-18.25719],[48.00308,-18.26057],[48.0017,-18.26821],[48.00267,-18.27818],[48.00576,-18.28049],[48.01684,-18.27965],[48.0188,-18.28396],[48.01449,-18.29167],[48.02081,-18.31458],[48.02214,-18.32372],[48.01909,-18.33291],[48.02365,-18.34642],[48.02826,-18.35454],[48.03679,-18.3566],[48.03376,-18.36775],[48.037,-18.38266],[48.03372,-18.38874],[48.02707,-18.39124],[48.02351,-18.39577],[48.02261,-18.41446],[48.01703,-18.42877],[48.01577,-18.43605],[48.00661,-18.46207],[47.99586,-18.46602],[47.99384,-18.46374],[47.99547,-18.48774],[47.99256,-18.49615],[47.98561,-18.5013],[47.99038,-18.51313],[47.99371,-18.52859],[47.98667,-18.55107],[47.98916,-18.55492],[47.98587,-18.56785],[47.98066,-18.57932],[47.98336,-18.58965],[47.97615,-18.59384],[47.9718,-18.60226],[47.96903,-18.61179],[47.97104,-18.6277],[47.96705,-18.62281],[47.95188,-18.62768],[47.94701,-18.62699],[47.94463,-18.63261],[47.93854,-18.63546],[47.93331,-18.65606],[47.9342,-18.67837],[47.93771,-18.68338],[47.9361,-18.69209],[47.94052,-18.69311],[47.94444,-18.70129],[47.93534,-18.71283],[47.93365,-18.73132],[47.93441,-18.74111],[47.93263,-18.75403],[47.92719,-18.75999],[47.92707,-18.76679],[47.93106,-18.78032],[47.93379,-18.79955],[47.93133,-18.82282],[47.9336,-18.83409],[47.94292,-18.83004],[47.94273,-18.83547],[47.946,-18.84785],[47.94359,-18.85554],[47.9469,-18.86629],[47.94586,-18.89188],[47.94008,-18.9236],[47.93586,-18.93504],[47.9403,-18.94638],[47.94,-18.96017],[47.93647,-18.96967],[47.94299,-18.97463],[47.93788,-19.00098],[47.93207,-19.00413],[47.92656,-19.01178],[47.92479,-19.01849],[47.92319,-19.04082],[47.92612,-19.0442],[47.92145,-19.04862],[47.92187,-19.05542],[47.91705,-19.06003],[47.90685,-19.08374],[47.90253,-19.08438],[47.90121,-19.09685],[47.89387,-19.10323],[47.89458,-19.11679],[47.90407,-19.12399],[47.90543,-19.13225],[47.91975,-19.1442],[47.92116,-19.15224],[47.9341,-19.15748],[47.93494,-19.16927],[47.93387,-19.1761],[47.92857,-19.18461],[47.93248,-19.18955],[47.93066,-19.20177],[47.93262,-19.20541],[47.932,-19.21353],[47.94093,-19.21894],[47.94868,-19.21671],[47.95486,-19.2206],[47.95605,-19.23172],[47.95291,-19.23444],[47.95149,-19.24264],[47.95442,-19.25847],[47.94103,-19.2716],[47.94282,-19.28533],[47.93909,-19.30065],[47.945,-19.30954],[47.94245,-19.32139],[47.94454,-19.33599],[47.94156,-19.34998],[47.94633,-19.35438],[47.94703,-19.3628],[47.93726,-19.3732],[47.93687,-19.37762],[47.94213,-19.38158],[47.9413,-19.38444],[47.92401,-19.39178],[47.91225,-19.39916],[47.89724,-19.41014],[47.89439,-19.41969],[47.89726,-19.42314],[47.8945,-19.42972],[47.88122,-19.44145],[47.88457,-19.45781],[47.88324,-19.4679],[47.88894,-19.47415],[47.89042,-19.4825],[47.89584,-19.49319],[47.90305,-19.50259],[47.90142,-19.51579],[47.89547,-19.5223],[47.88947,-19.52287],[47.87978,-19.52713],[47.87475,-19.52349],[47.86479,-19.53311],[47.85728,-19.5354],[47.85913,-19.54267],[47.85658,-19.55053],[47.85925,-19.55712],[47.8573,-19.55963],[47.85288,-19.55504],[47.83589,-19.55677],[47.83432,-19.5519],[47.8245,-19.54823],[47.82601,-19.5445],[47.82195,-19.53613],[47.82363,-19.53309],[47.8197,-19.52837],[47.81878,-19.52233],[47.80907,-19.51471],[47.80369,-19.51435],[47.79544,-19.5103],[47.78542,-19.50181],[47.78691,-19.49384],[47.77851,-19.48575],[47.78271,-19.4798],[47.7832,-19.47289],[47.77561,-19.46794],[47.77267,-19.46272],[47.76452,-19.46883],[47.7737,-19.47363],[47.7725,-19.47984],[47.76721,-19.48096],[47.76169,-19.47612],[47.75613,-19.47683],[47.74993,-19.47054],[47.74873,-19.45952],[47.73471,-19.4482],[47.73353,-19.44341],[47.72738,-19.43983],[47.7173,-19.44489],[47.71272,-19.44287],[47.70805,-19.43241],[47.70932,-19.4261],[47.70696,-19.42209],[47.69169,-19.42637],[47.67775,-19.42074],[47.66983,-19.42471],[47.66357,-19.42485],[47.64848,-19.41563],[47.64037,-19.41941],[47.63455,-19.41856],[47.62855,-19.41109],[47.6162,-19.40638],[47.61663,-19.40074],[47.61222,-19.39763],[47.6084,-19.38468],[47.59855,-19.38467],[47.59306,-19.39864],[47.58446,-19.38769],[47.58496,-19.38252],[47.57232,-19.36288],[47.56932,-19.35096],[47.56616,-19.34497],[47.55081,-19.3295],[47.54866,-19.32281],[47.55073,-19.31328],[47.55502,-19.31142],[47.55513,-19.3004],[47.54569,-19.29829],[47.53577,-19.28908],[47.54028,-19.27526],[47.5399,-19.27063],[47.54563,-19.26317],[47.54269,-19.25871],[47.54296,-19.24893],[47.54064,-19.24916],[47.5388,-19.24073],[47.52825,-19.22678],[47.51808,-19.22238],[47.50885,-19.21603],[47.50729,-19.1981],[47.50567,-19.1936],[47.50901,-19.17359],[47.5149,-19.15927],[47.51587,-19.15297],[47.52827,-19.14076],[47.5313,-19.13932],[47.51502,-19.1301],[47.50522,-19.13013],[47.50545,-19.12272],[47.49916,-19.12016],[47.49511,-19.11534],[47.48684,-19.11852],[47.47943,-19.1168],[47.47253,-19.12592],[47.46731,-19.1299],[47.45867,-19.12786],[47.45534,-19.11603],[47.44954,-19.10866],[47.4496,-19.09322],[47.4601,-19.0817],[47.46283,-19.07338],[47.45047,-19.07074],[47.44902,-19.0638],[47.44432,-19.063],[47.44328,-19.05596],[47.43912,-19.05015],[47.44198,-19.04579],[47.44252,-19.02893],[47.43565,-19.02429],[47.43314,-19.01288],[47.43578,-19.00642],[47.4325,-18.99741],[47.43711,-18.99066],[47.426,-18.9892],[47.4189,-18.98507],[47.41279,-18.96958],[47.4186,-18.96446],[47.41874,-18.95824],[47.41425,-18.95115],[47.41617,-18.94523],[47.41204,-18.94316],[47.40803,-18.93245],[47.40172,-18.9296],[47.40462,-18.92139],[47.40114,-18.91727],[47.39173,-18.91423],[47.38249,-18.91736],[47.37291,-18.91105],[47.36705,-18.91195],[47.36513,-18.9078],[47.35509,-18.90656],[47.35431,-18.91004],[47.3338,-18.89762],[47.32996,-18.89294],[47.32495,-18.8777],[47.3289,-18.87486],[47.32521,-18.87281],[47.32497,-18.86753],[47.32809,-18.86022],[47.33188,-18.85927],[47.32789,-18.85521],[47.33496,-18.85419],[47.34686,-18.8568],[47.34484,-18.85062],[47.34482,-18.83579],[47.33349,-18.83207],[47.31821,-18.81572],[47.32099,-18.80403],[47.31962,-18.7923],[47.31464,-18.79568],[47.30805,-18.78969],[47.29632,-18.79264],[47.28566,-18.79368],[47.27147,-18.78776],[47.27035,-18.78225],[47.2574,-18.77841],[47.25129,-18.7688],[47.23649,-18.76863],[47.23263,-18.76717],[47.21391,-18.76945],[47.19862,-18.76929],[47.18981,-18.7645],[47.18967,-18.75889],[47.18307,-18.76311],[47.1708,-18.76158],[47.17079,-18.75398],[47.15701,-18.75476],[47.13983,-18.75733],[47.14186,-18.75047],[47.13724,-18.73819],[47.13679,-18.72552],[47.1281,-18.72893],[47.12379,-18.72669],[47.11746,-18.72822],[47.09991,-18.71988],[47.09699,-18.71997],[47.09199,-18.71326],[47.09204,-18.71057],[47.07991,-18.7039],[47.07519,-18.69755],[47.06911,-18.69355],[47.06114,-18.69196],[47.05742,-18.68652],[47.04912,-18.68507],[47.04092,-18.67012],[47.04175,-18.66461],[47.03859,-18.64563],[47.03461,-18.63548],[47.02518,-18.62151],[47.02667,-18.6136],[47.02118,-18.61021],[47.02135,-18.60443],[47.01291,-18.59846],[47.00642,-18.59781],[47.00667,-18.60247],[46.98603,-18.58344],[46.97877,-18.57406],[46.97384,-18.56365],[46.97303,-18.55074],[46.96441,-18.53576],[46.96099,-18.52108],[46.95657,-18.51312],[46.96081,-18.50239],[46.95698,-18.49768],[46.94637,-18.4984],[46.94099,-18.49661],[46.93532,-18.49952],[46.93237,-18.49466],[46.92788,-18.47335],[46.91735,-18.4705],[46.91459,-18.47279],[46.91398,-18.48184],[46.90693,-18.47984],[46.89479,-18.47308],[46.88543,-18.46046],[46.87324,-18.46292],[46.86394,-18.45762],[46.86071,-18.45285],[46.8471,-18.45842],[46.84148,-18.45258],[46.82633,-18.44723],[46.82218,-18.44381],[46.82003,-18.45663],[46.81454,-18.45537],[46.80244,-18.43846],[46.80066,-18.4307],[46.80228,-18.42613],[46.79361,-18.40728],[46.78197,-18.40465],[46.77236,-18.3983],[46.76541,-18.39995],[46.76083,-18.39481],[46.75559,-18.3941],[46.75115,-18.38939],[46.75634,-18.37833],[46.75666,-18.37143],[46.75265,-18.36749],[46.75118,-18.35575],[46.73699,-18.33625],[46.72812,-18.33126],[46.71998,-18.31856],[46.71583,-18.31725],[46.70573,-18.30187],[46.70307,-18.29122],[46.69309,-18.28158],[46.68259,-18.26024],[46.68505,-18.25607],[46.68375,-18.2492],[46.67633,-18.23883],[46.67483,-18.23212],[46.65634,-18.20671],[46.65269,-18.19272],[46.65195,-18.18002],[46.65376,-18.16708],[46.64878,-18.16357],[46.64439,-18.15074],[46.6447,-18.13357],[46.64744,-18.12518],[46.64665,-18.11629],[46.64809,-18.10495],[46.63865,-18.10236],[46.63508,-18.09766],[46.64079,-18.08746],[46.63802,-18.08522],[46.63763,-18.07684],[46.64037,-18.06942],[46.64066,-18.05578],[46.63609,-18.04384],[46.62891,-18.04343],[46.62466,-18.0244],[46.61824,-18.02343],[46.61542,-18.01529],[46.62089,-18.00978],[46.61049,-17.9907],[46.60615,-17.98716],[46.60715,-17.97734],[46.59926,-17.96876],[46.59912,-17.96345],[46.59202,-17.96104],[46.58414,-17.95054],[46.58353,-17.94156],[46.57436,-17.93261],[46.56627,-17.91923],[46.56173,-17.90446],[46.54884,-17.88066],[46.54772,-17.87236],[46.54973,-17.86675],[46.53971,-17.8537],[46.53145,-17.84103],[46.52577,-17.83829],[46.52521,-17.83354],[46.52064,-17.82931],[46.51515,-17.83164],[46.51423,-17.826],[46.50662,-17.82611],[46.49799,-17.82036],[46.50093,-17.81095],[46.49535,-17.80538],[46.49612,-17.7998],[46.50276,-17.79695],[46.49796,-17.79029],[46.50698,-17.77981],[46.51226,-17.78392],[46.51824,-17.78326],[46.52018,-17.77971],[46.50458,-17.76778],[46.50659,-17.76248],[46.51501,-17.76298],[46.51801,-17.75859],[46.52208,-17.75915],[46.52202,-17.75224],[46.52641,-17.74604],[46.52566,-17.73777],[46.52956,-17.73292],[46.53905,-17.72817],[46.5419,-17.72935],[46.54251,-17.74668],[46.54566,-17.7504],[46.55395,-17.74666],[46.55802,-17.75129],[46.56724,-17.75053],[46.57351,-17.74688],[46.59396,-17.75143],[46.60222,-17.74504],[46.61051,-17.74326],[46.61797,-17.74668],[46.62266,-17.75193],[46.62866,-17.74975],[46.63325,-17.75518],[46.6515,-17.74241],[46.65268,-17.73643],[46.65759,-17.73906],[46.6659,-17.73845],[46.67139,-17.73285],[46.67884,-17.7318],[46.68991,-17.72561],[46.71052,-17.72278],[46.71949,-17.71373],[46.72949,-17.71325],[46.73176,-17.70819],[46.74465,-17.71437],[46.75144,-17.71577],[46.76424,-17.71017],[46.77285,-17.71046],[46.77998,-17.713],[46.78453,-17.71946],[46.78745,-17.72777],[46.79267,-17.72835],[46.80051,-17.74453],[46.80217,-17.75758],[46.79867,-17.77669],[46.79937,-17.78469],[46.79791,-17.79827],[46.79902,-17.81505],[46.79677,-17.82705],[46.80549,-17.84193],[46.81198,-17.84391],[46.82399,-17.83288],[46.82975,-17.8318],[46.8309,-17.82689],[46.83803,-17.83009],[46.84438,-17.82576],[46.84479,-17.82042],[46.85801,-17.81408],[46.8659,-17.81433],[46.87212,-17.81686],[46.87452,-17.8208],[46.88356,-17.81898],[46.88628,-17.82372],[46.90399,-17.82676],[46.90858,-17.83447],[46.91428,-17.82981],[46.91863,-17.83209],[46.92168,-17.83948],[46.92718,-17.84153],[46.93665,-17.83457],[46.94155,-17.83636],[46.94793,-17.83203],[46.95237,-17.83378],[46.96309,-17.83218],[46.96825,-17.83724],[46.981,-17.83792],[46.99312,-17.81737],[47.01287,-17.84224],[47.01654,-17.84107],[47.02311,-17.84753],[47.03082,-17.86006],[47.02872,-17.86675],[47.03955,-17.87906],[47.0518,-17.87948],[47.05368,-17.87223],[47.05113,-17.8598],[47.05114,-17.84838],[47.05746,-17.82708],[47.0739,-17.81609],[47.08619,-17.80185],[47.09202,-17.79734],[47.09979,-17.78583],[47.11476,-17.78285],[47.11994,-17.78925],[47.13336,-17.7914],[47.14112,-17.79949],[47.14842,-17.79813],[47.15091,-17.79244],[47.16196,-17.79024],[47.16387,-17.7861],[47.16567,-17.7724],[47.1706,-17.76472],[47.18207,-17.75688],[47.18847,-17.75459],[47.1971,-17.75758],[47.20519,-17.76626],[47.2144,-17.76614],[47.21986,-17.76335],[47.2268,-17.76393],[47.23292,-17.75777],[47.23827,-17.7594],[47.24274,-17.75685],[47.24562,-17.74982],[47.2512,-17.75264],[47.25975,-17.74824],[47.27306,-17.74958],[47.28198,-17.75284],[47.29906,-17.76243],[47.30598,-17.7616],[47.31608,-17.76316],[47.3194,-17.76666],[47.31785,-17.77409],[47.325,-17.7786],[47.33373,-17.77834],[47.33676,-17.78363],[47.3447,-17.77896],[47.34358,-17.77458],[47.34942,-17.77825],[47.34611,-17.7829],[47.34757,-17.78914],[47.34498,-17.7924],[47.34271,-17.81181],[47.35017,-17.8335],[47.36671,-17.85575],[47.37708,-17.86508],[47.38815,-17.87192],[47.39983,-17.87594],[47.40347,-17.87903],[47.4282,-17.88505],[47.42606,-17.89787],[47.43574,-17.89841],[47.44621,-17.90448],[47.45821,-17.90794],[47.47083,-17.90435],[47.48113,-17.90393],[47.48782,-17.90939],[47.49616,-17.90941],[47.49994,-17.91568],[47.50098,-17.93273],[47.50713,-17.94123],[47.51742,-17.93489],[47.52581,-17.92721],[47.53332,-17.92769],[47.55041,-17.92109],[47.55593,-17.91578],[47.56318,-17.9032],[47.56971,-17.89687],[47.57955,-17.89637],[47.57945,-17.90583],[47.58285,-17.91915],[47.59985,-17.9169],[47.62153,-17.9108],[47.63545,-17.91083],[47.64755,-17.90945],[47.6542,-17.90583],[47.6555,-17.89192],[47.6544,-17.88062],[47.64516,-17.87144],[47.63217,-17.85584],[47.63929,-17.84407],[47.64759,-17.83859],[47.65264,-17.83104],[47.65899,-17.83155],[47.66667,-17.82152],[47.67393,-17.80934],[47.67649,-17.79375],[47.68059,-17.7854],[47.67685,-17.77608],[47.67533,-17.7665],[47.67753,-17.76068],[47.6826,-17.76414],[47.69153,-17.76607],[47.69672,-17.76314],[47.70075,-17.7645],[47.71574,-17.75926],[47.72289,-17.76528],[47.73865,-17.76986],[47.74005,-17.7763],[47.74374,-17.77814],[47.76124,-17.77886],[47.77228,-17.7731],[47.78401,-17.75697],[47.78955,-17.75132],[47.79625,-17.75104],[47.8019,-17.75524],[47.80359,-17.76173],[47.81104,-17.76178],[47.8233,-17.75476],[47.83642,-17.75076],[47.84524,-17.75881],[47.84899,-17.76462],[47.85655,-17.76614],[47.86313,-17.77018],[47.87161,-17.78427],[47.87628,-17.78954],[47.89051,-17.79457],[47.89459,-17.79745],[47.89407,-17.81076],[47.89581,-17.81977],[47.88715,-17.83354],[47.89039,-17.83726],[47.88233,-17.84695],[47.86268,-17.8557],[47.85992,-17.86217],[47.8637,-17.87318],[47.87452,-17.8763],[47.88155,-17.87438],[47.89443,-17.86353],[47.89553,-17.85822],[47.88655,-17.84878],[47.89319,-17.83802],[47.89741,-17.84845],[47.90409,-17.85669],[47.9041,-17.86113],[47.91324,-17.86116],[47.91782,-17.8741],[47.9234,-17.87457],[47.92636,-17.87877],[47.93142,-17.87963],[47.91954,-17.88617]]]}},{"type":"Feature","properties":{"code_zone":"MG12","nom_zone":"Vakinankaratra","niveau":"Région","code_parent":null,"nom_parent":null},"geometry":{"type":"Polygon","coordinates":[[[47.8605,-19.5631],[47.86244,-19.57515],[47.85799,-19.5794],[47.85984,-19.60022],[47.86314,-19.6075],[47.86087,-19.6163],[47.85395,-19.62337],[47.84988,-19.62121],[47.83734,-19.62933],[47.84023,-19.63587],[47.83968,-19.64706],[47.83667,-19.67152],[47.84273,-19.68327],[47.84112,-19.69397],[47.838,-19.6955],[47.83642,-19.70236],[47.83996,-19.70853],[47.83704,-19.71838],[47.84574,-19.72571],[47.86583,-19.73305],[47.87951,-19.74037],[47.88792,-19.74675],[47.8886,-19.75076],[47.88547,-19.76015],[47.88179,-19.76468],[47.86546,-19.76871],[47.86591,-19.78802],[47.86238,-19.8108],[47.85933,-19.81634],[47.86926,-19.82202],[47.87793,-19.82234],[47.88197,-19.82744],[47.89253,-19.83053],[47.88688,-19.83554],[47.88885,-19.83876],[47.8894,-19.85189],[47.88619,-19.85635],[47.88799,-19.86815],[47.88495,-19.87925],[47.87993,-19.88103],[47.87084,-19.87788],[47.86769,-19.87283],[47.85688,-19.86922],[47.85099,-19.86979],[47.84304,-19.85633],[47.83478,-19.85122],[47.81735,-19.84768],[47.79827,-19.83548],[47.78968,-19.84366],[47.78328,-19.85602],[47.77603,-19.86376],[47.76385,-19.86539],[47.7643,-19.87077],[47.76929,-19.88458],[47.76813,-19.89151],[47.76333,-19.90078],[47.76444,-19.90499],[47.75993,-19.90684],[47.74491,-19.92049],[47.7438,-19.92821],[47.72954,-19.93841],[47.72157,-19.93913],[47.6959,-19.93794],[47.70294,-19.95372],[47.70638,-19.95204],[47.70979,-19.95849],[47.71822,-19.96786],[47.72083,-19.97539],[47.72788,-19.97774],[47.73147,-19.99443],[47.73783,-19.99997],[47.73873,-20.00414],[47.7444,-20.00798],[47.74624,-20.01382],[47.75252,-20.01759],[47.7548,-20.02187],[47.76243,-20.02702],[47.76368,-20.03087],[47.75884,-20.03746],[47.75388,-20.04849],[47.74673,-20.05709],[47.73504,-20.05461],[47.73112,-20.05043],[47.71698,-20.04944],[47.71225,-20.04589],[47.70885,-20.04788],[47.71098,-20.05688],[47.7067,-20.05935],[47.69976,-20.06782],[47.68103,-20.06647],[47.67527,-20.06796],[47.66857,-20.0766],[47.66274,-20.08075],[47.64375,-20.08618],[47.62885,-20.09601],[47.61669,-20.09668],[47.60847,-20.08111],[47.60344,-20.07584],[47.59346,-20.07679],[47.58627,-20.07419],[47.56591,-20.06312],[47.54826,-20.05222],[47.54041,-20.0561],[47.53426,-20.0538],[47.5267,-20.05779],[47.51781,-20.05949],[47.5135,-20.06894],[47.51673,-20.07384],[47.50657,-20.07811],[47.50384,-20.07474],[47.5084,-20.06294],[47.50307,-20.06033],[47.49777,-20.05396],[47.49842,-20.04493],[47.48783,-20.04392],[47.48544,-20.04631],[47.47008,-20.03808],[47.46175,-20.04272],[47.45888,-20.04949],[47.45854,-20.06197],[47.45641,-20.07288],[47.45724,-20.08052],[47.44817,-20.0847],[47.44204,-20.08463],[47.43681,-20.07778],[47.4216,-20.0685],[47.396,-20.06377],[47.39295,-20.06606],[47.3821,-20.06199],[47.37433,-20.05244],[47.36258,-20.04473],[47.35667,-20.04388],[47.33918,-20.05318],[47.32207,-20.05575],[47.30568,-20.05183],[47.29952,-20.06353],[47.28112,-20.06075],[47.27128,-20.07365],[47.26645,-20.07313],[47.25385,-20.06562],[47.24232,-20.06913],[47.23812,-20.07819],[47.23408,-20.08026],[47.22828,-20.07072],[47.21864,-20.0725],[47.21374,-20.07867],[47.20695,-20.08035],[47.1919,-20.09045],[47.19208,-20.09902],[47.18289,-20.10963],[47.17658,-20.11372],[47.1819,-20.12173],[47.18279,-20.13516],[47.18604,-20.14678],[47.18645,-20.16235],[47.18354,-20.16538],[47.17511,-20.16175],[47.16461,-20.16004],[47.14379,-20.15971],[47.11808,-20.16258],[47.11229,-20.16728],[47.10649,-20.1643],[47.1009,-20.15683],[47.08467,-20.16386],[47.0792,-20.1597],[47.07507,-20.16156],[47.07025,-20.1699],[47.06555,-20.16202],[47.06153,-20.16601],[47.05508,-20.16279],[47.05194,-20.16661],[47.05193,-20.17684],[47.03585,-20.1897],[47.03218,-20.19466],[47.0253,-20.19465],[47.02099,-20.19783],[47.01736,-20.19435],[47.00991,-20.19489],[47.01003,-20.18241],[47.00522,-20.18473],[47.00051,-20.19975],[47.00361,-20.20788],[47.00374,-20.21839],[46.9983,-20.2243],[46.99138,-20.21563],[46.98828,-20.20705],[46.98148,-20.20044],[46.97786,-20.20049],[46.96365,-20.20908],[46.96034,-20.20862],[46.95562,-20.20039],[46.95548,-20.19474],[46.96027,-20.18907],[46.95357,-20.17392],[46.94426,-20.16609],[46.93495,-20.17662],[46.9291,-20.17679],[46.92954,-20.18401],[46.92595,-20.18892],[46.91956,-20.18754],[46.91179,-20.19135],[46.91336,-20.19989],[46.90288,-20.20947],[46.8949,-20.21153],[46.89933,-20.2169],[46.89764,-20.22675],[46.89414,-20.22932],[46.88683,-20.22896],[46.88873,-20.23617],[46.87767,-20.2325],[46.87325,-20.23564],[46.86715,-20.24522],[46.86648,-20.2502],[46.86995,-20.25288],[46.86203,-20.25843],[46.86566,-20.26389],[46.86396,-20.26872],[46.85497,-20.26356],[46.85052,-20.2644],[46.84405,-20.2567],[46.83933,-20.25534],[46.83961,-20.2497],[46.83088,-20.25202],[46.82767,-20.25918],[46.82362,-20.26066],[46.82191,-20.26686],[46.81697,-20.27112],[46.82088,-20.27331],[46.81709,-20.27838],[46.81264,-20.27721],[46.80558,-20.26803],[46.79874,-20.26996],[46.79908,-20.27307],[46.80536,-20.27451],[46.79293,-20.27839],[46.78103,-20.27633],[46.78019,-20.26868],[46.7644,-20.26885],[46.76287,-20.26288],[46.75476,-20.26178],[46.75226,-20.25603],[46.7571,-20.24726],[46.7547,-20.24469],[46.74705,-20.24589],[46.73891,-20.2378],[46.74331,-20.23227],[46.74098,-20.22451],[46.73356,-20.2252],[46.73209,-20.23488],[46.72854,-20.2375],[46.73516,-20.24812],[46.73758,-20.25685],[46.74396,-20.25948],[46.74189,-20.26564],[46.73196,-20.26932],[46.70833,-20.2686],[46.69122,-20.26332],[46.66941,-20.25904],[46.65913,-20.24965],[46.65145,-20.2522],[46.64774,-20.24836],[46.64126,-20.2511],[46.633,-20.2501],[46.62406,-20.25798],[46.61295,-20.26238],[46.59317,-20.26615],[46.5778,-20.2621],[46.56721,-20.26647],[46.55086,-20.26653],[46.54363,-20.26405],[46.52636,-20.26379],[46.51587,-20.2655],[46.50856,-20.2579],[46.51275,-20.25205],[46.50551,-20.24422],[46.50167,-20.25213],[46.48715,-20.2461],[46.48252,-20.24843],[46.47021,-20.2485],[46.45425,-20.23936],[46.44701,-20.22442],[46.4474,-20.2188],[46.44317,-20.21432],[46.43522,-20.21695],[46.42932,-20.2265],[46.4237,-20.22932],[46.40938,-20.23],[46.40106,-20.23574],[46.38834,-20.24009],[46.38325,-20.23824],[46.37812,-20.24212],[46.37556,-20.24808],[46.36852,-20.24901],[46.35578,-20.24073],[46.3496,-20.23919],[46.34037,-20.23093],[46.33138,-20.22685],[46.32293,-20.22612],[46.31371,-20.2276],[46.31136,-20.22405],[46.30042,-20.22641],[46.29713,-20.2219],[46.28676,-20.21525],[46.28265,-20.20813],[46.2739,-20.20557],[46.26956,-20.20222],[46.25191,-20.18026],[46.25023,-20.16793],[46.25128,-20.15316],[46.25311,-20.14977],[46.26244,-20.15048],[46.26969,-20.14813],[46.27459,-20.15269],[46.28322,-20.15429],[46.2911,-20.14753],[46.28874,-20.13919],[46.29024,-20.13049],[46.28004,-20.13003],[46.27489,-20.12187],[46.27244,-20.11053],[46.27343,-20.10101],[46.26205,-20.09755],[46.25788,-20.09378],[46.25929,-20.08822],[46.26367,-20.08748],[46.2789,-20.0909],[46.28513,-20.0869],[46.28035,-20.08184],[46.28206,-20.07572],[46.28638,-20.07214],[46.28496,-20.06522],[46.27479,-20.05983],[46.27376,-20.0462],[46.26542,-20.04064],[46.26284,-20.03368],[46.25615,-20.02846],[46.24932,-20.02974],[46.23556,-20.02119],[46.22532,-20.00568],[46.21522,-20.00543],[46.21139,-20.01249],[46.2139,-20.02268],[46.21267,-20.02789],[46.20125,-20.04133],[46.18938,-20.04237],[46.18493,-20.04673],[46.17492,-20.05182],[46.16288,-20.0616],[46.15762,-20.07193],[46.14949,-20.08434],[46.14403,-20.08465],[46.13825,-20.07991],[46.13562,-20.06891],[46.13944,-20.06387],[46.14192,-20.05164],[46.13432,-20.03948],[46.12014,-20.03085],[46.10538,-20.03183],[46.09,-20.0275],[46.08377,-20.02228],[46.08191,-20.01781],[46.08194,-20.00739],[46.07547,-20.00613],[46.07221,-19.99823],[46.07358,-19.99169],[46.07029,-19.97242],[46.05686,-19.95083],[46.0484,-19.94888],[46.02036,-19.9535],[46.01227,-19.94264],[46.00651,-19.93839],[46.00437,-19.93346],[45.99832,-19.92829],[45.98942,-19.92908],[45.97984,-19.92423],[45.96953,-19.92645],[45.96273,-19.92489],[45.95164,-19.92986],[45.9404,-19.9324],[45.93199,-19.93267],[45.92765,-19.9288],[45.91987,-19.92665],[45.90344,-19.92491],[45.89368,-19.91519],[45.88689,-19.91197],[45.87529,-19.90361],[45.8634,-19.89855],[45.85832,-19.89981],[45.85393,-19.90968],[45.84765,-19.91386],[45.83866,-19.91375],[45.83244,-19.91862],[45.82557,-19.91825],[45.81795,-19.9149],[45.80688,-19.91427],[45.78923,-19.89686],[45.78172,-19.88736],[45.77153,-19.88141],[45.77441,-19.87592],[45.77642,-19.86497],[45.78573,-19.86234],[45.79906,-19.85483],[45.80055,-19.84752],[45.79662,-19.83848],[45.80032,-19.83001],[45.7981,-19.82639],[45.80366,-19.81865],[45.80391,-19.80973],[45.81577,-19.80003],[45.81853,-19.79466],[45.82792,-19.78923],[45.8309,-19.78278],[45.82764,-19.77957],[45.82959,-19.77586],[45.82271,-19.76593],[45.81209,-19.75388],[45.80505,-19.73703],[45.80309,-19.71876],[45.80618,-19.70915],[45.82041,-19.70199],[45.82857,-19.69193],[45.83013,-19.68136],[45.83999,-19.67773],[45.83566,-19.67252],[45.83201,-19.66182],[45.83479,-19.65668],[45.83536,-19.64751],[45.83757,-19.64555],[45.83134,-19.63775],[45.8309,-19.63102],[45.82492,-19.62773],[45.82334,-19.61734],[45.81781,-19.60962],[45.82321,-19.59443],[45.82836,-19.59019],[45.83074,-19.58391],[45.82595,-19.56939],[45.82025,-19.56586],[45.81186,-19.56555],[45.80561,-19.56155],[45.79597,-19.56459],[45.79218,-19.55694],[45.79085,-19.54907],[45.784,-19.54295],[45.78089,-19.53605],[45.78776,-19.52024],[45.79251,-19.51651],[45.79685,-19.49524],[45.79614,-19.48708],[45.78846,-19.48302],[45.78563,-19.47485],[45.78174,-19.47141],[45.78411,-19.45576],[45.78781,-19.45139],[45.79283,-19.45143],[45.79325,-19.44537],[45.79991,-19.44083],[45.80435,-19.44068],[45.8067,-19.45234],[45.81093,-19.45743],[45.81853,-19.45082],[45.84227,-19.45121],[45.85071,-19.4469],[45.8552,-19.441],[45.86403,-19.43456],[45.88281,-19.4253],[45.88874,-19.4171],[45.89269,-19.41726],[45.89841,-19.424],[45.89771,-19.43378],[45.90004,-19.44009],[45.91063,-19.45261],[45.91919,-19.44961],[45.92153,-19.44104],[45.92917,-19.4406],[45.93896,-19.43559],[45.946,-19.42525],[45.9467,-19.41953],[45.95923,-19.41549],[45.97817,-19.42771],[45.99023,-19.41929],[45.99139,-19.41615],[46.00226,-19.40529],[46.00561,-19.40566],[46.01011,-19.41252],[46.01355,-19.41316],[46.02802,-19.40768],[46.03184,-19.41049],[46.03034,-19.41517],[46.05038,-19.41973],[46.0585,-19.42515],[46.08612,-19.42449],[46.09677,-19.42691],[46.09999,-19.43439],[46.10741,-19.44051],[46.11617,-19.44402],[46.13033,-19.44162],[46.13522,-19.43611],[46.13796,-19.42905],[46.14456,-19.42819],[46.14578,-19.42383],[46.14292,-19.41352],[46.14744,-19.40755],[46.15333,-19.4059],[46.15545,-19.40081],[46.16311,-19.40203],[46.17003,-19.40218],[46.18301,-19.40646],[46.18812,-19.41889],[46.19739,-19.42276],[46.20386,-19.42897],[46.21247,-19.42847],[46.21419,-19.42211],[46.21774,-19.42105],[46.22454,-19.42501],[46.22798,-19.42126],[46.23503,-19.4222],[46.24379,-19.41934],[46.25227,-19.42406],[46.26193,-19.41827],[46.27146,-19.41698],[46.28182,-19.41107],[46.29279,-19.41278],[46.29895,-19.41081],[46.30409,-19.41298],[46.30526,-19.42007],[46.32448,-19.42166],[46.33543,-19.4202],[46.34323,-19.4148],[46.35197,-19.39998],[46.36288,-19.39585],[46.36804,-19.39712],[46.37503,-19.40297],[46.38505,-19.39333],[46.3865,-19.38752],[46.39657,-19.38227],[46.39849,-19.37757],[46.40321,-19.37755],[46.40574,-19.373],[46.41317,-19.37338],[46.41615,-19.37688],[46.42378,-19.3785],[46.42821,-19.37237],[46.43329,-19.37026],[46.45039,-19.38353],[46.45293,-19.39804],[46.46318,-19.40313],[46.4668,-19.40217],[46.46386,-19.39707],[46.47202,-19.38874],[46.48191,-19.38325],[46.49231,-19.38351],[46.49957,-19.38637],[46.50591,-19.38464],[46.51024,-19.38701],[46.51244,-19.39426],[46.52013,-19.3996],[46.52851,-19.39485],[46.54071,-19.40042],[46.5613,-19.41321],[46.56553,-19.40786],[46.5755,-19.41022],[46.58212,-19.40581],[46.5974,-19.40277],[46.59934,-19.39607],[46.6055,-19.39266],[46.61219,-19.37969],[46.61133,-19.36252],[46.6244,-19.36586],[46.62456,-19.35426],[46.63945,-19.35221],[46.63671,-19.34862],[46.64885,-19.34851],[46.65103,-19.34241],[46.66185,-19.33817],[46.66341,-19.33193],[46.66904,-19.32958],[46.67545,-19.33163],[46.66981,-19.32039],[46.68426,-19.31785],[46.68709,-19.30959],[46.69457,-19.31452],[46.69299,-19.32025],[46.70996,-19.31338],[46.71653,-19.32013],[46.72079,-19.31963],[46.71826,-19.31534],[46.72303,-19.30918],[46.72659,-19.31085],[46.73138,-19.30546],[46.73782,-19.30758],[46.74375,-19.30485],[46.74072,-19.30076],[46.74386,-19.29871],[46.74774,-19.30233],[46.75445,-19.29974],[46.76943,-19.28389],[46.7664,-19.27955],[46.77511,-19.27069],[46.76696,-19.26733],[46.76581,-19.26319],[46.7695,-19.26035],[46.77691,-19.26438],[46.77682,-19.25985],[46.78781,-19.25802],[46.80135,-19.24673],[46.80826,-19.24663],[46.81348,-19.24927],[46.81277,-19.24367],[46.81699,-19.24506],[46.82055,-19.23578],[46.82867,-19.23681],[46.82398,-19.22938],[46.82737,-19.21902],[46.83304,-19.2191],[46.8354,-19.2237],[46.83565,-19.21359],[46.84954,-19.21581],[46.85339,-19.21891],[46.86044,-19.21928],[46.86098,-19.22509],[46.86516,-19.22925],[46.87063,-19.22892],[46.87002,-19.23364],[46.88423,-19.22589],[46.89363,-19.2293],[46.89766,-19.22723],[46.89695,-19.23386],[46.90241,-19.23553],[46.90512,-19.22897],[46.91747,-19.23385],[46.91353,-19.21848],[46.9157,-19.21131],[46.92602,-19.20978],[46.94224,-19.19402],[46.9464,-19.19503],[46.95056,-19.19054],[46.96541,-19.1993],[46.97677,-19.20312],[46.98287,-19.20127],[46.98817,-19.1963],[46.9947,-19.19428],[47.0018,-19.19948],[47.0123,-19.20133],[47.01971,-19.19943],[47.03676,-19.20653],[47.04623,-19.22459],[47.05155,-19.23025],[47.06395,-19.23476],[47.06946,-19.24275],[47.0648,-19.25448],[47.06278,-19.27029],[47.06385,-19.27839],[47.05985,-19.2842],[47.06056,-19.29489],[47.06277,-19.29805],[47.07452,-19.30208],[47.06776,-19.31241],[47.0691,-19.3223],[47.07292,-19.3235],[47.08031,-19.33208],[47.09223,-19.33525],[47.09694,-19.34468],[47.10045,-19.34746],[47.10874,-19.34816],[47.12411,-19.34636],[47.13675,-19.34608],[47.14805,-19.34941],[47.15429,-19.34918],[47.16535,-19.35191],[47.17122,-19.35512],[47.17874,-19.36475],[47.1971,-19.37295],[47.21095,-19.37649],[47.22424,-19.37764],[47.23392,-19.37166],[47.23644,-19.35743],[47.24139,-19.35229],[47.24498,-19.34264],[47.24421,-19.33631],[47.24596,-19.321],[47.24402,-19.31396],[47.25291,-19.3045],[47.25805,-19.29332],[47.25771,-19.28988],[47.26437,-19.27752],[47.26615,-19.2804],[47.2751,-19.28248],[47.28529,-19.28974],[47.29763,-19.29459],[47.30846,-19.29045],[47.33038,-19.29077],[47.33127,-19.28352],[47.32666,-19.27792],[47.3347,-19.26818],[47.33787,-19.27408],[47.33388,-19.27837],[47.33412,-19.28263],[47.34547,-19.28692],[47.37043,-19.2889],[47.38444,-19.28867],[47.38678,-19.28519],[47.39781,-19.2814],[47.40257,-19.28256],[47.41018,-19.27398],[47.41908,-19.27383],[47.4282,-19.269],[47.42477,-19.26002],[47.41171,-19.26052],[47.40596,-19.25336],[47.40558,-19.24841],[47.41045,-19.24273],[47.42307,-19.24532],[47.42769,-19.25354],[47.4317,-19.2564],[47.44322,-19.25307],[47.44706,-19.24066],[47.44354,-19.23356],[47.44642,-19.22804],[47.44368,-19.2238],[47.44618,-19.21845],[47.44253,-19.21176],[47.44701,-19.20426],[47.46325,-19.20537],[47.46443,-19.20204],[47.46098,-19.19397],[47.46411,-19.17809],[47.46023,-19.1667],[47.45647,-19.14445],[47.4593,-19.14052],[47.46903,-19.13992],[47.47138,-19.13363],[47.46731,-19.1299],[47.47253,-19.12592],[47.47943,-19.1168],[47.48684,-19.11852],[47.49511,-19.11534],[47.49916,-19.12016],[47.50545,-19.12272],[47.50522,-19.13013],[47.51502,-19.1301],[47.5313,-19.13932],[47.52827,-19.14076],[47.51587,-19.15297],[47.5149,-19.15927],[47.50901,-19.17359],[47.50567,-19.1936],[47.50729,-19.1981],[47.50885,-19.21603],[47.51808,-19.22238],[47.52825,-19.22678],[47.5388,-19.24073],[47.54064,-19.24916],[47.54296,-19.24893],[47.54269,-19.25871],[47.54563,-19.26317],[47.5399,-19.27063],[47.54028,-19.27526],[47.53577,-19.28908],[47.54569,-19.29829],[47.55513,-19.3004],[47.55502,-19.31142],[47.55073,-19.31328],[47.54866,-19.32281],[47.55081,-19.3295],[47.56616,-19.34497],[47.56932,-19.35096],[47.57232,-19.36288],[47.58496,-19.38252],[47.58446,-19.38769],[47.59306,-19.39864],[47.59855,-19.38467],[47.6084,-19.38468],[47.61222,-19.39763],[47.61663,-19.40074],[47.6162,-19.40638],[47.62855,-19.41109],[47.63455,-19.41856],[47.64037,-19.41941],[47.64848,-19.41563],[47.66357,-19.42485],[47.66983,-19.42471],[47.67775,-19.42074],[47.69169,-19.42637],[47.70696,-19.42209],[47.70932,-19.4261],[47.70805,-19.43241],[47.71272,-19.44287],[47.7173,-19.44489],[47.72738,-19.43983],[47.73353,-19.44341],[47.73471,-19.4482],[47.74873,-19.45952],[47.74993,-19.47054],[47.75613,-19.47683],[47.76169,-19.47612],[47.76721,-19.48096],[47.7725,-19.47984],[47.7737,-19.47363],[47.76452,-19.46883],[47.77267,-19.46272],[47.77561,-19.46794],[47.7832,-19.47289],[47.78271,-19.4798],[47.77851,-19.48575],[47.78691,-19.49384],[47.78542,-19.50181],[47.79544,-19.5103],[47.80369,-19.51435],[47.80907,-19.51471],[47.81878,-19.52233],[47.8197,-19.52837],[47.82363,-19.53309],[47.82195,-19.53613],[47.82601,-19.5445],[47.8245,-19.54823],[47.83432,-19.5519],[47.83589,-19.55677],[47.85288,-19.55504],[47.8573,-19.55963],[47.8605,-19.5631]]]}},{"type":"Feature","properties":{"code_zone":"MG13","nom_zone":"Itasy","niveau":"Région","code_parent":null,"nom_parent":null},"geometry":{"type":"Polygon","coordinates":[[[47.09699,-18.71997],[47.09991,-18.71988],[47.11746,-18.72822],[47.12379,-18.72669],[47.1281,-18.72893],[47.13679,-18.72552],[47.13724,-18.73819],[47.14186,-18.75047],[47.13983,-18.75733],[47.15701,-18.75476],[47.17079,-18.75398],[47.1708,-18.76158],[47.18307,-18.76311],[47.18967,-18.75889],[47.18981,-18.7645],[47.19862,-18.76929],[47.21391,-18.76945],[47.23263,-18.76717],[47.23649,-18.76863],[47.25129,-18.7688],[47.2574,-18.77841],[47.27035,-18.78225],[47.27147,-18.78776],[47.28566,-18.79368],[47.29632,-18.79264],[47.30805,-18.78969],[47.31464,-18.79568],[47.31962,-18.7923],[47.32099,-18.80403],[47.31821,-18.81572],[47.33349,-18.83207],[47.34482,-18.83579],[47.34484,-18.85062],[47.34686,-18.8568],[47.33496,-18.85419],[47.32789,-18.85521],[47.33188,-18.85927],[47.32809,-18.86022],[47.32497,-18.86753],[47.32521,-18.87281],[47.3289,-18.87486],[47.32495,-18.8777],[47.32996,-18.89294],[47.3338,-18.89762],[47.35431,-18.91004],[47.35509,-18.90656],[47.36513,-18.9078],[47.36705,-18.91195],[47.37291,-18.91105],[47.38249,-18.91736],[47.39173,-18.91423],[47.40114,-18.91727],[47.40462,-18.92139],[47.40172,-18.9296],[47.40803,-18.93245],[47.41204,-18.94316],[47.41617,-18.94523],[47.41425,-18.95115],[47.41874,-18.95824],[47.4186,-18.96446],[47.41279,-18.96958],[47.4189,-18.98507],[47.426,-18.9892],[47.43711,-18.99066],[47.4325,-18.99741],[47.43578,-19.00642],[47.43314,-19.01288],[47.43565,-19.02429],[47.44252,-19.02893],[47.44198,-19.04579],[47.43912,-19.05015],[47.44328,-19.05596],[47.44432,-19.063],[47.44902,-19.0638],[47.45047,-19.07074],[47.46283,-19.07338],[47.4601,-19.0817],[47.4496,-19.09322],[47.44954,-19.10866],[47.45534,-19.11603],[47.45867,-19.12786],[47.46731,-19.1299],[47.47138,-19.13363],[47.46903,-19.13992],[47.4593,-19.14052],[47.45647,-19.14445],[47.46023,-19.1667],[47.46411,-19.17809],[47.46098,-19.19397],[47.46443,-19.20204],[47.46325,-19.20537],[47.44701,-19.20426],[47.44253,-19.21176],[47.44618,-19.21845],[47.44368,-19.2238],[47.44642,-19.22804],[47.44354,-19.23356],[47.44706,-19.24066],[47.44322,-19.25307],[47.4317,-19.2564],[47.42769,-19.25354],[47.42307,-19.24532],[47.41045,-19.24273],[47.40558,-19.24841],[47.40596,-19.25336],[47.41171,-19.26052],[47.42477,-19.26002],[47.4282,-19.269],[47.41908,-19.27383],[47.41018,-19.27398],[47.40257,-19.28256],[47.39781,-19.2814],[47.38678,-19.28519],[47.38444,-19.28867],[47.37043,-19.2889],[47.34547,-19.28692],[47.33412,-19.28263],[47.33388,-19.27837],[47.33787,-19.27408],[47.3347,-19.26818],[47.32666,-19.27792],[47.33127,-19.28352],[47.33038,-19.29077],[47.30846,-19.29045],[47.29763,-19.29459],[47.28529,-19.28974],[47.2751,-19.28248],[47.26615,-19.2804],[47.26437,-19.27752],[47.25771,-19.28988],[47.25805,-19.29332],[47.25291,-19.3045],[47.24402,-19.31396],[47.24596,-19.321],[47.24421,-19.33631],[47.24498,-19.34264],[47.24139,-19.35229],[47.23644,-19.35743],[47.23392,-19.37166],[47.22424,-19.37764],[47.21095,-19.37649],[47.1971,-19.37295],[47.17874,-19.36475],[47.17122,-19.35512],[47.16535,-19.35191],[47.15429,-19.34918],[47.14805,-19.34941],[47.13675,-19.34608],[47.12411,-19.34636],[47.10874,-19.34816],[47.10045,-19.34746],[47.09694,-19.34468],[47.09223,-19.33525],[47.08031,-19.33208],[47.07292,-19.3235],[47.0691,-19.3223],[47.06776,-19.31241],[47.07452,-19.30208],[47.06277,-19.29805],[47.06056,-19.29489],[47.05985,-19.2842],[47.06385,-19.27839],[47.06278,-19.27029],[47.0648,-19.25448],[47.06946,-19.24275],[47.06395,-19.23476],[47.05155,-19.23025],[47.04623,-19.22459],[47.03676,-19.20653],[47.01971,-19.19943],[47.0123,-19.20133],[47.0018,-19.19948],[46.9947,-19.19428],[46.98817,-19.1963],[46.98287,-19.20127],[46.97677,-19.20312],[46.96541,-19.1993],[46.95056,-19.19054],[46.9464,-19.19503],[46.94224,-19.19402],[46.92602,-19.20978],[46.9157,-19.21131],[46.91353,-19.21848],[46.91747,-19.23385],[46.90512,-19.22897],[46.90241,-19.23553],[46.89695,-19.23386],[46.89766,-19.22723],[46.89363,-19.2293],[46.88423,-19.22589],[46.87002,-19.23364],[46.87063,-19.22892],[46.86516,-19.22925],[46.86098,-19.22509],[46.86044,-19.21928],[46.85339,-19.21891],[46.84954,-19.21581],[46.83565,-19.21359],[46.8354,-19.2237],[46.83304,-19.2191],[46.82737,-19.21902],[46.82398,-19.22938],[46.82867,-19.23681],[46.82055,-19.23578],[46.81699,-19.24506],[46.81277,-19.24367],[46.81348,-19.24927],[46.80826,-19.24663],[46.80135,-19.24673],[46.78781,-19.25802],[46.77682,-19.25985],[46.77691,-19.26438],[46.7695,-19.26035],[46.76581,-19.26319],[46.76696,-19.26733],[46.77511,-19.27069],[46.7664,-19.27955],[46.76943,-19.28389],[46.75445,-19.29974],[46.74774,-19.30233],[46.74386,-19.29871],[46.74072,-19.30076],[46.74375,-19.30485],[46.73782,-19.30758],[46.73138,-19.30546],[46.72659,-19.31085],[46.72303,-19.30918],[46.71826,-19.31534],[46.72079,-19.31963],[46.71653,-19.32013],[46.70996,-19.31338],[46.69299,-19.32025],[46.69457,-19.31452],[46.68709,-19.30959],[46.68426,-19.31785],[46.66981,-19.32039],[46.67545,-19.33163],[46.66904,-19.32958],[46.66341,-19.33193],[46.66185,-19.33817],[46.65103,-19.34241],[46.64885,-19.34851],[46.63671,-19.34862],[46.63945,-19.35221],[46.62456,-19.35426],[46.6244,-19.36586],[46.61133,-19.36252],[46.61219,-19.37969],[46.6055,-19.39266],[46.59934,-19.39607],[46.5974,-19.40277],[46.58212,-19.40581],[46.5755,-19.41022],[46.56553,-19.40786],[46.5613,-19.41321],[46.54071,-19.40042],[46.52851,-19.39485],[46.52013,-19.3996],[46.51244,-19.39426],[46.51024,-19.38701],[46.50591,-19.38464],[46.49957,-19.38637],[46.49231,-19.38351],[46.48191,-19.38325],[46.47202,-19.38874],[46.46386,-19.39707],[46.4668,-19.40217],[46.46318,-19.40313],[46.45293,-19.39804],[46.45039,-19.38353],[46.43329,-19.37026],[46.42821,-19.37237],[46.42378,-19.3785],[46.41615,-19.37688],[46.41317,-19.37338],[46.40574,-19.373],[46.40321,-19.37755],[46.39849,-19.37757],[46.39657,-19.38227],[46.3865,-19.38752],[46.38505,-19.39333],[46.37503,-19.40297],[46.36804,-19.39712],[46.36288,-19.39585],[46.35197,-19.39998],[46.34323,-19.4148],[46.33543,-19.4202],[46.32448,-19.42166],[46.30526,-19.42007],[46.30409,-19.41298],[46.29895,-19.41081],[46.29279,-19.41278],[46.28182,-19.41107],[46.27146,-19.41698],[46.26193,-19.41827],[46.25227,-19.42406],[46.24379,-19.41934],[46.23503,-19.4222],[46.22798,-19.42126],[46.22454,-19.42501],[46.21774,-19.42105],[46.21419,-19.42211],[46.21247,-19.42847],[46.20386,-19.42897],[46.19739,-19.42276],[46.18812,-19.41889],[46.18301,-19.40646],[46.17003,-19.40218],[46.16311,-19.40203],[46.1739,-19.38559],[46.17333,-19.37949],[46.1852,-19.37403],[46.18149,-19.36606],[46.18572,-19.3579],[46.1903,-19.35586],[46.19907,-19.36722],[46.2065,-19.36795],[46.21053,-19.37128],[46.21603,-19.36642],[46.22313,-19.367],[46.22859,-19.35946],[46.23044,-19.35096],[46.2367,-19.35239],[46.24028,-19.348],[46.24621,-19.35006],[46.2608,-19.34251],[46.26305,-19.33635],[46.26166,-19.32671],[46.2588,-19.32212],[46.27001,-19.31257],[46.27079,-19.30494],[46.27992,-19.29888],[46.28464,-19.29961],[46.30328,-19.29588],[46.30247,-19.29052],[46.3078,-19.29413],[46.3194,-19.28524],[46.32279,-19.28103],[46.32091,-19.27531],[46.30753,-19.26954],[46.299,-19.26388],[46.2914,-19.26538],[46.28859,-19.25273],[46.2978,-19.24482],[46.30748,-19.25165],[46.31321,-19.24696],[46.31867,-19.24669],[46.32399,-19.23487],[46.31266,-19.232],[46.31879,-19.22726],[46.32674,-19.22468],[46.33216,-19.21999],[46.33789,-19.22242],[46.34393,-19.21985],[46.3397,-19.21046],[46.33972,-19.20268],[46.33548,-19.20031],[46.33993,-19.19596],[46.33909,-19.19096],[46.3446,-19.18857],[46.35315,-19.19528],[46.35555,-19.19439],[46.35624,-19.17705],[46.36187,-19.17103],[46.36931,-19.15651],[46.38287,-19.15578],[46.39085,-19.14787],[46.39785,-19.14713],[46.40021,-19.14138],[46.39497,-19.1346],[46.40303,-19.12854],[46.4124,-19.12569],[46.4175,-19.1204],[46.41686,-19.11397],[46.42142,-19.10883],[46.42417,-19.10166],[46.42973,-19.09929],[46.44192,-19.1021],[46.44436,-19.09994],[46.44369,-19.08943],[46.45168,-19.08867],[46.45267,-19.08331],[46.46295,-19.08755],[46.47836,-19.08562],[46.4896,-19.08778],[46.50285,-19.08548],[46.5107,-19.0897],[46.51334,-19.09446],[46.52683,-19.10594],[46.53432,-19.11005],[46.53894,-19.10638],[46.55015,-19.10784],[46.55685,-19.10181],[46.55778,-19.09311],[46.56317,-19.08023],[46.57041,-19.07296],[46.57554,-19.06253],[46.57195,-19.06148],[46.55759,-19.06276],[46.55077,-19.06053],[46.54704,-19.05078],[46.54518,-19.04096],[46.54786,-19.02799],[46.55943,-19.02314],[46.54938,-19.01255],[46.54716,-19.00781],[46.54822,-19.00021],[46.54191,-19.00205],[46.53819,-18.99587],[46.53371,-18.99575],[46.52748,-19.00157],[46.50951,-18.99757],[46.49992,-18.9919],[46.50452,-18.99153],[46.50328,-18.98764],[46.49724,-18.98934],[46.48967,-18.98581],[46.48596,-18.98063],[46.48712,-18.97033],[46.48672,-18.9557],[46.4889,-18.95197],[46.49533,-18.95406],[46.49625,-18.95967],[46.50142,-18.96243],[46.50352,-18.96778],[46.51104,-18.97217],[46.51391,-18.96716],[46.52358,-18.96688],[46.51734,-18.95815],[46.51589,-18.95164],[46.5105,-18.94624],[46.51712,-18.94571],[46.51478,-18.94054],[46.52099,-18.93815],[46.52077,-18.93473],[46.52881,-18.93043],[46.53574,-18.92429],[46.53449,-18.91498],[46.53924,-18.91268],[46.54211,-18.90341],[46.54199,-18.89698],[46.55625,-18.89085],[46.5581,-18.88496],[46.55288,-18.87667],[46.55297,-18.86987],[46.54773,-18.86817],[46.55067,-18.86272],[46.54828,-18.85776],[46.55917,-18.84952],[46.55926,-18.84221],[46.5624,-18.83768],[46.55624,-18.83321],[46.56878,-18.82855],[46.56885,-18.82408],[46.56147,-18.81973],[46.56586,-18.80962],[46.56481,-18.7962],[46.55552,-18.78948],[46.55275,-18.78072],[46.54057,-18.78418],[46.53347,-18.77665],[46.53131,-18.75933],[46.52389,-18.75413],[46.52652,-18.74973],[46.52388,-18.74437],[46.53018,-18.74465],[46.53016,-18.73656],[46.52775,-18.72751],[46.5335,-18.71178],[46.5335,-18.69482],[46.53084,-18.69079],[46.53008,-18.67302],[46.52823,-18.66934],[46.52198,-18.66679],[46.51396,-18.65925],[46.50621,-18.65708],[46.50054,-18.64587],[46.50467,-18.64898],[46.51591,-18.65102],[46.52559,-18.65563],[46.53422,-18.65593],[46.54325,-18.65958],[46.54473,-18.6717],[46.54847,-18.67513],[46.56796,-18.67967],[46.58375,-18.6796],[46.60074,-18.67643],[46.60359,-18.68105],[46.61571,-18.67781],[46.62729,-18.68038],[46.63235,-18.67794],[46.66317,-18.66813],[46.67648,-18.66547],[46.68677,-18.66952],[46.69425,-18.66295],[46.70399,-18.66727],[46.71761,-18.66471],[46.72188,-18.66791],[46.73522,-18.68422],[46.74648,-18.69241],[46.75741,-18.69578],[46.76592,-18.7031],[46.7677,-18.71039],[46.77699,-18.70997],[46.77902,-18.71587],[46.78558,-18.71731],[46.79625,-18.71302],[46.814,-18.71109],[46.81732,-18.7054],[46.83252,-18.70169],[46.84429,-18.70572],[46.85171,-18.69443],[46.85898,-18.6919],[46.86722,-18.69851],[46.87596,-18.69746],[46.88145,-18.70598],[46.89148,-18.71142],[46.89235,-18.71855],[46.8982,-18.72172],[46.90631,-18.73233],[46.91807,-18.74015],[46.92382,-18.73909],[46.92488,-18.73117],[46.9282,-18.72759],[46.94262,-18.73229],[46.97504,-18.73827],[46.98241,-18.74525],[46.99175,-18.7431],[46.99447,-18.7359],[47.00355,-18.72973],[47.01507,-18.732],[47.01847,-18.72688],[47.02797,-18.7335],[47.03091,-18.73111],[47.04724,-18.73174],[47.05635,-18.73007],[47.07053,-18.7339],[47.0816,-18.73289],[47.08644,-18.73067],[47.08842,-18.71919],[47.09199,-18.71326],[47.09699,-18.71997]]]}},{"type":"Feature","properties":{"code_zone":"MG14","nom_zone":"Bongolava","niveau":"Région","code_parent":null,"nom_parent":null},"geometry":{"type":"Polygon","coordinates":[[[46.52018,-17.77971],[46.51824,-17.78326],[46.51226,-17.78392],[46.50698,-17.77981],[46.49796,-17.79029],[46.50276,-17.79695],[46.49612,-17.7998],[46.49535,-17.80538],[46.50093,-17.81095],[46.49799,-17.82036],[46.50662,-17.82611],[46.51423,-17.826],[46.51515,-17.83164],[46.52064,-17.82931],[46.52521,-17.83354],[46.52577,-17.83829],[46.53145,-17.84103],[46.53971,-17.8537],[46.54973,-17.86675],[46.54772,-17.87236],[46.54884,-17.88066],[46.56173,-17.90446],[46.56627,-17.91923],[46.57436,-17.93261],[46.58353,-17.94156],[46.58414,-17.95054],[46.59202,-17.96104],[46.59912,-17.96345],[46.59926,-17.96876],[46.60715,-17.97734],[46.60615,-17.98716],[46.61049,-17.9907],[46.62089,-18.00978],[46.61542,-18.01529],[46.61824,-18.02343],[46.62466,-18.0244],[46.62891,-18.04343],[46.63609,-18.04384],[46.64066,-18.05578],[46.64037,-18.06942],[46.63763,-18.07684],[46.63802,-18.08522],[46.64079,-18.08746],[46.63508,-18.09766],[46.63865,-18.10236],[46.64809,-18.10495],[46.64665,-18.11629],[46.64744,-18.12518],[46.6447,-18.13357],[46.64439,-18.15074],[46.64878,-18.16357],[46.65376,-18.16708],[46.65195,-18.18002],[46.65269,-18.19272],[46.65634,-18.20671],[46.67483,-18.23212],[46.67633,-18.23883],[46.68375,-18.2492],[46.68505,-18.25607],[46.68259,-18.26024],[46.69309,-18.28158],[46.70307,-18.29122],[46.70573,-18.30187],[46.71583,-18.31725],[46.71998,-18.31856],[46.72812,-18.33126],[46.73699,-18.33625],[46.75118,-18.35575],[46.75265,-18.36749],[46.75666,-18.37143],[46.75634,-18.37833],[46.75115,-18.38939],[46.75559,-18.3941],[46.76083,-18.39481],[46.76541,-18.39995],[46.77236,-18.3983],[46.78197,-18.40465],[46.79361,-18.40728],[46.80228,-18.42613],[46.80066,-18.4307],[46.80244,-18.43846],[46.81454,-18.45537],[46.82003,-18.45663],[46.82218,-18.44381],[46.82633,-18.44723],[46.84148,-18.45258],[46.8471,-18.45842],[46.86071,-18.45285],[46.86394,-18.45762],[46.87324,-18.46292],[46.88543,-18.46046],[46.89479,-18.47308],[46.90693,-18.47984],[46.91398,-18.48184],[46.91459,-18.47279],[46.91735,-18.4705],[46.92788,-18.47335],[46.93237,-18.49466],[46.93532,-18.49952],[46.94099,-18.49661],[46.94637,-18.4984],[46.95698,-18.49768],[46.96081,-18.50239],[46.95657,-18.51312],[46.96099,-18.52108],[46.96441,-18.53576],[46.97303,-18.55074],[46.97384,-18.56365],[46.97877,-18.57406],[46.98603,-18.58344],[47.00667,-18.60247],[47.00642,-18.59781],[47.01291,-18.59846],[47.02135,-18.60443],[47.02118,-18.61021],[47.02667,-18.6136],[47.02518,-18.62151],[47.03461,-18.63548],[47.03859,-18.64563],[47.04175,-18.66461],[47.04092,-18.67012],[47.04912,-18.68507],[47.05742,-18.68652],[47.06114,-18.69196],[47.06911,-18.69355],[47.07519,-18.69755],[47.07991,-18.7039],[47.09204,-18.71057],[47.09199,-18.71326],[47.08842,-18.71919],[47.08644,-18.73067],[47.0816,-18.73289],[47.07053,-18.7339],[47.05635,-18.73007],[47.04724,-18.73174],[47.03091,-18.73111],[47.02797,-18.7335],[47.01847,-18.72688],[47.01507,-18.732],[47.00355,-18.72973],[46.99447,-18.7359],[46.99175,-18.7431],[46.98241,-18.74525],[46.97504,-18.73827],[46.94262,-18.73229],[46.9282,-18.72759],[46.92488,-18.73117],[46.92382,-18.73909],[46.91807,-18.74015],[46.90631,-18.73233],[46.8982,-18.72172],[46.89235,-18.71855],[46.89148,-18.71142],[46.88145,-18.70598],[46.87596,-18.69746],[46.86722,-18.69851],[46.85898,-18.6919],[46.85171,-18.69443],[46.84429,-18.70572],[46.83252,-18.70169],[46.81732,-18.7054],[46.814,-18.71109],[46.79625,-18.71302],[46.78558,-18.71731],[46.77902,-18.71587],[46.77699,-18.70997],[46.7677,-18.71039],[46.76592,-18.7031],[46.75741,-18.69578],[46.74648,-18.69241],[46.73522,-18.68422],[46.72188,-18.66791],[46.71761,-18.66471],[46.70399,-18.66727],[46.69425,-18.66295],[46.68677,-18.66952],[46.67648,-18.66547],[46.66317,-18.66813],[46.63235,-18.67794],[46.62729,-18.68038],[46.61571,-18.67781],[46.60359,-18.68105],[46.60074,-18.67643],[46.58375,-18.6796],[46.56796,-18.67967],[46.54847,-18.67513],[46.54473,-18.6717],[46.54325,-18.65958],[46.53422,-18.65593],[46.52559,-18.65563],[46.51591,-18.65102],[46.50467,-18.64898],[46.50054,-18.64587],[46.50621,-18.65708],[46.51396,-18.65925],[46.52198,-18.66679],[46.52823,-18.66934],[46.53008,-18.67302],[46.53084,-18.69079],[46.5335,-18.69482],[46.5335,-18.71178],[46.52775,-18.72751],[46.53016,-18.73656],[46.53018,-18.74465],[46.52388,-18.74437],[46.52652,-18.74973],[46.52389,-18.75413],[46.53131,-18.75933],[46.53347,-18.77665],[46.54057,-18.78418],[46.55275,-18.78072],[46.55552,-18.78948],[46.56481,-18.7962],[46.56586,-18.80962],[46.56147,-18.81973],[46.56885,-18.82408],[46.56878,-18.82855],[46.55624,-18.83321],[46.5624,-18.83768],[46.55926,-18.84221],[46.55917,-18.84952],[46.54828,-18.85776],[46.55067,-18.86272],[46.54773,-18.86817],[46.55297,-18.86987],[46.55288,-18.87667],[46.5581,-18.88496],[46.55625,-18.89085],[46.54199,-18.89698],[46.54211,-18.90341],[46.53924,-18.91268],[46.53449,-18.91498],[46.53574,-18.92429],[46.52881,-18.93043],[46.52077,-18.93473],[46.52099,-18.93815],[46.51478,-18.94054],[46.51712,-18.94571],[46.5105,-18.94624],[46.51589,-18.95164],[46.51734,-18.95815],[46.52358,-18.96688],[46.51391,-18.96716],[46.51104,-18.97217],[46.50352,-18.96778],[46.50142,-18.96243],[46.49625,-18.95967],[46.49533,-18.95406],[46.4889,-18.95197],[46.48672,-18.9557],[46.48712,-18.97033],[46.48596,-18.98063],[46.48967,-18.98581],[46.49724,-18.98934],[46.50328,-18.98764],[46.50452,-18.99153],[46.49992,-18.9919],[46.50951,-18.99757],[46.52748,-19.00157],[46.53371,-18.99575],[46.53819,-18.99587],[46.54191,-19.00205],[46.54822,-19.00021],[46.54716,-19.00781],[46.54938,-19.01255],[46.55943,-19.02314],[46.54786,-19.02799],[46.54518,-19.04096],[46.54704,-19.05078],[46.55077,-19.06053],[46.55759,-19.06276],[46.57195,-19.06148],[46.57554,-19.06253],[46.57041,-19.07296],[46.56317,-19.08023],[46.55778,-19.09311],[46.55685,-19.10181],[46.55015,-19.10784],[46.53894,-19.10638],[46.53432,-19.11005],[46.52683,-19.10594],[46.51334,-19.09446],[46.5107,-19.0897],[46.50285,-19.08548],[46.4896,-19.08778],[46.47836,-19.08562],[46.46295,-19.08755],[46.45267,-19.08331],[46.45168,-19.08867],[46.44369,-19.08943],[46.44436,-19.09994],[46.44192,-19.1021],[46.42973,-19.09929],[46.42417,-19.10166],[46.42142,-19.10883],[46.41686,-19.11397],[46.4175,-19.1204],[46.4124,-19.12569],[46.40303,-19.12854],[46.39497,-19.1346],[46.40021,-19.14138],[46.39785,-19.14713],[46.39085,-19.14787],[46.38287,-19.15578],[46.36931,-19.15651],[46.36187,-19.17103],[46.35624,-19.17705],[46.35555,-19.19439],[46.35315,-19.19528],[46.3446,-19.18857],[46.33909,-19.19096],[46.33993,-19.19596],[46.33548,-19.20031],[46.33972,-19.20268],[46.3397,-19.21046],[46.34393,-19.21985],[46.33789,-19.22242],[46.33216,-19.21999],[46.32674,-19.22468],[46.31879,-19.22726],[46.31266,-19.232],[46.32399,-19.23487],[46.31867,-19.24669],[46.31321,-19.24696],[46.30748,-19.25165],[46.2978,-19.24482],[46.28859,-19.25273],[46.2914,-19.26538],[46.299,-19.26388],[46.30753,-19.26954],[46.32091,-19.27531],[46.32279,-19.28103],[46.3194,-19.28524],[46.3078,-19.29413],[46.30247,-19.29052],[46.30328,-19.29588],[46.28464,-19.29961],[46.27992,-19.29888],[46.27079,-19.30494],[46.27001,-19.31257],[46.2588,-19.32212],[46.26166,-19.32671],[46.26305,-19.33635],[46.2608,-19.34251],[46.24621,-19.35006],[46.24028,-19.348],[46.2367,-19.35239],[46.23044,-19.35096],[46.22859,-19.35946],[46.22313,-19.367],[46.21603,-19.36642],[46.21053,-19.37128],[46.2065,-19.36795],[46.19907,-19.36722],[46.1903,-19.35586],[46.18572,-19.3579],[46.18149,-19.36606],[46.1852,-19.37403],[46.17333,-19.37949],[46.1739,-19.38559],[46.16311,-19.40203],[46.15545,-19.40081],[46.15333,-19.4059],[46.14744,-19.40755],[46.14292,-19.41352],[46.14578,-19.42383],[46.14456,-19.42819],[46.13796,-19.42905],[46.13522,-19.43611],[46.13033,-19.44162],[46.11617,-19.44402],[46.10741,-19.44051],[46.09999,-19.43439],[46.09677,-19.42691],[46.08612,-19.42449],[46.0585,-19.42515],[46.05038,-19.41973],[46.03034,-19.41517],[46.03184,-19.41049],[46.02802,-19.40768],[46.01355,-19.41316],[46.01011,-19.41252],[46.00561,-19.40566],[46.00226,-19.40529],[45.99139,-19.41615],[45.99023,-19.41929],[45.97817,-19.42771],[45.95923,-19.41549],[45.9467,-19.41953],[45.946,-19.42525],[45.93896,-19.43559],[45.92917,-19.4406],[45.92153,-19.44104],[45.91919,-19.44961],[45.91063,-19.45261],[45.90004,-19.44009],[45.89771,-19.43378],[45.89841,-19.424],[45.89269,-19.41726],[45.88874,-19.4171],[45.88281,-19.4253],[45.86403,-19.43456],[45.8552,-19.441],[45.85071,-19.4469],[45.84227,-19.45121],[45.81853,-19.45082],[45.81093,-19.45743],[45.8067,-19.45234],[45.80435,-19.44068],[45.80651,-19.43491],[45.81526,-19.43364],[45.8193,-19.43818],[45.82275,-19.43643],[45.82266,-19.42217],[45.81974,-19.41507],[45.82206,-19.40903],[45.81691,-19.4049],[45.81937,-19.39734],[45.81639,-19.39224],[45.81903,-19.38293],[45.82199,-19.37945],[45.81736,-19.37432],[45.81816,-19.37061],[45.82702,-19.36614],[45.82872,-19.35813],[45.818,-19.35437],[45.82591,-19.34964],[45.82189,-19.3473],[45.82455,-19.34068],[45.82707,-19.34363],[45.83191,-19.3392],[45.83126,-19.33106],[45.8194,-19.31924],[45.82127,-19.31337],[45.81761,-19.31057],[45.8235,-19.30502],[45.82132,-19.29954],[45.81339,-19.29542],[45.81434,-19.27911],[45.80984,-19.27091],[45.81113,-19.26619],[45.80849,-19.24827],[45.80144,-19.24272],[45.80049,-19.237],[45.80272,-19.22429],[45.79936,-19.21656],[45.80169,-19.20565],[45.79266,-19.21488],[45.78353,-19.24903],[45.78247,-19.28834],[45.77338,-19.31223],[45.75798,-19.30992],[45.73824,-19.32065],[45.72785,-19.3189],[45.71393,-19.32141],[45.69415,-19.31705],[45.68247,-19.31273],[45.67261,-19.30244],[45.66996,-19.29217],[45.66185,-19.29385],[45.6573,-19.30579],[45.64383,-19.2989],[45.63666,-19.29203],[45.6214,-19.28427],[45.61065,-19.27568],[45.60166,-19.27307],[45.56133,-19.27998],[45.54732,-19.27119],[45.54902,-19.25202],[45.55372,-19.22513],[45.55228,-19.21166],[45.55284,-19.20061],[45.56099,-19.19055],[45.57319,-19.17908],[45.59245,-19.17148],[45.59906,-19.16478],[45.59405,-19.15562],[45.57494,-19.13486],[45.56182,-19.12951],[45.55479,-19.1189],[45.55434,-19.11025],[45.56048,-19.09586],[45.56165,-19.08216],[45.56506,-19.07731],[45.57538,-19.08199],[45.58179,-19.0785],[45.59131,-19.07777],[45.59311,-19.06517],[45.58519,-19.0507],[45.58837,-19.04012],[45.58751,-19.0345],[45.5758,-19.03227],[45.57347,-19.03475],[45.5627,-19.03419],[45.55815,-19.0279],[45.55207,-19.02609],[45.5446,-19.02068],[45.54436,-18.99745],[45.54839,-18.99064],[45.54518,-18.98181],[45.54953,-18.97897],[45.54158,-18.96788],[45.52526,-18.96227],[45.52352,-18.95556],[45.51788,-18.94606],[45.51233,-18.94037],[45.50687,-18.93825],[45.50176,-18.93052],[45.49592,-18.92922],[45.49151,-18.93459],[45.48468,-18.93179],[45.48319,-18.92139],[45.47729,-18.91804],[45.47839,-18.90954],[45.48317,-18.89823],[45.48366,-18.89],[45.50535,-18.88188],[45.50563,-18.87574],[45.51079,-18.85465],[45.50679,-18.8427],[45.51265,-18.83447],[45.51019,-18.82626],[45.50007,-18.81946],[45.49571,-18.81847],[45.48841,-18.80732],[45.48924,-18.79566],[45.48208,-18.78607],[45.48336,-18.78067],[45.48153,-18.76889],[45.47683,-18.76733],[45.48146,-18.7614],[45.47409,-18.74983],[45.47402,-18.74282],[45.46949,-18.74116],[45.46583,-18.72384],[45.46913,-18.71865],[45.46607,-18.71561],[45.47075,-18.71258],[45.47758,-18.70033],[45.48433,-18.70448],[45.48624,-18.69958],[45.50343,-18.69608],[45.50604,-18.68491],[45.49844,-18.68423],[45.50165,-18.67858],[45.50862,-18.68293],[45.50874,-18.67845],[45.51477,-18.67664],[45.51103,-18.66762],[45.51335,-18.66394],[45.53032,-18.66573],[45.52837,-18.66179],[45.53123,-18.65035],[45.53912,-18.65155],[45.54353,-18.64971],[45.5415,-18.64021],[45.54389,-18.63932],[45.54148,-18.63221],[45.55476,-18.61934],[45.55989,-18.62496],[45.56847,-18.62567],[45.56618,-18.6214],[45.57816,-18.60089],[45.58859,-18.6003],[45.59358,-18.58924],[45.58912,-18.58496],[45.59507,-18.58388],[45.59432,-18.578],[45.59663,-18.5714],[45.59971,-18.57613],[45.6061,-18.57377],[45.60323,-18.56876],[45.60432,-18.56433],[45.6002,-18.55845],[45.596,-18.55777],[45.594,-18.56367],[45.58547,-18.56038],[45.57976,-18.56252],[45.5847,-18.54992],[45.59074,-18.55264],[45.59154,-18.54818],[45.58816,-18.54284],[45.5944,-18.53355],[45.59348,-18.52548],[45.59856,-18.52017],[45.59439,-18.51045],[45.59514,-18.507],[45.58967,-18.50228],[45.59853,-18.5024],[45.59077,-18.49573],[45.59277,-18.4921],[45.59087,-18.48493],[45.58444,-18.47837],[45.59233,-18.47605],[45.58523,-18.46998],[45.5898,-18.47035],[45.59264,-18.46069],[45.58937,-18.45897],[45.59064,-18.452],[45.58308,-18.45398],[45.58048,-18.44131],[45.58264,-18.43867],[45.57267,-18.43806],[45.57482,-18.43379],[45.56883,-18.43362],[45.56348,-18.42735],[45.57534,-18.41618],[45.58304,-18.41273],[45.58855,-18.40613],[45.5886,-18.39267],[45.58634,-18.38932],[45.58967,-18.38265],[45.5869,-18.37998],[45.58758,-18.37002],[45.58387,-18.3628],[45.5782,-18.36349],[45.5686,-18.37065],[45.55598,-18.3778],[45.54193,-18.36813],[45.53189,-18.36279],[45.52489,-18.35458],[45.51262,-18.34302],[45.50037,-18.32755],[45.50734,-18.32145],[45.50757,-18.31587],[45.49834,-18.30967],[45.48889,-18.30674],[45.48938,-18.29193],[45.49192,-18.28095],[45.49922,-18.27201],[45.49843,-18.26816],[45.48851,-18.26606],[45.48612,-18.26272],[45.48456,-18.25245],[45.48756,-18.24375],[45.49751,-18.24072],[45.50908,-18.23514],[45.51283,-18.23516],[45.52996,-18.24498],[45.52994,-18.24857],[45.5379,-18.25332],[45.55033,-18.24992],[45.552,-18.23762],[45.57444,-18.22213],[45.57383,-18.2181],[45.59309,-18.21269],[45.59552,-18.20218],[45.59926,-18.20145],[45.59999,-18.18693],[45.60226,-18.18337],[45.59998,-18.17823],[45.59958,-18.1573],[45.60423,-18.15159],[45.60277,-18.14702],[45.60697,-18.14408],[45.60685,-18.13751],[45.61189,-18.13553],[45.61758,-18.12827],[45.61369,-18.12505],[45.61441,-18.11943],[45.62774,-18.11679],[45.6318,-18.11225],[45.62966,-18.10498],[45.63459,-18.10182],[45.63882,-18.10618],[45.64389,-18.10381],[45.64766,-18.09682],[45.647,-18.10441],[45.65132,-18.10156],[45.64897,-18.09511],[45.65235,-18.09287],[45.65381,-18.09793],[45.66415,-18.09841],[45.65942,-18.09354],[45.66667,-18.09399],[45.66699,-18.08821],[45.66292,-18.08467],[45.67355,-18.08574],[45.67172,-18.08106],[45.6798,-18.08105],[45.67993,-18.08493],[45.68486,-18.08697],[45.69777,-18.08056],[45.71146,-18.08453],[45.71545,-18.08163],[45.72421,-18.08193],[45.71937,-18.07852],[45.72208,-18.07204],[45.73046,-18.07471],[45.73259,-18.07972],[45.73705,-18.07845],[45.73709,-18.07421],[45.74586,-18.07634],[45.75302,-18.06618],[45.7544,-18.07055],[45.75973,-18.07394],[45.76676,-18.07378],[45.76937,-18.0532],[45.77622,-18.05074],[45.77005,-18.04556],[45.77745,-18.0426],[45.7895,-18.04545],[45.79499,-18.03864],[45.79323,-18.0327],[45.80085,-18.03868],[45.79883,-18.02994],[45.79515,-18.0237],[45.80507,-18.01871],[45.81326,-18.0226],[45.81746,-18.01738],[45.82233,-18.02158],[45.82452,-18.01629],[45.83012,-18.01986],[45.83391,-18.01342],[45.83354,-18.00926],[45.83881,-18.00613],[45.84226,-17.99799],[45.86085,-18.00029],[45.86018,-18.00911],[45.867,-18.00748],[45.88535,-18.01216],[45.88726,-18.016],[45.89265,-18.01376],[45.89301,-18.0051],[45.88521,-17.99656],[45.89928,-17.99573],[45.90297,-17.98804],[45.91616,-17.97835],[45.91918,-17.97329],[45.92613,-17.97529],[45.93095,-17.97043],[45.92979,-17.96487],[45.93636,-17.95698],[45.92952,-17.95336],[45.93193,-17.94527],[45.93866,-17.93989],[45.94523,-17.93094],[45.94794,-17.92441],[45.94519,-17.9166],[45.94678,-17.9034],[45.95175,-17.89757],[45.94493,-17.89077],[45.9446,-17.88496],[45.98814,-17.9005],[46.016,-17.9256],[46.03462,-17.92883],[46.05733,-17.93019],[46.06646,-17.92949],[46.0889,-17.93116],[46.10467,-17.92395],[46.12606,-17.92991],[46.14217,-17.93128],[46.1518,-17.94323],[46.17219,-17.91447],[46.17509,-17.87816],[46.18017,-17.87994],[46.18252,-17.86981],[46.18832,-17.86352],[46.19526,-17.86175],[46.20357,-17.86235],[46.20319,-17.85288],[46.20856,-17.84413],[46.21498,-17.84682],[46.22053,-17.86343],[46.22694,-17.86716],[46.23434,-17.87576],[46.23587,-17.86216],[46.24632,-17.85498],[46.25201,-17.85471],[46.25804,-17.86135],[46.26714,-17.85081],[46.26797,-17.84229],[46.27298,-17.83999],[46.28159,-17.83974],[46.2827,-17.83278],[46.30255,-17.82132],[46.31256,-17.82517],[46.31552,-17.82228],[46.32287,-17.82644],[46.32339,-17.83304],[46.33779,-17.83178],[46.34332,-17.82952],[46.34983,-17.83292],[46.35405,-17.82737],[46.3494,-17.81559],[46.35391,-17.80315],[46.35854,-17.80508],[46.36788,-17.80311],[46.36921,-17.79385],[46.37956,-17.78759],[46.38261,-17.78155],[46.39039,-17.78052],[46.39552,-17.7744],[46.39532,-17.76883],[46.40046,-17.76607],[46.41033,-17.77177],[46.41415,-17.76758],[46.42161,-17.76644],[46.42377,-17.76052],[46.42925,-17.76872],[46.43724,-17.76766],[46.44074,-17.76301],[46.44705,-17.76034],[46.45191,-17.74912],[46.45861,-17.73879],[46.46281,-17.74554],[46.47439,-17.74801],[46.48268,-17.7616],[46.48601,-17.76396],[46.49238,-17.75927],[46.49796,-17.76158],[46.50458,-17.76778],[46.52018,-17.77971]]]}},{"type":"Feature","properties":{"code_zone":"MG21","nom_zone":"Haute Matsiatra","niveau":"Région","code_parent":null,"nom_parent":null},"geometry":{"type":"Polygon","coordinates":[[[47.35175,-20.97712],[47.35559,-20.98138],[47.34945,-20.98731],[47.34328,-20.9888],[47.33971,-20.99659],[47.33174,-21.00585],[47.3348,-21.01748],[47.34277,-21.01972],[47.34607,-21.02735],[47.34015,-21.0336],[47.33706,-21.04211],[47.33679,-21.05246],[47.34451,-21.05549],[47.34843,-21.06184],[47.35807,-21.06414],[47.36371,-21.07216],[47.37577,-21.07175],[47.3825,-21.07631],[47.3874,-21.06735],[47.39342,-21.06587],[47.4034,-21.06787],[47.41748,-21.08358],[47.42214,-21.08642],[47.44328,-21.09084],[47.43864,-21.10082],[47.44032,-21.10637],[47.43718,-21.1077],[47.44156,-21.11503],[47.4381,-21.11751],[47.43667,-21.12413],[47.44279,-21.13158],[47.44362,-21.13801],[47.44762,-21.14051],[47.44557,-21.14781],[47.44962,-21.15154],[47.44695,-21.16154],[47.44015,-21.16587],[47.43232,-21.16192],[47.42251,-21.17406],[47.41897,-21.18379],[47.41044,-21.18828],[47.40373,-21.20465],[47.39751,-21.20438],[47.39129,-21.2113],[47.392,-21.21991],[47.39671,-21.22099],[47.4004,-21.22606],[47.39897,-21.2356],[47.40163,-21.24431],[47.39749,-21.24919],[47.39171,-21.24869],[47.38747,-21.25163],[47.39129,-21.26057],[47.38867,-21.2644],[47.38038,-21.267],[47.37744,-21.27488],[47.38041,-21.27909],[47.3943,-21.27819],[47.40195,-21.28481],[47.40342,-21.29164],[47.39951,-21.29984],[47.39321,-21.30822],[47.38871,-21.30905],[47.38089,-21.31629],[47.38241,-21.32253],[47.38723,-21.32879],[47.3966,-21.33185],[47.39977,-21.32906],[47.40401,-21.33295],[47.40835,-21.34534],[47.40897,-21.36361],[47.41388,-21.36987],[47.41092,-21.37812],[47.41797,-21.38253],[47.41884,-21.39642],[47.42388,-21.40308],[47.421,-21.40816],[47.42054,-21.41968],[47.42434,-21.42334],[47.43244,-21.42415],[47.42345,-21.429],[47.4225,-21.43603],[47.4274,-21.4429],[47.42789,-21.45233],[47.42409,-21.45772],[47.42934,-21.46148],[47.42703,-21.46556],[47.41821,-21.47065],[47.41052,-21.46968],[47.40602,-21.47326],[47.4025,-21.48032],[47.40232,-21.49123],[47.40894,-21.49765],[47.41229,-21.50714],[47.41702,-21.50755],[47.42184,-21.51623],[47.42042,-21.52636],[47.41364,-21.53234],[47.41436,-21.5383],[47.41062,-21.54248],[47.41317,-21.55295],[47.41031,-21.56937],[47.4072,-21.57809],[47.40293,-21.58225],[47.38759,-21.58562],[47.38663,-21.58909],[47.37247,-21.59404],[47.37314,-21.60139],[47.36284,-21.60575],[47.36143,-21.611],[47.36743,-21.61628],[47.36767,-21.61949],[47.37588,-21.61572],[47.38224,-21.61712],[47.38808,-21.62416],[47.3911,-21.63414],[47.398,-21.64123],[47.39698,-21.64978],[47.39071,-21.65024],[47.38635,-21.67432],[47.39065,-21.67414],[47.3962,-21.6815],[47.39729,-21.68763],[47.39182,-21.68984],[47.38973,-21.69508],[47.38356,-21.69645],[47.38961,-21.70457],[47.38693,-21.71385],[47.38194,-21.71321],[47.38118,-21.71735],[47.38854,-21.72602],[47.38596,-21.73638],[47.38043,-21.74434],[47.37015,-21.74685],[47.36318,-21.75247],[47.36674,-21.75896],[47.36843,-21.76822],[47.3657,-21.77441],[47.36019,-21.77415],[47.35157,-21.79007],[47.34485,-21.80815],[47.34732,-21.81219],[47.33958,-21.81128],[47.3348,-21.8155],[47.33578,-21.82388],[47.33119,-21.82754],[47.33123,-21.83307],[47.32728,-21.83952],[47.32391,-21.84041],[47.31429,-21.83559],[47.30963,-21.83638],[47.30487,-21.83231],[47.297,-21.83779],[47.29345,-21.84827],[47.28244,-21.8493],[47.28081,-21.85933],[47.26498,-21.86628],[47.26513,-21.87577],[47.26054,-21.88334],[47.26153,-21.89036],[47.2575,-21.89659],[47.24896,-21.89578],[47.24264,-21.90382],[47.26117,-21.91974],[47.26878,-21.91992],[47.28005,-21.92451],[47.2875,-21.93389],[47.2943,-21.93417],[47.295,-21.93943],[47.30855,-21.95171],[47.30979,-21.95776],[47.31542,-21.96259],[47.32293,-21.96509],[47.31877,-21.97149],[47.32108,-21.97511],[47.32109,-21.98675],[47.31699,-21.99335],[47.30713,-22.004],[47.28849,-22.00426],[47.29047,-22.0114],[47.28932,-22.01738],[47.28048,-22.03465],[47.27092,-22.04837],[47.268,-22.05965],[47.26457,-22.06671],[47.25614,-22.07663],[47.24613,-22.07439],[47.23777,-22.06814],[47.22898,-22.06935],[47.2209,-22.06211],[47.21437,-22.06351],[47.20611,-22.05597],[47.19823,-22.05383],[47.1907,-22.0462],[47.18561,-22.03481],[47.17921,-22.03329],[47.16955,-22.04892],[47.16658,-22.06347],[47.16122,-22.06875],[47.1571,-22.08222],[47.15317,-22.08514],[47.14273,-22.08742],[47.13526,-22.09196],[47.11704,-22.08859],[47.10851,-22.08869],[47.10542,-22.09284],[47.10462,-22.10144],[47.10844,-22.11165],[47.10636,-22.12174],[47.09486,-22.13621],[47.08459,-22.13796],[47.07857,-22.14116],[47.06252,-22.13881],[47.05943,-22.14032],[47.05645,-22.14826],[47.04596,-22.15299],[47.03964,-22.16307],[47.03291,-22.16768],[47.02293,-22.16532],[47.00851,-22.16674],[47.00179,-22.16183],[46.98989,-22.15752],[46.98034,-22.15956],[46.97333,-22.15687],[46.96893,-22.1512],[46.96356,-22.15922],[46.95596,-22.15964],[46.95053,-22.172],[46.93692,-22.17772],[46.93274,-22.18536],[46.93589,-22.18816],[46.9357,-22.19436],[46.92982,-22.20102],[46.91409,-22.20661],[46.908,-22.20512],[46.89427,-22.19142],[46.88632,-22.1941],[46.88063,-22.19365],[46.87181,-22.18717],[46.85578,-22.1799],[46.84917,-22.17434],[46.84556,-22.16621],[46.84241,-22.16435],[46.82638,-22.16295],[46.81449,-22.16719],[46.80944,-22.18491],[46.79758,-22.2],[46.78984,-22.20713],[46.78781,-22.22076],[46.78404,-22.21798],[46.78337,-22.21015],[46.78582,-22.20629],[46.78746,-22.19146],[46.78602,-22.18664],[46.77876,-22.1828],[46.77642,-22.17823],[46.76722,-22.17416],[46.75505,-22.17238],[46.74684,-22.18015],[46.73677,-22.18482],[46.73121,-22.18474],[46.72595,-22.17761],[46.71837,-22.1763],[46.70762,-22.16008],[46.70698,-22.15544],[46.7103,-22.15001],[46.70462,-22.14122],[46.69427,-22.1421],[46.67238,-22.1411],[46.66288,-22.13868],[46.65227,-22.13211],[46.63617,-22.13222],[46.61944,-22.13391],[46.59429,-22.12819],[46.59192,-22.11005],[46.58718,-22.09563],[46.58352,-22.07827],[46.57685,-22.07698],[46.56494,-22.08898],[46.55806,-22.09985],[46.54419,-22.10559],[46.54133,-22.11663],[46.53575,-22.12434],[46.53499,-22.11634],[46.53063,-22.11129],[46.51718,-22.1118],[46.51506,-22.10793],[46.51884,-22.10174],[46.51361,-22.09201],[46.51628,-22.08605],[46.50313,-22.07382],[46.49287,-22.07618],[46.4769,-22.07699],[46.47305,-22.08972],[46.46729,-22.09438],[46.4631,-22.09084],[46.46035,-22.07478],[46.45466,-22.06588],[46.4476,-22.06227],[46.43738,-22.06071],[46.43654,-22.05186],[46.42967,-22.04544],[46.42722,-22.04024],[46.42958,-22.03199],[46.42859,-22.02033],[46.43659,-22.00691],[46.44531,-21.99728],[46.44499,-21.98551],[46.44063,-21.97521],[46.43523,-21.97203],[46.43445,-21.96704],[46.445,-21.94264],[46.44424,-21.93735],[46.43939,-21.93573],[46.43595,-21.93903],[46.4338,-21.95219],[46.42598,-21.9544],[46.4258,-21.94448],[46.42006,-21.93896],[46.41119,-21.93577],[46.39687,-21.93272],[46.39048,-21.92445],[46.39033,-21.90803],[46.39188,-21.89278],[46.38383,-21.88506],[46.37519,-21.88336],[46.37171,-21.87775],[46.37609,-21.87217],[46.37946,-21.85892],[46.37682,-21.85109],[46.37275,-21.85515],[46.36871,-21.85316],[46.36817,-21.84686],[46.36091,-21.83337],[46.35754,-21.83287],[46.35405,-21.83847],[46.34662,-21.83635],[46.34542,-21.83988],[46.35075,-21.84562],[46.32953,-21.85154],[46.32457,-21.84918],[46.31808,-21.82884],[46.32105,-21.8199],[46.32627,-21.81174],[46.32808,-21.80149],[46.32105,-21.79767],[46.31681,-21.79204],[46.30907,-21.78778],[46.30306,-21.78864],[46.29596,-21.79456],[46.28807,-21.79614],[46.27783,-21.79533],[46.27216,-21.78818],[46.26359,-21.78544],[46.26118,-21.79046],[46.26141,-21.79837],[46.25199,-21.80268],[46.23904,-21.79503],[46.23919,-21.78089],[46.23497,-21.77544],[46.22685,-21.76921],[46.22463,-21.76429],[46.20768,-21.7587],[46.19701,-21.76249],[46.17569,-21.76366],[46.16684,-21.76557],[46.15161,-21.76314],[46.14471,-21.75867],[46.13667,-21.7583],[46.12759,-21.76176],[46.11451,-21.75814],[46.10079,-21.74845],[46.09406,-21.74686],[46.08995,-21.73435],[46.08222,-21.73148],[46.07097,-21.73688],[46.06348,-21.73453],[46.05658,-21.72961],[46.05402,-21.73374],[46.04115,-21.73911],[46.02604,-21.74132],[46.0229,-21.7399],[46.01789,-21.72784],[46.01403,-21.72599],[46.00008,-21.73118],[45.99068,-21.73229],[45.98211,-21.72982],[45.97312,-21.73542],[45.9618,-21.73462],[45.96632,-21.71904],[45.96429,-21.70622],[45.95931,-21.69212],[45.95155,-21.692],[45.94612,-21.68949],[45.93501,-21.69038],[45.93813,-21.70745],[45.9301,-21.71515],[45.92458,-21.71627],[45.91591,-21.71006],[45.90824,-21.70791],[45.90449,-21.70957],[45.89781,-21.72621],[45.89003,-21.73436],[45.88181,-21.73553],[45.87116,-21.73448],[45.86428,-21.73798],[45.86204,-21.74618],[45.8561,-21.75133],[45.84828,-21.75366],[45.83903,-21.75379],[45.83018,-21.75668],[45.821,-21.74953],[45.81652,-21.74878],[45.79704,-21.75596],[45.79223,-21.76012],[45.78689,-21.75817],[45.78583,-21.747],[45.76054,-21.73697],[45.75429,-21.73002],[45.74827,-21.71536],[45.73919,-21.70188],[45.72428,-21.69823],[45.72016,-21.69352],[45.71676,-21.68248],[45.71052,-21.68093],[45.70832,-21.68819],[45.70075,-21.69093],[45.69064,-21.67752],[45.68236,-21.67509],[45.67847,-21.67837],[45.66971,-21.67985],[45.65371,-21.67916],[45.64189,-21.67342],[45.64092,-21.66537],[45.63315,-21.65681],[45.62938,-21.64557],[45.61504,-21.63239],[45.61333,-21.62506],[45.6095,-21.62414],[45.60471,-21.62771],[45.59883,-21.62756],[45.58725,-21.63289],[45.58192,-21.63133],[45.58099,-21.62058],[45.57275,-21.61698],[45.55996,-21.62158],[45.55141,-21.62218],[45.54838,-21.61921],[45.55159,-21.612],[45.54591,-21.60825],[45.54344,-21.59775],[45.53347,-21.5787],[45.53257,-21.57044],[45.52796,-21.55257],[45.52569,-21.53552],[45.5225,-21.52609],[45.52166,-21.50647],[45.52771,-21.50492],[45.53434,-21.51351],[45.53914,-21.51158],[45.53541,-21.50323],[45.53982,-21.49678],[45.53667,-21.48416],[45.52927,-21.47735],[45.52449,-21.46966],[45.52569,-21.46037],[45.53446,-21.45031],[45.53984,-21.44942],[45.54687,-21.44206],[45.56278,-21.43034],[45.56479,-21.41916],[45.57158,-21.40586],[45.56491,-21.39819],[45.5746,-21.39047],[45.57628,-21.38667],[45.57255,-21.37542],[45.57476,-21.36913],[45.58403,-21.36035],[45.58067,-21.3496],[45.58036,-21.33768],[45.58431,-21.32641],[45.58456,-21.31891],[45.59268,-21.31592],[45.59836,-21.31864],[45.60239,-21.31681],[45.61774,-21.31723],[45.62186,-21.30271],[45.62223,-21.29653],[45.62842,-21.29229],[45.63445,-21.28494],[45.64139,-21.28014],[45.65086,-21.28445],[45.652,-21.29068],[45.66092,-21.28977],[45.66118,-21.28707],[45.65182,-21.27403],[45.65779,-21.26946],[45.66481,-21.27203],[45.68092,-21.27267],[45.68438,-21.26444],[45.69347,-21.26569],[45.70316,-21.26293],[45.70549,-21.25714],[45.73217,-21.24754],[45.74093,-21.24527],[45.74902,-21.23935],[45.75128,-21.23045],[45.74765,-21.22146],[45.75265,-21.21151],[45.75254,-21.20319],[45.75555,-21.19549],[45.7502,-21.18711],[45.75191,-21.17953],[45.75056,-21.17293],[45.7446,-21.16331],[45.75179,-21.15271],[45.75186,-21.13256],[45.7508,-21.12798],[45.74454,-21.11883],[45.73665,-21.11033],[45.73506,-21.10085],[45.7383,-21.09126],[45.73321,-21.07915],[45.73913,-21.07381],[45.74934,-21.07203],[45.75367,-21.06668],[45.75419,-21.0562],[45.76057,-21.04738],[45.77013,-21.03891],[45.77511,-21.0235],[45.78715,-21.01892],[45.79198,-21.01894],[45.79693,-21.02303],[45.80602,-21.02423],[45.81288,-21.03105],[45.82576,-21.0282],[45.83745,-21.02073],[45.84397,-21.0183],[45.85148,-21.01931],[45.85688,-21.0144],[45.86529,-21.01124],[45.87488,-21.01244],[45.88386,-21.00604],[45.89245,-21.00233],[45.90248,-21.00182],[45.90972,-20.99358],[45.91089,-20.98208],[45.91464,-20.97018],[45.91761,-20.96555],[45.92268,-20.96395],[45.92798,-20.96919],[45.9313,-20.96687],[45.93424,-20.97171],[45.93858,-20.96858],[45.9421,-20.96068],[45.95071,-20.96186],[45.95355,-20.96844],[45.96506,-20.96856],[45.97297,-20.96428],[45.98074,-20.95601],[45.98189,-20.95108],[45.99852,-20.95044],[46.00261,-20.95444],[46.00784,-20.95464],[46.00779,-20.96387],[46.01391,-20.97286],[46.03047,-20.98228],[46.03996,-20.99028],[46.05228,-20.9986],[46.05887,-20.99704],[46.06706,-20.99035],[46.07776,-20.99323],[46.07921,-20.985],[46.08854,-20.98129],[46.09764,-20.9823],[46.10813,-20.97543],[46.1156,-20.97879],[46.12785,-20.97748],[46.13933,-20.98552],[46.14381,-20.99243],[46.14939,-20.99491],[46.15694,-20.99253],[46.16656,-20.99778],[46.17965,-20.9988],[46.1856,-20.99677],[46.1889,-21.00104],[46.19698,-21.00522],[46.20222,-21.01092],[46.21192,-21.01283],[46.2169,-21.0204],[46.22767,-21.01891],[46.23293,-21.01133],[46.23334,-21.00185],[46.2378,-20.99351],[46.25477,-20.98707],[46.25357,-20.97683],[46.2564,-20.97266],[46.2548,-20.95862],[46.25561,-20.95141],[46.25037,-20.94382],[46.24269,-20.94723],[46.23744,-20.95481],[46.23097,-20.95784],[46.22371,-20.95328],[46.22331,-20.94645],[46.23584,-20.93242],[46.24271,-20.92826],[46.25604,-20.92789],[46.26062,-20.93253],[46.26909,-20.93165],[46.27693,-20.92364],[46.28188,-20.92659],[46.28707,-20.92088],[46.2837,-20.91115],[46.27663,-20.90652],[46.28144,-20.9032],[46.2725,-20.89907],[46.27579,-20.89631],[46.26915,-20.89175],[46.2649,-20.8855],[46.26868,-20.87727],[46.27352,-20.87597],[46.27229,-20.86539],[46.26718,-20.86409],[46.27048,-20.85337],[46.2694,-20.84945],[46.26029,-20.83873],[46.26535,-20.8347],[46.27737,-20.83146],[46.28285,-20.82369],[46.28986,-20.82632],[46.29158,-20.82215],[46.28955,-20.81305],[46.28504,-20.81174],[46.28995,-20.80515],[46.28952,-20.79465],[46.29747,-20.79182],[46.30957,-20.77833],[46.31536,-20.7772],[46.32614,-20.77069],[46.32446,-20.76416],[46.33092,-20.75846],[46.32905,-20.75376],[46.33485,-20.75789],[46.34029,-20.75758],[46.34649,-20.74891],[46.34544,-20.746],[46.35093,-20.73747],[46.35221,-20.73201],[46.35601,-20.73387],[46.36079,-20.73012],[46.37438,-20.72773],[46.37762,-20.73011],[46.37949,-20.75617],[46.38258,-20.76119],[46.39565,-20.75867],[46.40548,-20.76363],[46.41589,-20.77404],[46.42369,-20.77815],[46.43033,-20.77063],[46.43479,-20.76966],[46.43806,-20.76241],[46.45942,-20.76018],[46.46895,-20.75201],[46.47911,-20.74845],[46.4853,-20.74341],[46.4903,-20.73604],[46.49565,-20.73232],[46.5002,-20.73389],[46.50492,-20.72874],[46.51262,-20.7242],[46.521,-20.70301],[46.51865,-20.69795],[46.5322,-20.69027],[46.53964,-20.69134],[46.53974,-20.70243],[46.54202,-20.70655],[46.54751,-20.70525],[46.55802,-20.69664],[46.56345,-20.69012],[46.5671,-20.69272],[46.57042,-20.70627],[46.57327,-20.70899],[46.57269,-20.71941],[46.57684,-20.74078],[46.57915,-20.74623],[46.5833,-20.74709],[46.58955,-20.75839],[46.59523,-20.76153],[46.6097,-20.76489],[46.61241,-20.77383],[46.61371,-20.79106],[46.61866,-20.80407],[46.62353,-20.80885],[46.63092,-20.82243],[46.6405,-20.83129],[46.65159,-20.83635],[46.65933,-20.84964],[46.67315,-20.85468],[46.67968,-20.86321],[46.68509,-20.86677],[46.69716,-20.86748],[46.70705,-20.87164],[46.71523,-20.88257],[46.71851,-20.89173],[46.72627,-20.89278],[46.73435,-20.90252],[46.74299,-20.9046],[46.74563,-20.90855],[46.75825,-20.91938],[46.76217,-20.92789],[46.76301,-20.93934],[46.76603,-20.94822],[46.76879,-20.96514],[46.76989,-20.96116],[46.77873,-20.95511],[46.79471,-20.95424],[46.80152,-20.95911],[46.8092,-20.98415],[46.81051,-20.99214],[46.81428,-20.99538],[46.82932,-20.99997],[46.84218,-21.00538],[46.84979,-21.00004],[46.84977,-20.99648],[46.86001,-20.98617],[46.86571,-20.98335],[46.86615,-20.98717],[46.87613,-21.00008],[46.88087,-20.99951],[46.88888,-21.00328],[46.89066,-21.01191],[46.90063,-21.01445],[46.92053,-21.01744],[46.92488,-21.01586],[46.9298,-21.00534],[46.94086,-20.99797],[46.94372,-20.98584],[46.94295,-20.97321],[46.94585,-20.96996],[46.95729,-20.96651],[46.97416,-20.97985],[46.98285,-20.97872],[46.99117,-20.97215],[46.99594,-20.97081],[47.00877,-20.97131],[47.0176,-20.96703],[47.02791,-20.95489],[47.02452,-20.94811],[47.0268,-20.94087],[47.03862,-20.93671],[47.0392,-20.93345],[47.02222,-20.92433],[47.03106,-20.90834],[47.0348,-20.90763],[47.04669,-20.89488],[47.05595,-20.88764],[47.06208,-20.8852],[47.08973,-20.88313],[47.09922,-20.885],[47.10791,-20.88315],[47.10566,-20.87419],[47.11118,-20.87194],[47.11483,-20.86642],[47.12063,-20.86472],[47.12659,-20.86991],[47.12824,-20.87447],[47.1367,-20.87566],[47.15145,-20.86945],[47.16042,-20.86146],[47.16492,-20.85439],[47.1638,-20.84657],[47.16877,-20.84076],[47.16851,-20.8301],[47.17682,-20.83307],[47.18052,-20.83209],[47.18474,-20.82509],[47.18485,-20.81784],[47.18996,-20.81559],[47.20269,-20.82278],[47.20979,-20.821],[47.21353,-20.82354],[47.2173,-20.81832],[47.22542,-20.81755],[47.2307,-20.82156],[47.23738,-20.81962],[47.2375,-20.81201],[47.24341,-20.7983],[47.25224,-20.79357],[47.25656,-20.78843],[47.27455,-20.7915],[47.28343,-20.79977],[47.28673,-20.8104],[47.29676,-20.80978],[47.30877,-20.82755],[47.31033,-20.83597],[47.31421,-20.84066],[47.31087,-20.84513],[47.30375,-20.84502],[47.29601,-20.84795],[47.29402,-20.85337],[47.301,-20.86458],[47.30183,-20.87564],[47.29914,-20.87974],[47.30422,-20.88442],[47.30516,-20.89022],[47.31003,-20.89329],[47.30535,-20.90264],[47.3111,-20.9161],[47.31074,-20.92406],[47.3231,-20.93062],[47.32939,-20.93941],[47.32818,-20.94565],[47.33203,-20.95305],[47.33115,-20.95872],[47.33561,-20.95501],[47.34708,-20.96217],[47.34873,-20.96588],[47.35175,-20.97712]]]}},{"type":"Feature","properties":{"code_zone":"MG22","nom_zone":"Amoron'i Mania","niveau":"Région","code_parent":null,"nom_parent":null},"geometry":{"type":"Polygon","coordinates":[[[45.78172,-19.88736],[45.78923,-19.89686],[45.80688,-19.91427],[45.81795,-19.9149],[45.82557,-19.91825],[45.83244,-19.91862],[45.83866,-19.91375],[45.84765,-19.91386],[45.85393,-19.90968],[45.85832,-19.89981],[45.8634,-19.89855],[45.87529,-19.90361],[45.88689,-19.91197],[45.89368,-19.91519],[45.90344,-19.92491],[45.91987,-19.92665],[45.92765,-19.9288],[45.93199,-19.93267],[45.9404,-19.9324],[45.95164,-19.92986],[45.96273,-19.92489],[45.96953,-19.92645],[45.97984,-19.92423],[45.98942,-19.92908],[45.99832,-19.92829],[46.00437,-19.93346],[46.00651,-19.93839],[46.01227,-19.94264],[46.02036,-19.9535],[46.0484,-19.94888],[46.05686,-19.95083],[46.07029,-19.97242],[46.07358,-19.99169],[46.07221,-19.99823],[46.07547,-20.00613],[46.08194,-20.00739],[46.08191,-20.01781],[46.08377,-20.02228],[46.09,-20.0275],[46.10538,-20.03183],[46.12014,-20.03085],[46.13432,-20.03948],[46.14192,-20.05164],[46.13944,-20.06387],[46.13562,-20.06891],[46.13825,-20.07991],[46.14403,-20.08465],[46.14949,-20.08434],[46.15762,-20.07193],[46.16288,-20.0616],[46.17492,-20.05182],[46.18493,-20.04673],[46.18938,-20.04237],[46.20125,-20.04133],[46.21267,-20.02789],[46.2139,-20.02268],[46.21139,-20.01249],[46.21522,-20.00543],[46.22532,-20.00568],[46.23556,-20.02119],[46.24932,-20.02974],[46.25615,-20.02846],[46.26284,-20.03368],[46.26542,-20.04064],[46.27376,-20.0462],[46.27479,-20.05983],[46.28496,-20.06522],[46.28638,-20.07214],[46.28206,-20.07572],[46.28035,-20.08184],[46.28513,-20.0869],[46.2789,-20.0909],[46.26367,-20.08748],[46.25929,-20.08822],[46.25788,-20.09378],[46.26205,-20.09755],[46.27343,-20.10101],[46.27244,-20.11053],[46.27489,-20.12187],[46.28004,-20.13003],[46.29024,-20.13049],[46.28874,-20.13919],[46.2911,-20.14753],[46.28322,-20.15429],[46.27459,-20.15269],[46.26969,-20.14813],[46.26244,-20.15048],[46.25311,-20.14977],[46.25128,-20.15316],[46.25023,-20.16793],[46.25191,-20.18026],[46.26956,-20.20222],[46.2739,-20.20557],[46.28265,-20.20813],[46.28676,-20.21525],[46.29713,-20.2219],[46.30042,-20.22641],[46.31136,-20.22405],[46.31371,-20.2276],[46.32293,-20.22612],[46.33138,-20.22685],[46.34037,-20.23093],[46.3496,-20.23919],[46.35578,-20.24073],[46.36852,-20.24901],[46.37556,-20.24808],[46.37812,-20.24212],[46.38325,-20.23824],[46.38834,-20.24009],[46.40106,-20.23574],[46.40938,-20.23],[46.4237,-20.22932],[46.42932,-20.2265],[46.43522,-20.21695],[46.44317,-20.21432],[46.4474,-20.2188],[46.44701,-20.22442],[46.45425,-20.23936],[46.47021,-20.2485],[46.48252,-20.24843],[46.48715,-20.2461],[46.50167,-20.25213],[46.50551,-20.24422],[46.51275,-20.25205],[46.50856,-20.2579],[46.51587,-20.2655],[46.52636,-20.26379],[46.54363,-20.26405],[46.55086,-20.26653],[46.56721,-20.26647],[46.5778,-20.2621],[46.59317,-20.26615],[46.61295,-20.26238],[46.62406,-20.25798],[46.633,-20.2501],[46.64126,-20.2511],[46.64774,-20.24836],[46.65145,-20.2522],[46.65913,-20.24965],[46.66941,-20.25904],[46.69122,-20.26332],[46.70833,-20.2686],[46.73196,-20.26932],[46.74189,-20.26564],[46.74396,-20.25948],[46.73758,-20.25685],[46.73516,-20.24812],[46.72854,-20.2375],[46.73209,-20.23488],[46.73356,-20.2252],[46.74098,-20.22451],[46.74331,-20.23227],[46.73891,-20.2378],[46.74705,-20.24589],[46.7547,-20.24469],[46.7571,-20.24726],[46.75226,-20.25603],[46.75476,-20.26178],[46.76287,-20.26288],[46.7644,-20.26885],[46.78019,-20.26868],[46.78103,-20.27633],[46.79293,-20.27839],[46.80536,-20.27451],[46.79908,-20.27307],[46.79874,-20.26996],[46.80558,-20.26803],[46.81264,-20.27721],[46.81709,-20.27838],[46.82088,-20.27331],[46.81697,-20.27112],[46.82191,-20.26686],[46.82362,-20.26066],[46.82767,-20.25918],[46.83088,-20.25202],[46.83961,-20.2497],[46.83933,-20.25534],[46.84405,-20.2567],[46.85052,-20.2644],[46.85497,-20.26356],[46.86396,-20.26872],[46.86566,-20.26389],[46.86203,-20.25843],[46.86995,-20.25288],[46.86648,-20.2502],[46.86715,-20.24522],[46.87325,-20.23564],[46.87767,-20.2325],[46.88873,-20.23617],[46.88683,-20.22896],[46.89414,-20.22932],[46.89764,-20.22675],[46.89933,-20.2169],[46.8949,-20.21153],[46.90288,-20.20947],[46.91336,-20.19989],[46.91179,-20.19135],[46.91956,-20.18754],[46.92595,-20.18892],[46.92954,-20.18401],[46.9291,-20.17679],[46.93495,-20.17662],[46.94426,-20.16609],[46.95357,-20.17392],[46.96027,-20.18907],[46.95548,-20.19474],[46.95562,-20.20039],[46.96034,-20.20862],[46.96365,-20.20908],[46.97786,-20.20049],[46.98148,-20.20044],[46.98828,-20.20705],[46.99138,-20.21563],[46.9983,-20.2243],[47.00374,-20.21839],[47.00361,-20.20788],[47.00051,-20.19975],[47.00522,-20.18473],[47.01003,-20.18241],[47.00991,-20.19489],[47.01736,-20.19435],[47.02099,-20.19783],[47.0253,-20.19465],[47.03218,-20.19466],[47.03585,-20.1897],[47.05193,-20.17684],[47.05194,-20.16661],[47.05508,-20.16279],[47.06153,-20.16601],[47.06555,-20.16202],[47.07025,-20.1699],[47.07507,-20.16156],[47.0792,-20.1597],[47.08467,-20.16386],[47.1009,-20.15683],[47.10649,-20.1643],[47.11229,-20.16728],[47.11808,-20.16258],[47.14379,-20.15971],[47.16461,-20.16004],[47.17511,-20.16175],[47.18354,-20.16538],[47.18645,-20.16235],[47.18604,-20.14678],[47.18279,-20.13516],[47.1819,-20.12173],[47.17658,-20.11372],[47.18289,-20.10963],[47.19208,-20.09902],[47.1919,-20.09045],[47.20695,-20.08035],[47.21374,-20.07867],[47.21864,-20.0725],[47.22828,-20.07072],[47.23408,-20.08026],[47.23812,-20.07819],[47.24232,-20.06913],[47.25385,-20.06562],[47.26645,-20.07313],[47.27128,-20.07365],[47.28112,-20.06075],[47.29952,-20.06353],[47.30568,-20.05183],[47.32207,-20.05575],[47.33918,-20.05318],[47.35667,-20.04388],[47.36258,-20.04473],[47.37433,-20.05244],[47.3821,-20.06199],[47.39295,-20.06606],[47.396,-20.06377],[47.4216,-20.0685],[47.43681,-20.07778],[47.44204,-20.08463],[47.44817,-20.0847],[47.45724,-20.08052],[47.45641,-20.07288],[47.45854,-20.06197],[47.45888,-20.04949],[47.46175,-20.04272],[47.47008,-20.03808],[47.48544,-20.04631],[47.48783,-20.04392],[47.49842,-20.04493],[47.49777,-20.05396],[47.50307,-20.06033],[47.5084,-20.06294],[47.50384,-20.07474],[47.50657,-20.07811],[47.51673,-20.07384],[47.5135,-20.06894],[47.51781,-20.05949],[47.5267,-20.05779],[47.53426,-20.0538],[47.54041,-20.0561],[47.54826,-20.05222],[47.56591,-20.06312],[47.58627,-20.07419],[47.59346,-20.07679],[47.60344,-20.07584],[47.60847,-20.08111],[47.61669,-20.09668],[47.62885,-20.09601],[47.64375,-20.08618],[47.66274,-20.08075],[47.66857,-20.0766],[47.67527,-20.06796],[47.68103,-20.06647],[47.69976,-20.06782],[47.7067,-20.05935],[47.71222,-20.06841],[47.71533,-20.08045],[47.71121,-20.09713],[47.71702,-20.10142],[47.71273,-20.10771],[47.71408,-20.11159],[47.70845,-20.11701],[47.71398,-20.12501],[47.71053,-20.13125],[47.71121,-20.1383],[47.69966,-20.15677],[47.69779,-20.16361],[47.69411,-20.16336],[47.68611,-20.16911],[47.68244,-20.17467],[47.68807,-20.18669],[47.68676,-20.19206],[47.68947,-20.19772],[47.6874,-20.20158],[47.68982,-20.20853],[47.68845,-20.21358],[47.67956,-20.22407],[47.67446,-20.23337],[47.67063,-20.23563],[47.67091,-20.24048],[47.66605,-20.24415],[47.66506,-20.24915],[47.66854,-20.25595],[47.67312,-20.25718],[47.67877,-20.26766],[47.66953,-20.28022],[47.67091,-20.28676],[47.67007,-20.29657],[47.67788,-20.30268],[47.67592,-20.30965],[47.6851,-20.3161],[47.68745,-20.32974],[47.68047,-20.34102],[47.67132,-20.36011],[47.67267,-20.37473],[47.66934,-20.37678],[47.66685,-20.38484],[47.65965,-20.38975],[47.65567,-20.39583],[47.65945,-20.39885],[47.65876,-20.40837],[47.66141,-20.41572],[47.65816,-20.42024],[47.66085,-20.42404],[47.65986,-20.43056],[47.65459,-20.43511],[47.65278,-20.44249],[47.64725,-20.44579],[47.65151,-20.4522],[47.65064,-20.45838],[47.64655,-20.45786],[47.64946,-20.46374],[47.64661,-20.47944],[47.65373,-20.48323],[47.6596,-20.48222],[47.65882,-20.48728],[47.66358,-20.49125],[47.65461,-20.49504],[47.65166,-20.50486],[47.64366,-20.51069],[47.64588,-20.51211],[47.64284,-20.52087],[47.65692,-20.52889],[47.65643,-20.53626],[47.6517,-20.54042],[47.65003,-20.54922],[47.6552,-20.55881],[47.64099,-20.57246],[47.6367,-20.57307],[47.62768,-20.5822],[47.62661,-20.59322],[47.62914,-20.60517],[47.62105,-20.60987],[47.61491,-20.60896],[47.61105,-20.61472],[47.61265,-20.62857],[47.61103,-20.63201],[47.61203,-20.64461],[47.61499,-20.6565],[47.61787,-20.66064],[47.61628,-20.6674],[47.62584,-20.67697],[47.63618,-20.67123],[47.63626,-20.66287],[47.63205,-20.65803],[47.62263,-20.65191],[47.62545,-20.63407],[47.63658,-20.62659],[47.63985,-20.62104],[47.64526,-20.62001],[47.6521,-20.62903],[47.66236,-20.63087],[47.67354,-20.63724],[47.67994,-20.64626],[47.67791,-20.65648],[47.671,-20.65809],[47.66316,-20.65659],[47.66228,-20.6509],[47.65799,-20.64844],[47.653,-20.65885],[47.6588,-20.66732],[47.67096,-20.66819],[47.66526,-20.68668],[47.66166,-20.68251],[47.66064,-20.69457],[47.66537,-20.69744],[47.66544,-20.70389],[47.65748,-20.70314],[47.64397,-20.69905],[47.63601,-20.70431],[47.63622,-20.72524],[47.64374,-20.73566],[47.64272,-20.74157],[47.64683,-20.74718],[47.64418,-20.75109],[47.63743,-20.74435],[47.63665,-20.73704],[47.62859,-20.74109],[47.62241,-20.74125],[47.60963,-20.73737],[47.60247,-20.74038],[47.60055,-20.74496],[47.5939,-20.74046],[47.58632,-20.74167],[47.58255,-20.74473],[47.55807,-20.74198],[47.54963,-20.74029],[47.54524,-20.74612],[47.53799,-20.74139],[47.53099,-20.73291],[47.52384,-20.73651],[47.51607,-20.73152],[47.51936,-20.74025],[47.51595,-20.74884],[47.51728,-20.75802],[47.50859,-20.7618],[47.48981,-20.76263],[47.4938,-20.76714],[47.49506,-20.77871],[47.49169,-20.78298],[47.49163,-20.7955],[47.48406,-20.8017],[47.48312,-20.8061],[47.47694,-20.80795],[47.46848,-20.81423],[47.45827,-20.81916],[47.45616,-20.8311],[47.44769,-20.83874],[47.44629,-20.84805],[47.44019,-20.84806],[47.44511,-20.85851],[47.44975,-20.85923],[47.45244,-20.86585],[47.45044,-20.87189],[47.46169,-20.8737],[47.46096,-20.88236],[47.46691,-20.89032],[47.46808,-20.89669],[47.46463,-20.90569],[47.46381,-20.91552],[47.46643,-20.91696],[47.46259,-20.93083],[47.46463,-20.93806],[47.46458,-20.9485],[47.4576,-20.95219],[47.43204,-20.95157],[47.42491,-20.94614],[47.42382,-20.9498],[47.41925,-20.94637],[47.40768,-20.95066],[47.39988,-20.94607],[47.39511,-20.94768],[47.39305,-20.94274],[47.38754,-20.94258],[47.38513,-20.94691],[47.38927,-20.95453],[47.38414,-20.95802],[47.37067,-20.95842],[47.36567,-20.96379],[47.35915,-20.95851],[47.35061,-20.96218],[47.34873,-20.96588],[47.34708,-20.96217],[47.33561,-20.95501],[47.33115,-20.95872],[47.33203,-20.95305],[47.32818,-20.94565],[47.32939,-20.93941],[47.3231,-20.93062],[47.31074,-20.92406],[47.3111,-20.9161],[47.30535,-20.90264],[47.31003,-20.89329],[47.30516,-20.89022],[47.30422,-20.88442],[47.29914,-20.87974],[47.30183,-20.87564],[47.301,-20.86458],[47.29402,-20.85337],[47.29601,-20.84795],[47.30375,-20.84502],[47.31087,-20.84513],[47.31421,-20.84066],[47.31033,-20.83597],[47.30877,-20.82755],[47.29676,-20.80978],[47.28673,-20.8104],[47.28343,-20.79977],[47.27455,-20.7915],[47.25656,-20.78843],[47.25224,-20.79357],[47.24341,-20.7983],[47.2375,-20.81201],[47.23738,-20.81962],[47.2307,-20.82156],[47.22542,-20.81755],[47.2173,-20.81832],[47.21353,-20.82354],[47.20979,-20.821],[47.20269,-20.82278],[47.18996,-20.81559],[47.18485,-20.81784],[47.18474,-20.82509],[47.18052,-20.83209],[47.17682,-20.83307],[47.16851,-20.8301],[47.16877,-20.84076],[47.1638,-20.84657],[47.16492,-20.85439],[47.16042,-20.86146],[47.15145,-20.86945],[47.1367,-20.87566],[47.12824,-20.87447],[47.12659,-20.86991],[47.12063,-20.86472],[47.11483,-20.86642],[47.11118,-20.87194],[47.10566,-20.87419],[47.10791,-20.88315],[47.09922,-20.885],[47.08973,-20.88313],[47.06208,-20.8852],[47.05595,-20.88764],[47.04669,-20.89488],[47.0348,-20.90763],[47.03106,-20.90834],[47.02222,-20.92433],[47.0392,-20.93345],[47.03862,-20.93671],[47.0268,-20.94087],[47.02452,-20.94811],[47.02791,-20.95489],[47.0176,-20.96703],[47.00877,-20.97131],[46.99594,-20.97081],[46.99117,-20.97215],[46.98285,-20.97872],[46.97416,-20.97985],[46.95729,-20.96651],[46.94585,-20.96996],[46.94295,-20.97321],[46.94372,-20.98584],[46.94086,-20.99797],[46.9298,-21.00534],[46.92488,-21.01586],[46.92053,-21.01744],[46.90063,-21.01445],[46.89066,-21.01191],[46.88888,-21.00328],[46.88087,-20.99951],[46.87613,-21.00008],[46.86615,-20.98717],[46.86571,-20.98335],[46.86001,-20.98617],[46.84977,-20.99648],[46.84979,-21.00004],[46.84218,-21.00538],[46.82932,-20.99997],[46.81428,-20.99538],[46.81051,-20.99214],[46.8092,-20.98415],[46.80152,-20.95911],[46.79471,-20.95424],[46.77873,-20.95511],[46.76989,-20.96116],[46.76879,-20.96514],[46.76603,-20.94822],[46.76301,-20.93934],[46.76217,-20.92789],[46.75825,-20.91938],[46.74563,-20.90855],[46.74299,-20.9046],[46.73435,-20.90252],[46.72627,-20.89278],[46.71851,-20.89173],[46.71523,-20.88257],[46.70705,-20.87164],[46.69716,-20.86748],[46.68509,-20.86677],[46.67968,-20.86321],[46.67315,-20.85468],[46.65933,-20.84964],[46.65159,-20.83635],[46.6405,-20.83129],[46.63092,-20.82243],[46.62353,-20.80885],[46.61866,-20.80407],[46.61371,-20.79106],[46.61241,-20.77383],[46.6097,-20.76489],[46.59523,-20.76153],[46.58955,-20.75839],[46.5833,-20.74709],[46.57915,-20.74623],[46.57684,-20.74078],[46.57269,-20.71941],[46.57327,-20.70899],[46.57042,-20.70627],[46.5671,-20.69272],[46.56345,-20.69012],[46.55802,-20.69664],[46.54751,-20.70525],[46.54202,-20.70655],[46.53974,-20.70243],[46.53964,-20.69134],[46.5322,-20.69027],[46.51865,-20.69795],[46.521,-20.70301],[46.51262,-20.7242],[46.50492,-20.72874],[46.5002,-20.73389],[46.49565,-20.73232],[46.4903,-20.73604],[46.4853,-20.74341],[46.47911,-20.74845],[46.46895,-20.75201],[46.45942,-20.76018],[46.43806,-20.76241],[46.43479,-20.76966],[46.43033,-20.77063],[46.42369,-20.77815],[46.41589,-20.77404],[46.40548,-20.76363],[46.39565,-20.75867],[46.38258,-20.76119],[46.37949,-20.75617],[46.37762,-20.73011],[46.37438,-20.72773],[46.36079,-20.73012],[46.35601,-20.73387],[46.35221,-20.73201],[46.35093,-20.73747],[46.34544,-20.746],[46.34649,-20.74891],[46.34029,-20.75758],[46.33485,-20.75789],[46.32905,-20.75376],[46.33092,-20.75846],[46.32446,-20.76416],[46.32614,-20.77069],[46.31536,-20.7772],[46.30957,-20.77833],[46.29747,-20.79182],[46.28952,-20.79465],[46.28995,-20.80515],[46.28504,-20.81174],[46.28955,-20.81305],[46.29158,-20.82215],[46.28986,-20.82632],[46.28285,-20.82369],[46.27737,-20.83146],[46.26535,-20.8347],[46.26029,-20.83873],[46.2694,-20.84945],[46.27048,-20.85337],[46.26718,-20.86409],[46.27229,-20.86539],[46.27352,-20.87597],[46.26868,-20.87727],[46.2649,-20.8855],[46.26915,-20.89175],[46.27579,-20.89631],[46.2725,-20.89907],[46.28144,-20.9032],[46.27663,-20.90652],[46.2837,-20.91115],[46.28707,-20.92088],[46.28188,-20.92659],[46.27693,-20.92364],[46.26909,-20.93165],[46.26062,-20.93253],[46.25604,-20.92789],[46.24271,-20.92826],[46.23584,-20.93242],[46.22331,-20.94645],[46.22371,-20.95328],[46.23097,-20.95784],[46.23744,-20.95481],[46.24269,-20.94723],[46.25037,-20.94382],[46.25561,-20.95141],[46.2548,-20.95862],[46.2564,-20.97266],[46.25357,-20.97683],[46.25477,-20.98707],[46.2378,-20.99351],[46.23334,-21.00185],[46.23293,-21.01133],[46.22767,-21.01891],[46.2169,-21.0204],[46.21192,-21.01283],[46.20222,-21.01092],[46.19698,-21.00522],[46.1889,-21.00104],[46.1856,-20.99677],[46.17965,-20.9988],[46.16656,-20.99778],[46.15694,-20.99253],[46.14939,-20.99491],[46.14381,-20.99243],[46.13933,-20.98552],[46.12785,-20.97748],[46.1156,-20.97879],[46.10813,-20.97543],[46.09764,-20.9823],[46.08854,-20.98129],[46.07921,-20.985],[46.07776,-20.99323],[46.06706,-20.99035],[46.05887,-20.99704],[46.05228,-20.9986],[46.03996,-20.99028],[46.03047,-20.98228],[46.01391,-20.97286],[46.00779,-20.96387],[46.00784,-20.95464],[46.00261,-20.95444],[45.99852,-20.95044],[45.98189,-20.95108],[45.98074,-20.95601],[45.97297,-20.96428],[45.96506,-20.96856],[45.95355,-20.96844],[45.95071,-20.96186],[45.9421,-20.96068],[45.93858,-20.96858],[45.93424,-20.97171],[45.9313,-20.96687],[45.92798,-20.96919],[45.92268,-20.96395],[45.91761,-20.96555],[45.91464,-20.97018],[45.91089,-20.98208],[45.90972,-20.99358],[45.90248,-21.00182],[45.89245,-21.00233],[45.88386,-21.00604],[45.87488,-21.01244],[45.86529,-21.01124],[45.85688,-21.0144],[45.85148,-21.01931],[45.84397,-21.0183],[45.83745,-21.02073],[45.82576,-21.0282],[45.81288,-21.03105],[45.80602,-21.02423],[45.79693,-21.02303],[45.79198,-21.01894],[45.78816,-21.00985],[45.78387,-21.00642],[45.79367,-20.99563],[45.79477,-20.99088],[45.79049,-20.9753],[45.78696,-20.97248],[45.78539,-20.96348],[45.77985,-20.95936],[45.77476,-20.95895],[45.77621,-20.95298],[45.78023,-20.9493],[45.78046,-20.9445],[45.77688,-20.93662],[45.7757,-20.92576],[45.78107,-20.91686],[45.77066,-20.90917],[45.77329,-20.90189],[45.76698,-20.89481],[45.77145,-20.88995],[45.77633,-20.87821],[45.78076,-20.87676],[45.77075,-20.86052],[45.77182,-20.85733],[45.76768,-20.85101],[45.76549,-20.83865],[45.7748,-20.82388],[45.77475,-20.8081],[45.77319,-20.80322],[45.77561,-20.79393],[45.77201,-20.79012],[45.77308,-20.78349],[45.78042,-20.77305],[45.77709,-20.76766],[45.78387,-20.76153],[45.7886,-20.76211],[45.79181,-20.75756],[45.78422,-20.74533],[45.78619,-20.74267],[45.78415,-20.73624],[45.78996,-20.72314],[45.81039,-20.71755],[45.82,-20.71709],[45.82429,-20.71311],[45.82962,-20.71537],[45.8415,-20.71474],[45.84007,-20.69935],[45.84228,-20.69197],[45.83831,-20.68281],[45.83384,-20.68163],[45.83099,-20.67589],[45.8334,-20.66967],[45.83361,-20.65931],[45.82818,-20.65662],[45.828,-20.65078],[45.82292,-20.64058],[45.83062,-20.6275],[45.82587,-20.62446],[45.82728,-20.61299],[45.82128,-20.60073],[45.82521,-20.59438],[45.82413,-20.58035],[45.81853,-20.56818],[45.81949,-20.56173],[45.81269,-20.55865],[45.80574,-20.55217],[45.79132,-20.54422],[45.78447,-20.535],[45.78535,-20.52987],[45.78996,-20.52502],[45.80661,-20.524],[45.81179,-20.51996],[45.82047,-20.5016],[45.82289,-20.49966],[45.81672,-20.48324],[45.81695,-20.47358],[45.81981,-20.46948],[45.8251,-20.46914],[45.83076,-20.45875],[45.82854,-20.44717],[45.83256,-20.43544],[45.82876,-20.43022],[45.8286,-20.42397],[45.83192,-20.42079],[45.82841,-20.41289],[45.82958,-20.40817],[45.82505,-20.40741],[45.82048,-20.40044],[45.81731,-20.38925],[45.81776,-20.38465],[45.82273,-20.38087],[45.82354,-20.37388],[45.83201,-20.34902],[45.83476,-20.33832],[45.83342,-20.33199],[45.82648,-20.32947],[45.81675,-20.31148],[45.81006,-20.30548],[45.80963,-20.29655],[45.81222,-20.28902],[45.80981,-20.28561],[45.81357,-20.27716],[45.80482,-20.26938],[45.80657,-20.26257],[45.80564,-20.25233],[45.80865,-20.24799],[45.80471,-20.23566],[45.79762,-20.22537],[45.80008,-20.21653],[45.79444,-20.21009],[45.7983,-20.20223],[45.79486,-20.19808],[45.79489,-20.19206],[45.79069,-20.1806],[45.78076,-20.16794],[45.77644,-20.16608],[45.77208,-20.15506],[45.77184,-20.14822],[45.77463,-20.13814],[45.77276,-20.13181],[45.76323,-20.12537],[45.75803,-20.11003],[45.76419,-20.10083],[45.7629,-20.09344],[45.76922,-20.09003],[45.76547,-20.08029],[45.76665,-20.07196],[45.76159,-20.07172],[45.76145,-20.06547],[45.75651,-20.05852],[45.75539,-20.05152],[45.75082,-20.04491],[45.755,-20.04038],[45.75927,-20.04304],[45.76221,-20.04978],[45.76966,-20.05191],[45.76993,-20.04842],[45.7803,-20.04103],[45.78628,-20.04342],[45.79436,-20.04227],[45.79158,-20.03057],[45.78512,-20.0288],[45.78472,-20.0206],[45.78228,-20.01621],[45.78558,-20.01161],[45.793,-20.00697],[45.78429,-20.00035],[45.77215,-19.9985],[45.7664,-19.98308],[45.75978,-19.97773],[45.75448,-19.97801],[45.75262,-19.9666],[45.75437,-19.96016],[45.75201,-19.95123],[45.74571,-19.94775],[45.74792,-19.93584],[45.75143,-19.92859],[45.76034,-19.92214],[45.76524,-19.91269],[45.7612,-19.90808],[45.75848,-19.89888],[45.76851,-19.88135],[45.77153,-19.88141],[45.78172,-19.88736]]]}},{"type":"Feature","properties":{"code_zone":"MG23","nom_zone":"Vatovavy Fitovinany","niveau":"Région","code_parent":null,"nom_parent":null},"geometry":{"type":"Polygon","coordinates":[[[48.59312,-20.43051],[48.58801,-20.45212],[48.58075,-20.4729],[48.56507,-20.5147],[48.54877,-20.56966],[48.54033,-20.59005],[48.53659,-20.60424],[48.52697,-20.63411],[48.52304,-20.64865],[48.51096,-20.67913],[48.50095,-20.7177],[48.49233,-20.76083],[48.48886,-20.77124],[48.48784,-20.78567],[48.48569,-20.79631],[48.48629,-20.80486],[48.47823,-20.83327],[48.47755,-20.84204],[48.47171,-20.85588],[48.4614,-20.88592],[48.45754,-20.90139],[48.44891,-20.94766],[48.44553,-20.96145],[48.44493,-20.97081],[48.44664,-20.97966],[48.44474,-20.9915],[48.44067,-21.00052],[48.42522,-21.03958],[48.40551,-21.09585],[48.38286,-21.15552],[48.36457,-21.19303],[48.36102,-21.20577],[48.35403,-21.22382],[48.34706,-21.24911],[48.34387,-21.25507],[48.34368,-21.27703],[48.33933,-21.29587],[48.33285,-21.31729],[48.32698,-21.3406],[48.32578,-21.3534],[48.3114,-21.40821],[48.29902,-21.4448],[48.29649,-21.45497],[48.28983,-21.47181],[48.28315,-21.49154],[48.27977,-21.49795],[48.27357,-21.5171],[48.26525,-21.5395],[48.25572,-21.56852],[48.24997,-21.5816],[48.2378,-21.62084],[48.23144,-21.6347],[48.21658,-21.6747],[48.21041,-21.68715],[48.20589,-21.70527],[48.2005,-21.72054],[48.19683,-21.73523],[48.18926,-21.75097],[48.18642,-21.76037],[48.18024,-21.77243],[48.17157,-21.79475],[48.15666,-21.82839],[48.14955,-21.85031],[48.13975,-21.8761],[48.13273,-21.8913],[48.12612,-21.91072],[48.12021,-21.9205],[48.10314,-21.95562],[48.09888,-21.96988],[48.10048,-21.97309],[48.08595,-22.00139],[48.06507,-22.05324],[48.05676,-22.06963],[48.05215,-22.08261],[48.04599,-22.09104],[48.04222,-22.10011],[48.03391,-22.11436],[48.02387,-22.13472],[48.0259,-22.14341],[48.01065,-22.17414],[48.00078,-22.19892],[47.99508,-22.21081],[47.99522,-22.21642],[47.98877,-22.22922],[47.98449,-22.24193],[47.97375,-22.26735],[47.96668,-22.27957],[47.95795,-22.29901],[47.94945,-22.32242],[47.94427,-22.34492],[47.93834,-22.36352],[47.93168,-22.37911],[47.92193,-22.40895],[47.919,-22.41497],[47.90659,-22.4536],[47.9034,-22.45808],[47.89589,-22.47735],[47.89292,-22.49432],[47.88402,-22.48215],[47.87543,-22.47826],[47.85952,-22.47686],[47.85687,-22.47432],[47.84667,-22.47389],[47.84175,-22.48077],[47.83051,-22.48737],[47.82104,-22.48187],[47.81776,-22.46916],[47.82372,-22.46277],[47.81691,-22.45162],[47.81556,-22.44476],[47.80892,-22.44028],[47.79779,-22.43855],[47.79102,-22.44105],[47.78169,-22.43933],[47.77686,-22.45064],[47.77267,-22.45344],[47.76562,-22.45342],[47.76134,-22.45749],[47.7577,-22.46736],[47.75069,-22.47277],[47.74718,-22.47221],[47.74304,-22.46443],[47.73949,-22.4638],[47.73523,-22.47443],[47.73022,-22.47663],[47.72643,-22.48879],[47.72238,-22.48759],[47.72035,-22.4923],[47.71617,-22.49181],[47.70905,-22.49793],[47.70788,-22.5029],[47.69915,-22.49931],[47.69634,-22.49405],[47.69134,-22.49323],[47.68923,-22.48913],[47.69193,-22.4762],[47.68105,-22.46685],[47.67579,-22.46533],[47.66821,-22.45413],[47.66353,-22.45303],[47.65811,-22.44389],[47.65311,-22.44768],[47.6352,-22.45031],[47.63248,-22.4564],[47.62383,-22.45476],[47.62128,-22.44941],[47.61427,-22.44991],[47.61312,-22.44162],[47.60494,-22.44265],[47.60046,-22.44041],[47.5972,-22.44419],[47.59449,-22.44091],[47.58281,-22.43834],[47.57871,-22.44377],[47.57309,-22.44042],[47.57231,-22.43316],[47.56292,-22.43292],[47.55323,-22.43526],[47.54524,-22.43234],[47.55342,-22.42938],[47.56091,-22.42273],[47.55644,-22.41418],[47.54895,-22.41058],[47.54057,-22.40204],[47.5193,-22.40525],[47.51634,-22.40054],[47.51013,-22.39979],[47.50588,-22.39448],[47.4997,-22.38132],[47.49367,-22.38393],[47.48796,-22.38035],[47.48364,-22.3742],[47.46933,-22.36371],[47.46188,-22.36103],[47.45085,-22.36587],[47.44509,-22.35769],[47.44387,-22.35235],[47.43317,-22.35027],[47.42918,-22.34447],[47.43237,-22.33814],[47.43625,-22.32283],[47.44227,-22.31368],[47.43605,-22.30873],[47.43421,-22.30366],[47.42365,-22.3039],[47.42243,-22.28154],[47.41664,-22.27463],[47.41713,-22.26904],[47.43386,-22.2497],[47.43254,-22.24375],[47.4273,-22.24145],[47.40958,-22.24197],[47.40409,-22.24043],[47.40334,-22.25378],[47.4048,-22.262],[47.39793,-22.26362],[47.39072,-22.25699],[47.38908,-22.2625],[47.3946,-22.26952],[47.39302,-22.28287],[47.38929,-22.29192],[47.38777,-22.30523],[47.37839,-22.30402],[47.37887,-22.31379],[47.38168,-22.31781],[47.37577,-22.32596],[47.36871,-22.32744],[47.36536,-22.31614],[47.34346,-22.32421],[47.3317,-22.31917],[47.3094,-22.31907],[47.29885,-22.32146],[47.29657,-22.31455],[47.29616,-22.30529],[47.28901,-22.30343],[47.28376,-22.29838],[47.28087,-22.29156],[47.27863,-22.27668],[47.2729,-22.26821],[47.28351,-22.26021],[47.28121,-22.25194],[47.25765,-22.24587],[47.24903,-22.24199],[47.24408,-22.23728],[47.24639,-22.22863],[47.24454,-22.22633],[47.23512,-22.22743],[47.2319,-22.22077],[47.22279,-22.2235],[47.21894,-22.21505],[47.21308,-22.21716],[47.20408,-22.21529],[47.19831,-22.21687],[47.19578,-22.2106],[47.18969,-22.21209],[47.18733,-22.20584],[47.18975,-22.19662],[47.18486,-22.19914],[47.1737,-22.1947],[47.16769,-22.18992],[47.16126,-22.19625],[47.15421,-22.19507],[47.14646,-22.18659],[47.13738,-22.1895],[47.13555,-22.18052],[47.13205,-22.18006],[47.12638,-22.18646],[47.12148,-22.18411],[47.11808,-22.17701],[47.12183,-22.16583],[47.12131,-22.16106],[47.11575,-22.16307],[47.09944,-22.15021],[47.09486,-22.13621],[47.10636,-22.12174],[47.10844,-22.11165],[47.10462,-22.10144],[47.10542,-22.09284],[47.10851,-22.08869],[47.11704,-22.08859],[47.13526,-22.09196],[47.14273,-22.08742],[47.15317,-22.08514],[47.1571,-22.08222],[47.16122,-22.06875],[47.16658,-22.06347],[47.16955,-22.04892],[47.17921,-22.03329],[47.18561,-22.03481],[47.1907,-22.0462],[47.19823,-22.05383],[47.20611,-22.05597],[47.21437,-22.06351],[47.2209,-22.06211],[47.22898,-22.06935],[47.23777,-22.06814],[47.24613,-22.07439],[47.25614,-22.07663],[47.26457,-22.06671],[47.268,-22.05965],[47.27092,-22.04837],[47.28048,-22.03465],[47.28932,-22.01738],[47.29047,-22.0114],[47.28849,-22.00426],[47.30713,-22.004],[47.31699,-21.99335],[47.32109,-21.98675],[47.32108,-21.97511],[47.31877,-21.97149],[47.32293,-21.96509],[47.31542,-21.96259],[47.30979,-21.95776],[47.30855,-21.95171],[47.295,-21.93943],[47.2943,-21.93417],[47.2875,-21.93389],[47.28005,-21.92451],[47.26878,-21.91992],[47.26117,-21.91974],[47.24264,-21.90382],[47.24896,-21.89578],[47.2575,-21.89659],[47.26153,-21.89036],[47.26054,-21.88334],[47.26513,-21.87577],[47.26498,-21.86628],[47.28081,-21.85933],[47.28244,-21.8493],[47.29345,-21.84827],[47.297,-21.83779],[47.30487,-21.83231],[47.30963,-21.83638],[47.31429,-21.83559],[47.32391,-21.84041],[47.32728,-21.83952],[47.33123,-21.83307],[47.33119,-21.82754],[47.33578,-21.82388],[47.3348,-21.8155],[47.33958,-21.81128],[47.34732,-21.81219],[47.34485,-21.80815],[47.35157,-21.79007],[47.36019,-21.77415],[47.3657,-21.77441],[47.36843,-21.76822],[47.36674,-21.75896],[47.36318,-21.75247],[47.37015,-21.74685],[47.38043,-21.74434],[47.38596,-21.73638],[47.38854,-21.72602],[47.38118,-21.71735],[47.38194,-21.71321],[47.38693,-21.71385],[47.38961,-21.70457],[47.38356,-21.69645],[47.38973,-21.69508],[47.39182,-21.68984],[47.39729,-21.68763],[47.3962,-21.6815],[47.39065,-21.67414],[47.38635,-21.67432],[47.39071,-21.65024],[47.39698,-21.64978],[47.398,-21.64123],[47.3911,-21.63414],[47.38808,-21.62416],[47.38224,-21.61712],[47.37588,-21.61572],[47.36767,-21.61949],[47.36743,-21.61628],[47.36143,-21.611],[47.36284,-21.60575],[47.37314,-21.60139],[47.37247,-21.59404],[47.38663,-21.58909],[47.38759,-21.58562],[47.40293,-21.58225],[47.4072,-21.57809],[47.41031,-21.56937],[47.41317,-21.55295],[47.41062,-21.54248],[47.41436,-21.5383],[47.41364,-21.53234],[47.42042,-21.52636],[47.42184,-21.51623],[47.41702,-21.50755],[47.41229,-21.50714],[47.40894,-21.49765],[47.40232,-21.49123],[47.4025,-21.48032],[47.40602,-21.47326],[47.41052,-21.46968],[47.41821,-21.47065],[47.42703,-21.46556],[47.42934,-21.46148],[47.42409,-21.45772],[47.42789,-21.45233],[47.4274,-21.4429],[47.4225,-21.43603],[47.42345,-21.429],[47.43244,-21.42415],[47.42434,-21.42334],[47.42054,-21.41968],[47.421,-21.40816],[47.42388,-21.40308],[47.41884,-21.39642],[47.41797,-21.38253],[47.41092,-21.37812],[47.41388,-21.36987],[47.40897,-21.36361],[47.40835,-21.34534],[47.40401,-21.33295],[47.39977,-21.32906],[47.3966,-21.33185],[47.38723,-21.32879],[47.38241,-21.32253],[47.38089,-21.31629],[47.38871,-21.30905],[47.39321,-21.30822],[47.39951,-21.29984],[47.40342,-21.29164],[47.40195,-21.28481],[47.3943,-21.27819],[47.38041,-21.27909],[47.37744,-21.27488],[47.38038,-21.267],[47.38867,-21.2644],[47.39129,-21.26057],[47.38747,-21.25163],[47.39171,-21.24869],[47.39749,-21.24919],[47.40163,-21.24431],[47.39897,-21.2356],[47.4004,-21.22606],[47.39671,-21.22099],[47.392,-21.21991],[47.39129,-21.2113],[47.39751,-21.20438],[47.40373,-21.20465],[47.41044,-21.18828],[47.41897,-21.18379],[47.42251,-21.17406],[47.43232,-21.16192],[47.44015,-21.16587],[47.44695,-21.16154],[47.44962,-21.15154],[47.44557,-21.14781],[47.44762,-21.14051],[47.44362,-21.13801],[47.44279,-21.13158],[47.43667,-21.12413],[47.4381,-21.11751],[47.44156,-21.11503],[47.43718,-21.1077],[47.44032,-21.10637],[47.43864,-21.10082],[47.44328,-21.09084],[47.42214,-21.08642],[47.41748,-21.08358],[47.4034,-21.06787],[47.39342,-21.06587],[47.3874,-21.06735],[47.3825,-21.07631],[47.37577,-21.07175],[47.36371,-21.07216],[47.35807,-21.06414],[47.34843,-21.06184],[47.34451,-21.05549],[47.33679,-21.05246],[47.33706,-21.04211],[47.34015,-21.0336],[47.34607,-21.02735],[47.34277,-21.01972],[47.3348,-21.01748],[47.33174,-21.00585],[47.33971,-20.99659],[47.34328,-20.9888],[47.34945,-20.98731],[47.35559,-20.98138],[47.35175,-20.97712],[47.34873,-20.96588],[47.35061,-20.96218],[47.35915,-20.95851],[47.36567,-20.96379],[47.37067,-20.95842],[47.38414,-20.95802],[47.38927,-20.95453],[47.38513,-20.94691],[47.38754,-20.94258],[47.39305,-20.94274],[47.39511,-20.94768],[47.39988,-20.94607],[47.40768,-20.95066],[47.41925,-20.94637],[47.42382,-20.9498],[47.42491,-20.94614],[47.43204,-20.95157],[47.4576,-20.95219],[47.46458,-20.9485],[47.46463,-20.93806],[47.46259,-20.93083],[47.46643,-20.91696],[47.46381,-20.91552],[47.46463,-20.90569],[47.46808,-20.89669],[47.46691,-20.89032],[47.46096,-20.88236],[47.46169,-20.8737],[47.45044,-20.87189],[47.45244,-20.86585],[47.44975,-20.85923],[47.44511,-20.85851],[47.44019,-20.84806],[47.44629,-20.84805],[47.44769,-20.83874],[47.45616,-20.8311],[47.45827,-20.81916],[47.46848,-20.81423],[47.47694,-20.80795],[47.48312,-20.8061],[47.48406,-20.8017],[47.49163,-20.7955],[47.49169,-20.78298],[47.49506,-20.77871],[47.4938,-20.76714],[47.48981,-20.76263],[47.50859,-20.7618],[47.51728,-20.75802],[47.51595,-20.74884],[47.51936,-20.74025],[47.51607,-20.73152],[47.52384,-20.73651],[47.53099,-20.73291],[47.53799,-20.74139],[47.54524,-20.74612],[47.54963,-20.74029],[47.55807,-20.74198],[47.58255,-20.74473],[47.58632,-20.74167],[47.5939,-20.74046],[47.60055,-20.74496],[47.60247,-20.74038],[47.60963,-20.73737],[47.62241,-20.74125],[47.62859,-20.74109],[47.63665,-20.73704],[47.63743,-20.74435],[47.64418,-20.75109],[47.64683,-20.74718],[47.64272,-20.74157],[47.64374,-20.73566],[47.63622,-20.72524],[47.63601,-20.70431],[47.64397,-20.69905],[47.65748,-20.70314],[47.66544,-20.70389],[47.66537,-20.69744],[47.66064,-20.69457],[47.66166,-20.68251],[47.66526,-20.68668],[47.67096,-20.66819],[47.6588,-20.66732],[47.653,-20.65885],[47.65799,-20.64844],[47.66228,-20.6509],[47.66316,-20.65659],[47.671,-20.65809],[47.67791,-20.65648],[47.67994,-20.64626],[47.67354,-20.63724],[47.66236,-20.63087],[47.6521,-20.62903],[47.64526,-20.62001],[47.63985,-20.62104],[47.63658,-20.62659],[47.62545,-20.63407],[47.62263,-20.65191],[47.63205,-20.65803],[47.63626,-20.66287],[47.63618,-20.67123],[47.62584,-20.67697],[47.61628,-20.6674],[47.61787,-20.66064],[47.61499,-20.6565],[47.61203,-20.64461],[47.61103,-20.63201],[47.61265,-20.62857],[47.61105,-20.61472],[47.61491,-20.60896],[47.62105,-20.60987],[47.62914,-20.60517],[47.62661,-20.59322],[47.62768,-20.5822],[47.6367,-20.57307],[47.64099,-20.57246],[47.6552,-20.55881],[47.65003,-20.54922],[47.6517,-20.54042],[47.65643,-20.53626],[47.65692,-20.52889],[47.64284,-20.52087],[47.64588,-20.51211],[47.64366,-20.51069],[47.65166,-20.50486],[47.65461,-20.49504],[47.66358,-20.49125],[47.65882,-20.48728],[47.6596,-20.48222],[47.65373,-20.48323],[47.64661,-20.47944],[47.64946,-20.46374],[47.64655,-20.45786],[47.65064,-20.45838],[47.65151,-20.4522],[47.64725,-20.44579],[47.65278,-20.44249],[47.65459,-20.43511],[47.65986,-20.43056],[47.66085,-20.42404],[47.65816,-20.42024],[47.66141,-20.41572],[47.65876,-20.40837],[47.65945,-20.39885],[47.65567,-20.39583],[47.65965,-20.38975],[47.66685,-20.38484],[47.66934,-20.37678],[47.67267,-20.37473],[47.6816,-20.3768],[47.68824,-20.37312],[47.69793,-20.37949],[47.6981,-20.38368],[47.69195,-20.39445],[47.69974,-20.40534],[47.70745,-20.40705],[47.72008,-20.40223],[47.72266,-20.40603],[47.73358,-20.40632],[47.73612,-20.41105],[47.74301,-20.41399],[47.73919,-20.41973],[47.73578,-20.42992],[47.74057,-20.43171],[47.74736,-20.43856],[47.75474,-20.4364],[47.75693,-20.44394],[47.7622,-20.44957],[47.76256,-20.45376],[47.76851,-20.46169],[47.77461,-20.45839],[47.7793,-20.46287],[47.78474,-20.46057],[47.79057,-20.46378],[47.79294,-20.4574],[47.8036,-20.45729],[47.80702,-20.46234],[47.81308,-20.46007],[47.81338,-20.45388],[47.80868,-20.44977],[47.81725,-20.45281],[47.83011,-20.45423],[47.83488,-20.44836],[47.83878,-20.45292],[47.84334,-20.45195],[47.84686,-20.44215],[47.85379,-20.43517],[47.86103,-20.43527],[47.8676,-20.4327],[47.87231,-20.42632],[47.88135,-20.42862],[47.88701,-20.42569],[47.89966,-20.43351],[47.90152,-20.4375],[47.90624,-20.43655],[47.91214,-20.44024],[47.91646,-20.43608],[47.92278,-20.43424],[47.92528,-20.43908],[47.93064,-20.43924],[47.93365,-20.43358],[47.94095,-20.43476],[47.94887,-20.42068],[47.95144,-20.4185],[47.95959,-20.41886],[47.96655,-20.40638],[47.97716,-20.40778],[47.98478,-20.40668],[48.00229,-20.40954],[48.00581,-20.40882],[48.01036,-20.41397],[48.00827,-20.41644],[48.01581,-20.42208],[48.01912,-20.41804],[48.02736,-20.42018],[48.03063,-20.42634],[48.035,-20.42219],[48.04002,-20.42813],[48.04167,-20.43771],[48.04934,-20.4458],[48.04825,-20.45042],[48.06108,-20.45516],[48.06666,-20.45341],[48.06765,-20.44748],[48.07574,-20.43677],[48.0782,-20.42843],[48.07766,-20.42066],[48.07153,-20.4151],[48.07518,-20.4045],[48.07996,-20.40146],[48.07711,-20.39159],[48.08146,-20.38453],[48.09045,-20.3757],[48.09248,-20.3664],[48.096,-20.3648],[48.09631,-20.35778],[48.10304,-20.34736],[48.10835,-20.33422],[48.1089,-20.32561],[48.1124,-20.32233],[48.11689,-20.30942],[48.12528,-20.30556],[48.12556,-20.29929],[48.13267,-20.29006],[48.13497,-20.28243],[48.14309,-20.27661],[48.14483,-20.2686],[48.13972,-20.26443],[48.13872,-20.25958],[48.13087,-20.25453],[48.13049,-20.24755],[48.13398,-20.23951],[48.14189,-20.23664],[48.14528,-20.22807],[48.15497,-20.21667],[48.17807,-20.21774],[48.18382,-20.21352],[48.19736,-20.21155],[48.20328,-20.21727],[48.2039,-20.22337],[48.19878,-20.22567],[48.19795,-20.23112],[48.20085,-20.23864],[48.19694,-20.23862],[48.19436,-20.24764],[48.20702,-20.25888],[48.2098,-20.27296],[48.2134,-20.27636],[48.21923,-20.27574],[48.22975,-20.28007],[48.23188,-20.28439],[48.24867,-20.29325],[48.24766,-20.30251],[48.25222,-20.30657],[48.26341,-20.30839],[48.26753,-20.3147],[48.27144,-20.31333],[48.27838,-20.30562],[48.29088,-20.30687],[48.29306,-20.31563],[48.29864,-20.31579],[48.30794,-20.3038],[48.31468,-20.30159],[48.31984,-20.29716],[48.32885,-20.29981],[48.33319,-20.29844],[48.33951,-20.2844],[48.34439,-20.28386],[48.35538,-20.29772],[48.35879,-20.29867],[48.35983,-20.31096],[48.36757,-20.31039],[48.38292,-20.30513],[48.38487,-20.30705],[48.38943,-20.30228],[48.39142,-20.31578],[48.38851,-20.32058],[48.3862,-20.33139],[48.38678,-20.33696],[48.38075,-20.34781],[48.36935,-20.35529],[48.38027,-20.36395],[48.38361,-20.38134],[48.39004,-20.38188],[48.39792,-20.37525],[48.4015,-20.36382],[48.41089,-20.36394],[48.41625,-20.35844],[48.42155,-20.35904],[48.42261,-20.37196],[48.42083,-20.38105],[48.43014,-20.38308],[48.43624,-20.38202],[48.44557,-20.38798],[48.44254,-20.39661],[48.44548,-20.3997],[48.44537,-20.4064],[48.45676,-20.40526],[48.4724,-20.40956],[48.48529,-20.40458],[48.49941,-20.41257],[48.50917,-20.41222],[48.51384,-20.39782],[48.51947,-20.39358],[48.52627,-20.39175],[48.5312,-20.39346],[48.5393,-20.40282],[48.5441,-20.40366],[48.54866,-20.41217],[48.55348,-20.4156],[48.55533,-20.42408],[48.56112,-20.42991],[48.56917,-20.42489],[48.58048,-20.42334],[48.59936,-20.41526],[48.59312,-20.43051]]]}},{"type":"Feature","properties":{"code_zone":"MG24","nom_zone":"Ihorombe","niveau":"Région","code_parent":null,"nom_parent":null},"geometry":{"type":"Polygon","coordinates":[[[45.55141,-21.62218],[45.55996,-21.62158],[45.57275,-21.61698],[45.58099,-21.62058],[45.58192,-21.63133],[45.58725,-21.63289],[45.59883,-21.62756],[45.60471,-21.62771],[45.6095,-21.62414],[45.61333,-21.62506],[45.61504,-21.63239],[45.62938,-21.64557],[45.63315,-21.65681],[45.64092,-21.66537],[45.64189,-21.67342],[45.65371,-21.67916],[45.66971,-21.67985],[45.67847,-21.67837],[45.68236,-21.67509],[45.69064,-21.67752],[45.70075,-21.69093],[45.70832,-21.68819],[45.71052,-21.68093],[45.71676,-21.68248],[45.72016,-21.69352],[45.72428,-21.69823],[45.73919,-21.70188],[45.74827,-21.71536],[45.75429,-21.73002],[45.76054,-21.73697],[45.78583,-21.747],[45.78689,-21.75817],[45.79223,-21.76012],[45.79704,-21.75596],[45.81652,-21.74878],[45.821,-21.74953],[45.83018,-21.75668],[45.83903,-21.75379],[45.84828,-21.75366],[45.8561,-21.75133],[45.86204,-21.74618],[45.86428,-21.73798],[45.87116,-21.73448],[45.88181,-21.73553],[45.89003,-21.73436],[45.89781,-21.72621],[45.90449,-21.70957],[45.90824,-21.70791],[45.91591,-21.71006],[45.92458,-21.71627],[45.9301,-21.71515],[45.93813,-21.70745],[45.93501,-21.69038],[45.94612,-21.68949],[45.95155,-21.692],[45.95931,-21.69212],[45.96429,-21.70622],[45.96632,-21.71904],[45.9618,-21.73462],[45.97312,-21.73542],[45.98211,-21.72982],[45.99068,-21.73229],[46.00008,-21.73118],[46.01403,-21.72599],[46.01789,-21.72784],[46.0229,-21.7399],[46.02604,-21.74132],[46.04115,-21.73911],[46.05402,-21.73374],[46.05658,-21.72961],[46.06348,-21.73453],[46.07097,-21.73688],[46.08222,-21.73148],[46.08995,-21.73435],[46.09406,-21.74686],[46.10079,-21.74845],[46.11451,-21.75814],[46.12759,-21.76176],[46.13667,-21.7583],[46.14471,-21.75867],[46.15161,-21.76314],[46.16684,-21.76557],[46.17569,-21.76366],[46.19701,-21.76249],[46.20768,-21.7587],[46.22463,-21.76429],[46.22685,-21.76921],[46.23497,-21.77544],[46.23919,-21.78089],[46.23904,-21.79503],[46.25199,-21.80268],[46.26141,-21.79837],[46.26118,-21.79046],[46.26359,-21.78544],[46.27216,-21.78818],[46.27783,-21.79533],[46.28807,-21.79614],[46.29596,-21.79456],[46.30306,-21.78864],[46.30907,-21.78778],[46.31681,-21.79204],[46.32105,-21.79767],[46.32808,-21.80149],[46.32627,-21.81174],[46.32105,-21.8199],[46.31808,-21.82884],[46.32457,-21.84918],[46.32953,-21.85154],[46.35075,-21.84562],[46.34542,-21.83988],[46.34662,-21.83635],[46.35405,-21.83847],[46.35754,-21.83287],[46.36091,-21.83337],[46.36817,-21.84686],[46.36871,-21.85316],[46.37275,-21.85515],[46.37682,-21.85109],[46.37946,-21.85892],[46.37609,-21.87217],[46.37171,-21.87775],[46.37519,-21.88336],[46.38383,-21.88506],[46.39188,-21.89278],[46.39033,-21.90803],[46.39048,-21.92445],[46.39687,-21.93272],[46.41119,-21.93577],[46.42006,-21.93896],[46.4258,-21.94448],[46.42598,-21.9544],[46.4338,-21.95219],[46.43595,-21.93903],[46.43939,-21.93573],[46.44424,-21.93735],[46.445,-21.94264],[46.43445,-21.96704],[46.43523,-21.97203],[46.44063,-21.97521],[46.44499,-21.98551],[46.44531,-21.99728],[46.43659,-22.00691],[46.42859,-22.02033],[46.42958,-22.03199],[46.42722,-22.04024],[46.42967,-22.04544],[46.43654,-22.05186],[46.43738,-22.06071],[46.4476,-22.06227],[46.45466,-22.06588],[46.46035,-22.07478],[46.4631,-22.09084],[46.46729,-22.09438],[46.47305,-22.08972],[46.4769,-22.07699],[46.49287,-22.07618],[46.50313,-22.07382],[46.51628,-22.08605],[46.51361,-22.09201],[46.51884,-22.10174],[46.51506,-22.10793],[46.51718,-22.1118],[46.53063,-22.11129],[46.53499,-22.11634],[46.53575,-22.12434],[46.54133,-22.11663],[46.54419,-22.10559],[46.55806,-22.09985],[46.56494,-22.08898],[46.57685,-22.07698],[46.58352,-22.07827],[46.58718,-22.09563],[46.59192,-22.11005],[46.59429,-22.12819],[46.61944,-22.13391],[46.63617,-22.13222],[46.65227,-22.13211],[46.66288,-22.13868],[46.67238,-22.1411],[46.69427,-22.1421],[46.70462,-22.14122],[46.7103,-22.15001],[46.70698,-22.15544],[46.70762,-22.16008],[46.71837,-22.1763],[46.72595,-22.17761],[46.73121,-22.18474],[46.73677,-22.18482],[46.74684,-22.18015],[46.75505,-22.17238],[46.76722,-22.17416],[46.77642,-22.17823],[46.77876,-22.1828],[46.78602,-22.18664],[46.78746,-22.19146],[46.78582,-22.20629],[46.78337,-22.21015],[46.78404,-22.21798],[46.78781,-22.22076],[46.78984,-22.20713],[46.79758,-22.2],[46.80944,-22.18491],[46.81449,-22.16719],[46.82638,-22.16295],[46.84241,-22.16435],[46.84556,-22.16621],[46.84917,-22.17434],[46.85578,-22.1799],[46.87181,-22.18717],[46.88063,-22.19365],[46.88632,-22.1941],[46.89427,-22.19142],[46.908,-22.20512],[46.91409,-22.20661],[46.92982,-22.20102],[46.9357,-22.19436],[46.93589,-22.18816],[46.93274,-22.18536],[46.93692,-22.17772],[46.95053,-22.172],[46.95596,-22.15964],[46.96356,-22.15922],[46.96893,-22.1512],[46.97333,-22.15687],[46.98034,-22.15956],[46.98989,-22.15752],[47.00179,-22.16183],[47.00851,-22.16674],[47.02293,-22.16532],[47.03291,-22.16768],[47.03964,-22.16307],[47.04872,-22.17085],[47.06068,-22.17681],[47.06279,-22.18297],[47.05321,-22.1922],[47.04777,-22.19476],[47.0442,-22.20345],[47.04495,-22.20689],[47.05196,-22.21034],[47.06003,-22.21706],[47.06992,-22.22063],[47.07712,-22.22799],[47.08016,-22.23494],[47.08921,-22.23917],[47.09609,-22.24772],[47.10161,-22.25175],[47.10477,-22.25961],[47.11499,-22.26729],[47.11009,-22.27151],[47.11519,-22.28141],[47.10818,-22.2918],[47.10729,-22.2985],[47.11188,-22.30719],[47.11748,-22.31036],[47.12818,-22.30709],[47.14069,-22.30903],[47.14585,-22.31652],[47.16108,-22.3265],[47.162,-22.34092],[47.16046,-22.34753],[47.16229,-22.35297],[47.1724,-22.35936],[47.18968,-22.35368],[47.19414,-22.35759],[47.18738,-22.36413],[47.18418,-22.37083],[47.18703,-22.37375],[47.1819,-22.38212],[47.18592,-22.38653],[47.17907,-22.39487],[47.18135,-22.40896],[47.17574,-22.42021],[47.16172,-22.42269],[47.15679,-22.42954],[47.15635,-22.43593],[47.16375,-22.43323],[47.16926,-22.43508],[47.17179,-22.44616],[47.17617,-22.44104],[47.18403,-22.45416],[47.18017,-22.4605],[47.18678,-22.4721],[47.18248,-22.47158],[47.17543,-22.4758],[47.17099,-22.48232],[47.17896,-22.49523],[47.18546,-22.50054],[47.19474,-22.50034],[47.19349,-22.5051],[47.19912,-22.5096],[47.18865,-22.51781],[47.18436,-22.52816],[47.18801,-22.53811],[47.19609,-22.53512],[47.20038,-22.53669],[47.20377,-22.54232],[47.1822,-22.55354],[47.18164,-22.56181],[47.18505,-22.56886],[47.17926,-22.56933],[47.17895,-22.57545],[47.17146,-22.58181],[47.17466,-22.58683],[47.17425,-22.59187],[47.18055,-22.59631],[47.18481,-22.59144],[47.19831,-22.59566],[47.20281,-22.5939],[47.20397,-22.59781],[47.21525,-22.59634],[47.22494,-22.598],[47.22366,-22.60587],[47.22032,-22.61005],[47.2236,-22.61358],[47.21825,-22.61707],[47.2029,-22.61544],[47.20365,-22.62721],[47.20197,-22.63303],[47.19742,-22.63631],[47.19654,-22.6425],[47.20115,-22.65105],[47.21308,-22.65006],[47.21301,-22.65961],[47.21007,-22.66304],[47.21424,-22.67],[47.20982,-22.67841],[47.20534,-22.67969],[47.19564,-22.6865],[47.19645,-22.69097],[47.19192,-22.6963],[47.18543,-22.69709],[47.18424,-22.70696],[47.18634,-22.71214],[47.18382,-22.71828],[47.19129,-22.7261],[47.20032,-22.72235],[47.19959,-22.72711],[47.20434,-22.7277],[47.20513,-22.73254],[47.19522,-22.73859],[47.19819,-22.7478],[47.19824,-22.76099],[47.19648,-22.77482],[47.206,-22.77935],[47.21592,-22.78108],[47.22156,-22.78489],[47.21792,-22.78799],[47.21522,-22.79631],[47.21689,-22.80142],[47.21407,-22.80661],[47.20702,-22.80282],[47.20035,-22.80573],[47.19864,-22.81101],[47.20189,-22.8147],[47.19807,-22.82195],[47.18784,-22.81758],[47.18381,-22.81815],[47.17693,-22.82625],[47.17896,-22.83669],[47.18343,-22.83682],[47.18638,-22.8437],[47.19015,-22.84479],[47.20544,-22.85956],[47.2017,-22.86302],[47.20194,-22.87061],[47.19672,-22.87462],[47.20003,-22.88644],[47.20571,-22.88827],[47.20487,-22.90066],[47.20832,-22.90503],[47.21074,-22.92044],[47.20753,-22.93177],[47.20123,-22.9315],[47.19564,-22.93595],[47.19494,-22.94328],[47.18652,-22.93963],[47.18138,-22.94268],[47.17659,-22.93841],[47.16581,-22.94037],[47.15265,-22.94827],[47.15559,-22.95159],[47.15167,-22.95673],[47.15303,-22.97029],[47.14427,-22.98724],[47.15047,-23.00075],[47.14831,-23.00442],[47.13684,-23.00566],[47.13451,-23.00972],[47.12809,-23.00554],[47.12617,-23.00961],[47.12088,-23.00985],[47.11526,-23.01427],[47.11,-23.01186],[47.10268,-23.00355],[47.08699,-23.00038],[47.0778,-23.00603],[47.08026,-22.98928],[47.0911,-22.97498],[47.08563,-22.96976],[47.08326,-22.96064],[47.0699,-22.95443],[47.06541,-22.95608],[47.05595,-22.9643],[47.04773,-22.96531],[47.04414,-22.96248],[47.03456,-22.96373],[47.0294,-22.97292],[47.03003,-22.97988],[47.03346,-22.98615],[47.01959,-22.98998],[47.01198,-22.99528],[47.00617,-22.99252],[47.00308,-22.98732],[47.00324,-22.9754],[46.98979,-22.96206],[46.98258,-22.95318],[46.95926,-22.92026],[46.94897,-22.91763],[46.94367,-22.9221],[46.94345,-22.93143],[46.92291,-22.92811],[46.91596,-22.92525],[46.91063,-22.92899],[46.90892,-22.9405],[46.87965,-22.92931],[46.85563,-22.92658],[46.84645,-22.92343],[46.83495,-22.92342],[46.82533,-22.9215],[46.79583,-22.92179],[46.78009,-22.91984],[46.7702,-22.92346],[46.76955,-22.94302],[46.77419,-22.95996],[46.78196,-22.96373],[46.7822,-22.97171],[46.77857,-22.9797],[46.78173,-22.98713],[46.79141,-22.99374],[46.79736,-22.99978],[46.79464,-23.00868],[46.7985,-23.01342],[46.80834,-23.0202],[46.81039,-23.02927],[46.81588,-23.03281],[46.82624,-23.03602],[46.83086,-23.04632],[46.84379,-23.05863],[46.84766,-23.06023],[46.84744,-23.06505],[46.85168,-23.06718],[46.85082,-23.07522],[46.85843,-23.07978],[46.85761,-23.08238],[46.86832,-23.10153],[46.86947,-23.11157],[46.86601,-23.11953],[46.85779,-23.12094],[46.85807,-23.12721],[46.85069,-23.12991],[46.84966,-23.13776],[46.85151,-23.14614],[46.84892,-23.15384],[46.84583,-23.15508],[46.84649,-23.16474],[46.84088,-23.16748],[46.83717,-23.16586],[46.83136,-23.15751],[46.82862,-23.15836],[46.82799,-23.17702],[46.82394,-23.18457],[46.82394,-23.19738],[46.83131,-23.20645],[46.83635,-23.20513],[46.84106,-23.21008],[46.84093,-23.21733],[46.84511,-23.22229],[46.84537,-23.23049],[46.84806,-23.2398],[46.85157,-23.24255],[46.85845,-23.23814],[46.86733,-23.23995],[46.86533,-23.24441],[46.86949,-23.25488],[46.86331,-23.26439],[46.8676,-23.26671],[46.86983,-23.27643],[46.86929,-23.28246],[46.88465,-23.28432],[46.88165,-23.2908],[46.87624,-23.29623],[46.876,-23.30154],[46.87171,-23.30522],[46.87232,-23.31597],[46.87598,-23.32307],[46.87251,-23.32794],[46.87212,-23.33492],[46.87844,-23.33634],[46.87395,-23.34797],[46.87805,-23.36472],[46.88594,-23.3624],[46.8894,-23.37027],[46.88747,-23.37909],[46.89062,-23.38509],[46.88773,-23.38674],[46.89324,-23.39317],[46.90137,-23.38834],[46.90812,-23.39513],[46.90537,-23.40414],[46.90114,-23.40394],[46.89712,-23.40939],[46.89835,-23.41338],[46.89172,-23.42561],[46.89676,-23.43411],[46.90301,-23.43608],[46.89693,-23.44224],[46.90247,-23.45145],[46.90205,-23.45607],[46.89719,-23.45458],[46.89349,-23.45966],[46.89525,-23.46788],[46.90506,-23.47272],[46.90645,-23.48097],[46.89847,-23.48647],[46.88224,-23.48736],[46.87588,-23.48382],[46.85765,-23.48906],[46.85285,-23.49421],[46.85376,-23.50266],[46.85936,-23.50475],[46.85526,-23.50748],[46.85753,-23.5144],[46.85241,-23.52237],[46.84321,-23.52723],[46.83255,-23.52894],[46.83316,-23.535],[46.83835,-23.5441],[46.84233,-23.54377],[46.85095,-23.54992],[46.84717,-23.55417],[46.85236,-23.55732],[46.85321,-23.56301],[46.84515,-23.56679],[46.83916,-23.5781],[46.84754,-23.58241],[46.8535,-23.59148],[46.84437,-23.6053],[46.83636,-23.6069],[46.83404,-23.61366],[46.82695,-23.61489],[46.81721,-23.62047],[46.80949,-23.62174],[46.79931,-23.62018],[46.78917,-23.62841],[46.78737,-23.63571],[46.77769,-23.63815],[46.76509,-23.63611],[46.75867,-23.6423],[46.73372,-23.64678],[46.71785,-23.66234],[46.71009,-23.66086],[46.70249,-23.65186],[46.69476,-23.65288],[46.68802,-23.64947],[46.68138,-23.6512],[46.66297,-23.65052],[46.65659,-23.64518],[46.64878,-23.64341],[46.63652,-23.63489],[46.6327,-23.62462],[46.62616,-23.62761],[46.60846,-23.62201],[46.6034,-23.61708],[46.59536,-23.59952],[46.58124,-23.59774],[46.57158,-23.59505],[46.56147,-23.59483],[46.54397,-23.5906],[46.53854,-23.5909],[46.52525,-23.59775],[46.51723,-23.60009],[46.51454,-23.6072],[46.50553,-23.60827],[46.50013,-23.61636],[46.49662,-23.60137],[46.49695,-23.59443],[46.49419,-23.57837],[46.49349,-23.56293],[46.49176,-23.55411],[46.4914,-23.53615],[46.49477,-23.50811],[46.49271,-23.50307],[46.48588,-23.50276],[46.44488,-23.49682],[46.43428,-23.49746],[46.42445,-23.49604],[46.42013,-23.49083],[46.41436,-23.49179],[46.41379,-23.48684],[46.42155,-23.48063],[46.41717,-23.47022],[46.41034,-23.46055],[46.40545,-23.45924],[46.40034,-23.44994],[46.40291,-23.44246],[46.40059,-23.43689],[46.40688,-23.43021],[46.42075,-23.42033],[46.42158,-23.41325],[46.42673,-23.41507],[46.44001,-23.41029],[46.44716,-23.40104],[46.44812,-23.39608],[46.44376,-23.39323],[46.44783,-23.39079],[46.44749,-23.37918],[46.45116,-23.37246],[46.46026,-23.3726],[46.473,-23.36977],[46.47376,-23.36439],[46.47742,-23.36331],[46.47446,-23.35552],[46.46303,-23.35135],[46.45911,-23.34361],[46.46301,-23.33705],[46.4597,-23.3292],[46.44991,-23.32521],[46.45546,-23.31749],[46.45346,-23.31139],[46.45548,-23.30708],[46.44689,-23.30506],[46.44459,-23.29974],[46.44977,-23.28698],[46.45801,-23.28891],[46.46558,-23.28656],[46.46878,-23.28292],[46.46396,-23.27616],[46.46762,-23.27061],[46.46613,-23.25642],[46.47043,-23.24752],[46.4732,-23.23153],[46.46688,-23.22847],[46.46472,-23.22188],[46.46637,-23.20911],[46.47349,-23.20275],[46.46611,-23.19938],[46.46355,-23.1951],[46.46454,-23.18676],[46.45411,-23.17868],[46.44449,-23.17747],[46.44174,-23.17505],[46.43771,-23.16416],[46.42137,-23.16569],[46.41707,-23.16189],[46.39942,-23.16642],[46.39579,-23.16895],[46.38952,-23.16407],[46.38351,-23.15383],[46.37636,-23.15102],[46.37031,-23.15225],[46.36606,-23.14378],[46.36867,-23.13819],[46.36003,-23.13938],[46.35122,-23.13505],[46.35053,-23.12742],[46.34628,-23.12481],[46.34746,-23.12076],[46.34334,-23.11465],[46.34381,-23.10891],[46.34898,-23.10563],[46.35131,-23.09897],[46.34429,-23.10434],[46.33361,-23.10038],[46.33788,-23.09909],[46.34176,-23.09235],[46.34038,-23.08408],[46.33251,-23.08134],[46.32536,-23.06974],[46.31942,-23.06368],[46.3196,-23.05604],[46.30958,-23.05111],[46.30734,-23.04196],[46.30327,-23.03479],[46.29796,-23.03207],[46.29692,-23.02599],[46.29203,-23.02182],[46.28868,-23.01303],[46.28012,-23.01002],[46.27759,-23.00259],[46.2832,-22.99807],[46.27018,-22.98753],[46.27147,-22.98244],[46.2656,-22.97317],[46.26295,-22.96283],[46.26763,-22.96302],[46.26571,-22.95671],[46.25706,-22.94504],[46.25178,-22.93149],[46.24592,-22.92378],[46.24325,-22.91042],[46.23365,-22.90174],[46.23129,-22.8966],[46.2288,-22.88256],[46.21881,-22.8631],[46.21961,-22.84586],[46.21053,-22.84057],[46.20422,-22.84137],[46.20033,-22.84581],[46.19478,-22.84674],[46.17907,-22.83765],[46.17283,-22.83886],[46.16865,-22.83667],[46.16413,-22.82831],[46.14792,-22.82201],[46.1388,-22.82164],[46.13058,-22.83004],[46.12022,-22.823],[46.11819,-22.81353],[46.11458,-22.81441],[46.1099,-22.80455],[46.09252,-22.79912],[46.08575,-22.79231],[46.08016,-22.76193],[46.07862,-22.74515],[46.06956,-22.74338],[46.06693,-22.74741],[46.06102,-22.74456],[46.06578,-22.74093],[46.05947,-22.73869],[46.0571,-22.72937],[46.04513,-22.72499],[46.03536,-22.72537],[46.02377,-22.71483],[46.01873,-22.70848],[46.00981,-22.70455],[46.00921,-22.69799],[46.00282,-22.69387],[45.99976,-22.69895],[45.98923,-22.69485],[45.98254,-22.69718],[45.9787,-22.69346],[45.9821,-22.68242],[45.97748,-22.68037],[45.9723,-22.69057],[45.96217,-22.68939],[45.95691,-22.68678],[45.95006,-22.68803],[45.95562,-22.68039],[45.9508,-22.67516],[45.94647,-22.67456],[45.94714,-22.68084],[45.94235,-22.68523],[45.93195,-22.68425],[45.92636,-22.67497],[45.91688,-22.67786],[45.91385,-22.68579],[45.91002,-22.68648],[45.90907,-22.68096],[45.90577,-22.68151],[45.90328,-22.68961],[45.89209,-22.68798],[45.89011,-22.68066],[45.88637,-22.67825],[45.87741,-22.67927],[45.87253,-22.67474],[45.86548,-22.68097],[45.85548,-22.67879],[45.85477,-22.68455],[45.84904,-22.68782],[45.84241,-22.68668],[45.83168,-22.68772],[45.82729,-22.68991],[45.81999,-22.68879],[45.82344,-22.69567],[45.81298,-22.69858],[45.80193,-22.69137],[45.79864,-22.69311],[45.79487,-22.70151],[45.79006,-22.69821],[45.78752,-22.70316],[45.77964,-22.7036],[45.77385,-22.7106],[45.75776,-22.71816],[45.75247,-22.73115],[45.74611,-22.73048],[45.73921,-22.73446],[45.73115,-22.73261],[45.73036,-22.72432],[45.72744,-22.72086],[45.72189,-22.72063],[45.71846,-22.72865],[45.70977,-22.73087],[45.70451,-22.72578],[45.7014,-22.72987],[45.70267,-22.73683],[45.69963,-22.73881],[45.68896,-22.73731],[45.68838,-22.74518],[45.6841,-22.74688],[45.68042,-22.74254],[45.66598,-22.74157],[45.66178,-22.73928],[45.65927,-22.74294],[45.66187,-22.75057],[45.65525,-22.75079],[45.65403,-22.74497],[45.64762,-22.74019],[45.64578,-22.74757],[45.64908,-22.75041],[45.64429,-22.75491],[45.64175,-22.74913],[45.63598,-22.74848],[45.63337,-22.7529],[45.62863,-22.7539],[45.61863,-22.76142],[45.6102,-22.76213],[45.59407,-22.76688],[45.58975,-22.76426],[45.58088,-22.76375],[45.5799,-22.7718],[45.57402,-22.77934],[45.57423,-22.78292],[45.56931,-22.78515],[45.56194,-22.78244],[45.55671,-22.78787],[45.55693,-22.79471],[45.5439,-22.79316],[45.53425,-22.80268],[45.52485,-22.80248],[45.52151,-22.79943],[45.51583,-22.80557],[45.51455,-22.81279],[45.51648,-22.81677],[45.5042,-22.81693],[45.49934,-22.8196],[45.49307,-22.82746],[45.48185,-22.82271],[45.47515,-22.82599],[45.47039,-22.83225],[45.47028,-22.84428],[45.46745,-22.84715],[45.45248,-22.84558],[45.44082,-22.84303],[45.43492,-22.83596],[45.43309,-22.83821],[45.43601,-22.85419],[45.43216,-22.85743],[45.42134,-22.86093],[45.41996,-22.86733],[45.41336,-22.86999],[45.40658,-22.86053],[45.40331,-22.86037],[45.39644,-22.87573],[45.4009,-22.88221],[45.39665,-22.88803],[45.39175,-22.88391],[45.39072,-22.88886],[45.3971,-22.89358],[45.38697,-22.89978],[45.38697,-22.90541],[45.39436,-22.91707],[45.38835,-22.92169],[45.38062,-22.91785],[45.37534,-22.91882],[45.36981,-22.92602],[45.37268,-22.93162],[45.37041,-22.94426],[45.37158,-22.95636],[45.36669,-22.96593],[45.36897,-22.97931],[45.36788,-22.9871],[45.36114,-22.99374],[45.36252,-22.99934],[45.3598,-23.02569],[45.36273,-23.03611],[45.36008,-23.04278],[45.3646,-23.05063],[45.36118,-23.05979],[45.3631,-23.06698],[45.3606,-23.0734],[45.36262,-23.08787],[45.36759,-23.09651],[45.3624,-23.11547],[45.35671,-23.11873],[45.35252,-23.10903],[45.33724,-23.10982],[45.34498,-23.11855],[45.33298,-23.11703],[45.32355,-23.1116],[45.32113,-23.10812],[45.3161,-23.10896],[45.30943,-23.11374],[45.30347,-23.11422],[45.29654,-23.10895],[45.28968,-23.10964],[45.28201,-23.1044],[45.27137,-23.10237],[45.26293,-23.09736],[45.26362,-23.08989],[45.24018,-23.09931],[45.23684,-23.09772],[45.23234,-23.08538],[45.22325,-23.07674],[45.20698,-23.071],[45.19073,-23.06343],[45.17681,-23.06428],[45.16427,-23.05978],[45.15397,-23.06133],[45.14714,-23.05655],[45.12993,-23.04999],[45.11924,-23.04946],[45.10445,-23.0592],[45.07523,-23.05281],[45.06933,-23.04134],[45.06479,-23.03672],[45.06498,-23.03247],[45.05061,-23.02405],[45.04523,-23.01927],[45.04086,-23.01118],[45.03502,-23.0068],[45.02983,-23.0071],[45.02073,-22.99736],[45.01403,-22.99316],[45.00379,-22.99392],[44.99858,-22.98349],[44.9916,-22.97716],[44.99029,-22.96853],[44.9852,-22.96541],[44.97773,-22.9494],[44.9849,-22.94338],[44.98775,-22.92832],[44.98893,-22.91132],[45.0052,-22.911],[45.02843,-22.90811],[45.04405,-22.90425],[45.05306,-22.89787],[45.06434,-22.89796],[45.06966,-22.89554],[45.07639,-22.88515],[45.07615,-22.87532],[45.06695,-22.86572],[45.05992,-22.83772],[45.0596,-22.81607],[45.04288,-22.81111],[45.02847,-22.80069],[45.03066,-22.78567],[45.01893,-22.76904],[45.01939,-22.76399],[45.02419,-22.75883],[45.0392,-22.75187],[45.04398,-22.74737],[45.04597,-22.74071],[45.044,-22.73158],[45.03543,-22.72666],[45.04,-22.72023],[45.04113,-22.71248],[45.03793,-22.70901],[45.03506,-22.69397],[45.02932,-22.68691],[45.0281,-22.67969],[45.03141,-22.67357],[45.0375,-22.66803],[45.05291,-22.64304],[45.06656,-22.63425],[45.07189,-22.61918],[45.06888,-22.60987],[45.07048,-22.59159],[45.07316,-22.58099],[45.07093,-22.57477],[45.07738,-22.55691],[45.08044,-22.5569],[45.09032,-22.55026],[45.09118,-22.53771],[45.09775,-22.51334],[45.10766,-22.50988],[45.11305,-22.50155],[45.11608,-22.48988],[45.1242,-22.48869],[45.12931,-22.48542],[45.1446,-22.48034],[45.1563,-22.47948],[45.16352,-22.46726],[45.16463,-22.45593],[45.17343,-22.4371],[45.18261,-22.43197],[45.18811,-22.42089],[45.19632,-22.41813],[45.19631,-22.41151],[45.19262,-22.40944],[45.19572,-22.40576],[45.19621,-22.38802],[45.19158,-22.38903],[45.20205,-22.37959],[45.19985,-22.3765],[45.20556,-22.36785],[45.21113,-22.36306],[45.21121,-22.3571],[45.21767,-22.36077],[45.22659,-22.35831],[45.23592,-22.35343],[45.23972,-22.33756],[45.23746,-22.33229],[45.24096,-22.32949],[45.23591,-22.32599],[45.22343,-22.30493],[45.22975,-22.30648],[45.23246,-22.30398],[45.22979,-22.29491],[45.23316,-22.28243],[45.22755,-22.28044],[45.23251,-22.27634],[45.23379,-22.26583],[45.23254,-22.26014],[45.23718,-22.25695],[45.24497,-22.25984],[45.2483,-22.2568],[45.24671,-22.25109],[45.24145,-22.24586],[45.24364,-22.23777],[45.25144,-22.23317],[45.25646,-22.22712],[45.26337,-22.23483],[45.27169,-22.23304],[45.27655,-22.23519],[45.27856,-22.22232],[45.2866,-22.21471],[45.28767,-22.21089],[45.28717,-22.19549],[45.27392,-22.18093],[45.27642,-22.16977],[45.28386,-22.16771],[45.29547,-22.15976],[45.30376,-22.15202],[45.30481,-22.13929],[45.29925,-22.13969],[45.29582,-22.13269],[45.28843,-22.1299],[45.28335,-22.11155],[45.27913,-22.10287],[45.281,-22.08832],[45.27896,-22.07085],[45.26577,-22.06638],[45.26519,-22.06265],[45.26939,-22.05505],[45.27956,-22.04103],[45.2818,-22.03301],[45.28261,-22.02038],[45.28059,-22.00373],[45.2782,-21.99586],[45.27256,-21.98633],[45.26803,-21.98274],[45.2662,-21.96555],[45.26322,-21.95842],[45.26344,-21.95151],[45.25902,-21.95189],[45.2508,-21.96138],[45.24686,-21.97142],[45.24014,-21.97431],[45.23606,-21.96955],[45.22576,-21.97085],[45.21583,-21.96913],[45.20832,-21.93648],[45.20181,-21.91544],[45.20078,-21.90472],[45.20298,-21.89935],[45.22785,-21.88396],[45.2336,-21.88834],[45.234,-21.89305],[45.23954,-21.89878],[45.24974,-21.89964],[45.25791,-21.89386],[45.26949,-21.89343],[45.27629,-21.88872],[45.28728,-21.8896],[45.29159,-21.89609],[45.3075,-21.89602],[45.30938,-21.89844],[45.3187,-21.89827],[45.32396,-21.90072],[45.3317,-21.89544],[45.32684,-21.88851],[45.33146,-21.87913],[45.33976,-21.87699],[45.34739,-21.86204],[45.35223,-21.85989],[45.35389,-21.84625],[45.35401,-21.82961],[45.34301,-21.81083],[45.3442,-21.80043],[45.34987,-21.78487],[45.36306,-21.76455],[45.37459,-21.75279],[45.38921,-21.73],[45.40601,-21.7145],[45.41,-21.70202],[45.4072,-21.69141],[45.41285,-21.68467],[45.41851,-21.68297],[45.4238,-21.68571],[45.42941,-21.69278],[45.42914,-21.69588],[45.44565,-21.69161],[45.45764,-21.6926],[45.47109,-21.68353],[45.46989,-21.67861],[45.48103,-21.6699],[45.49383,-21.6786],[45.50035,-21.68023],[45.50497,-21.67691],[45.52219,-21.67829],[45.52734,-21.67763],[45.53758,-21.68152],[45.53966,-21.67975],[45.5271,-21.66275],[45.5272,-21.65695],[45.52286,-21.65088],[45.51653,-21.64665],[45.51477,-21.63734],[45.50885,-21.6309],[45.51171,-21.62342],[45.52531,-21.61936],[45.53302,-21.6195],[45.53843,-21.61525],[45.5442,-21.6155],[45.54838,-21.61921],[45.55141,-21.62218]]]}},{"type":"Feature","properties":{"code_zone":"MG25","nom_zone":"Atsimo Atsinanana","niveau":"Région","code_parent":null,"nom_parent":null},"geometry":{"type":"Polygon","coordinates":[[[47.09944,-22.15021],[47.11575,-22.16307],[47.12131,-22.16106],[47.12183,-22.16583],[47.11808,-22.17701],[47.12148,-22.18411],[47.12638,-22.18646],[47.13205,-22.18006],[47.13555,-22.18052],[47.13738,-22.1895],[47.14646,-22.18659],[47.15421,-22.19507],[47.16126,-22.19625],[47.16769,-22.18992],[47.1737,-22.1947],[47.18486,-22.19914],[47.18975,-22.19662],[47.18733,-22.20584],[47.18969,-22.21209],[47.19578,-22.2106],[47.19831,-22.21687],[47.20408,-22.21529],[47.21308,-22.21716],[47.21894,-22.21505],[47.22279,-22.2235],[47.2319,-22.22077],[47.23512,-22.22743],[47.24454,-22.22633],[47.24639,-22.22863],[47.24408,-22.23728],[47.24903,-22.24199],[47.25765,-22.24587],[47.28121,-22.25194],[47.28351,-22.26021],[47.2729,-22.26821],[47.27863,-22.27668],[47.28087,-22.29156],[47.28376,-22.29838],[47.28901,-22.30343],[47.29616,-22.30529],[47.29657,-22.31455],[47.29885,-22.32146],[47.3094,-22.31907],[47.3317,-22.31917],[47.34346,-22.32421],[47.36536,-22.31614],[47.36871,-22.32744],[47.37577,-22.32596],[47.38168,-22.31781],[47.37887,-22.31379],[47.37839,-22.30402],[47.38777,-22.30523],[47.38929,-22.29192],[47.39302,-22.28287],[47.3946,-22.26952],[47.38908,-22.2625],[47.39072,-22.25699],[47.39793,-22.26362],[47.4048,-22.262],[47.40334,-22.25378],[47.40409,-22.24043],[47.40958,-22.24197],[47.4273,-22.24145],[47.43254,-22.24375],[47.43386,-22.2497],[47.41713,-22.26904],[47.41664,-22.27463],[47.42243,-22.28154],[47.42365,-22.3039],[47.43421,-22.30366],[47.43605,-22.30873],[47.44227,-22.31368],[47.43625,-22.32283],[47.43237,-22.33814],[47.42918,-22.34447],[47.43317,-22.35027],[47.44387,-22.35235],[47.44509,-22.35769],[47.45085,-22.36587],[47.46188,-22.36103],[47.46933,-22.36371],[47.48364,-22.3742],[47.48796,-22.38035],[47.49367,-22.38393],[47.4997,-22.38132],[47.50588,-22.39448],[47.51013,-22.39979],[47.51634,-22.40054],[47.5193,-22.40525],[47.54057,-22.40204],[47.54895,-22.41058],[47.55644,-22.41418],[47.56091,-22.42273],[47.55342,-22.42938],[47.54524,-22.43234],[47.55323,-22.43526],[47.56292,-22.43292],[47.57231,-22.43316],[47.57309,-22.44042],[47.57871,-22.44377],[47.58281,-22.43834],[47.59449,-22.44091],[47.5972,-22.44419],[47.60046,-22.44041],[47.60494,-22.44265],[47.61312,-22.44162],[47.61427,-22.44991],[47.62128,-22.44941],[47.62383,-22.45476],[47.63248,-22.4564],[47.6352,-22.45031],[47.65311,-22.44768],[47.65811,-22.44389],[47.66353,-22.45303],[47.66821,-22.45413],[47.67579,-22.46533],[47.68105,-22.46685],[47.69193,-22.4762],[47.68923,-22.48913],[47.69134,-22.49323],[47.69634,-22.49405],[47.69915,-22.49931],[47.70788,-22.5029],[47.70905,-22.49793],[47.71617,-22.49181],[47.72035,-22.4923],[47.72238,-22.48759],[47.72643,-22.48879],[47.73022,-22.47663],[47.73523,-22.47443],[47.73949,-22.4638],[47.74304,-22.46443],[47.74718,-22.47221],[47.75069,-22.47277],[47.7577,-22.46736],[47.76134,-22.45749],[47.76562,-22.45342],[47.77267,-22.45344],[47.77686,-22.45064],[47.78169,-22.43933],[47.79102,-22.44105],[47.79779,-22.43855],[47.80892,-22.44028],[47.81556,-22.44476],[47.81691,-22.45162],[47.82372,-22.46277],[47.81776,-22.46916],[47.82104,-22.48187],[47.83051,-22.48737],[47.84175,-22.48077],[47.84667,-22.47389],[47.85687,-22.47432],[47.85952,-22.47686],[47.87543,-22.47826],[47.88402,-22.48215],[47.89292,-22.49432],[47.88776,-22.51439],[47.8852,-22.52911],[47.88479,-22.53851],[47.88083,-22.55364],[47.87839,-22.57241],[47.87571,-22.58123],[47.87548,-22.59223],[47.87147,-22.60665],[47.86645,-22.63628],[47.86218,-22.64994],[47.85902,-22.67446],[47.85942,-22.70027],[47.85615,-22.71893],[47.85792,-22.72201],[47.85553,-22.75009],[47.85266,-22.75707],[47.85156,-22.76788],[47.84149,-22.78791],[47.83798,-22.80464],[47.83995,-22.82201],[47.83402,-22.85848],[47.82626,-22.88732],[47.8258,-22.89621],[47.81596,-22.92707],[47.81235,-22.94147],[47.80798,-22.96979],[47.79662,-23.00835],[47.79025,-23.02568],[47.77903,-23.0433],[47.76973,-23.06411],[47.76707,-23.0721],[47.75161,-23.14647],[47.74988,-23.16191],[47.75249,-23.17717],[47.74706,-23.18844],[47.7426,-23.2107],[47.74243,-23.22135],[47.73765,-23.23519],[47.7368,-23.24358],[47.73306,-23.25829],[47.73361,-23.26285],[47.72437,-23.28533],[47.71621,-23.31146],[47.71402,-23.32596],[47.70571,-23.33788],[47.69867,-23.35434],[47.69755,-23.36503],[47.6896,-23.37819],[47.68031,-23.39834],[47.66835,-23.42147],[47.66464,-23.43347],[47.65177,-23.46107],[47.64628,-23.47514],[47.64319,-23.49317],[47.63454,-23.52653],[47.62999,-23.53995],[47.62708,-23.55825],[47.62982,-23.56412],[47.62884,-23.58492],[47.62242,-23.59766],[47.61787,-23.61048],[47.61713,-23.62456],[47.61404,-23.63436],[47.6132,-23.65504],[47.6059,-23.67341],[47.60289,-23.68998],[47.60289,-23.69611],[47.59876,-23.71047],[47.59605,-23.72883],[47.59837,-23.73979],[47.5981,-23.74981],[47.59506,-23.7556],[47.59489,-23.7696],[47.59307,-23.77424],[47.59237,-23.78855],[47.58998,-23.79729],[47.57945,-23.81038],[47.57386,-23.8213],[47.57441,-23.83449],[47.57034,-23.84601],[47.56365,-23.8551],[47.55062,-23.88101],[47.54747,-23.88478],[47.53109,-23.92303],[47.50817,-23.97153],[47.50686,-23.97599],[47.49214,-24.0052],[47.47691,-24.04304],[47.46802,-24.04936],[47.45723,-24.06074],[47.44983,-24.07805],[47.43956,-24.09713],[47.4371,-24.1041],[47.42522,-24.11856],[47.41436,-24.13902],[47.407,-24.1358],[47.40266,-24.12553],[47.39532,-24.12327],[47.39371,-24.11897],[47.385,-24.10738],[47.38128,-24.09835],[47.37546,-24.09793],[47.36923,-24.09418],[47.35347,-24.09265],[47.34979,-24.09444],[47.34807,-24.08724],[47.33174,-24.09146],[47.33378,-24.08588],[47.32971,-24.085],[47.32651,-24.07105],[47.31324,-24.06056],[47.3071,-24.06466],[47.30342,-24.0721],[47.28262,-24.06475],[47.28164,-24.05638],[47.27618,-24.04802],[47.27693,-24.04432],[47.27276,-24.03204],[47.26352,-24.02983],[47.25224,-24.03155],[47.24484,-24.03703],[47.23774,-24.03338],[47.22711,-24.01902],[47.21884,-24.01066],[47.21477,-24.00021],[47.2084,-24.00122],[47.20585,-23.99845],[47.20006,-24.00103],[47.19474,-23.99944],[47.18035,-24.00185],[47.17125,-24.00028],[47.1644,-23.99637],[47.15909,-23.99663],[47.14972,-23.99367],[47.13953,-23.98119],[47.12384,-23.97478],[47.11149,-23.98181],[47.10848,-23.9853],[47.11646,-23.993],[47.11486,-24.0133],[47.12598,-24.02673],[47.13183,-24.03063],[47.12907,-24.03368],[47.12737,-24.044],[47.11865,-24.04891],[47.11049,-24.04773],[47.11399,-24.05403],[47.11247,-24.05984],[47.1145,-24.06461],[47.12187,-24.0718],[47.11963,-24.07523],[47.11368,-24.07275],[47.10741,-24.07838],[47.1057,-24.08499],[47.09964,-24.07801],[47.08665,-24.07899],[47.08259,-24.09092],[47.07413,-24.08808],[47.06733,-24.09477],[47.06005,-24.09462],[47.0504,-24.08588],[47.04334,-24.09665],[47.02635,-24.10266],[47.02302,-24.10633],[47.02175,-24.11586],[47.01709,-24.11808],[47.00968,-24.13426],[47.01226,-24.14604],[47.02333,-24.1519],[47.03747,-24.16741],[47.03779,-24.17638],[47.04229,-24.18332],[47.04041,-24.19277],[47.03462,-24.19421],[47.03929,-24.217],[47.03749,-24.22291],[47.03217,-24.22618],[47.02536,-24.22315],[47.01749,-24.22967],[47.01372,-24.23842],[47.00696,-24.23567],[47.00373,-24.2443],[47.00272,-24.25715],[46.98587,-24.27332],[46.98095,-24.27272],[46.97846,-24.27832],[46.968,-24.28137],[46.95263,-24.27848],[46.94879,-24.28398],[46.93542,-24.29035],[46.92778,-24.28997],[46.90654,-24.29294],[46.90005,-24.29519],[46.89212,-24.29482],[46.88712,-24.29705],[46.88669,-24.28832],[46.88397,-24.27887],[46.88341,-24.26439],[46.88509,-24.25905],[46.87914,-24.24447],[46.88327,-24.23166],[46.8885,-24.22463],[46.88157,-24.22056],[46.87315,-24.21072],[46.87487,-24.19344],[46.87779,-24.17944],[46.88322,-24.16007],[46.87953,-24.15448],[46.87214,-24.14847],[46.86627,-24.13467],[46.85617,-24.12117],[46.85274,-24.11385],[46.84433,-24.11337],[46.82908,-24.10393],[46.81926,-24.10534],[46.81073,-24.10907],[46.80217,-24.11498],[46.79511,-24.11517],[46.78874,-24.11927],[46.78302,-24.11959],[46.77606,-24.11272],[46.76204,-24.10819],[46.7473,-24.11353],[46.7312,-24.10729],[46.73467,-24.09613],[46.73238,-24.08264],[46.7242,-24.05819],[46.72624,-24.05137],[46.72148,-24.0432],[46.71523,-24.0406],[46.70607,-24.02945],[46.71136,-24.01978],[46.71257,-24.01016],[46.71763,-24.00548],[46.71808,-24.00001],[46.70545,-23.99401],[46.70124,-23.98966],[46.69117,-23.98734],[46.68484,-23.9885],[46.68438,-23.97688],[46.67183,-23.9804],[46.66624,-23.98591],[46.66496,-23.9816],[46.66716,-23.97334],[46.66031,-23.96942],[46.65174,-23.96961],[46.65153,-23.96328],[46.64191,-23.96518],[46.64072,-23.96964],[46.6267,-23.96],[46.62798,-23.95365],[46.6251,-23.95029],[46.62251,-23.95549],[46.61768,-23.94504],[46.6108,-23.9437],[46.59996,-23.94475],[46.59773,-23.94184],[46.59002,-23.94236],[46.58733,-23.93974],[46.58952,-23.93379],[46.5832,-23.92598],[46.57577,-23.93357],[46.56587,-23.93613],[46.56005,-23.93492],[46.54578,-23.93516],[46.53779,-23.93923],[46.52871,-23.93624],[46.52306,-23.92784],[46.52384,-23.92097],[46.5178,-23.91994],[46.50688,-23.9248],[46.50141,-23.91769],[46.50556,-23.9064],[46.49961,-23.89813],[46.49803,-23.89137],[46.49029,-23.8878],[46.48458,-23.87807],[46.47672,-23.87556],[46.47461,-23.86797],[46.45958,-23.86792],[46.45023,-23.86188],[46.43982,-23.85864],[46.44354,-23.84707],[46.42705,-23.83003],[46.41632,-23.82943],[46.4098,-23.83468],[46.39706,-23.83105],[46.39354,-23.81109],[46.40051,-23.79262],[46.40365,-23.78862],[46.40465,-23.77829],[46.41251,-23.76749],[46.41744,-23.76351],[46.41635,-23.75611],[46.41205,-23.74707],[46.41241,-23.7407],[46.42055,-23.73227],[46.43425,-23.72737],[46.43793,-23.72234],[46.43775,-23.7139],[46.44564,-23.70937],[46.44912,-23.7036],[46.44582,-23.69507],[46.44888,-23.68394],[46.45486,-23.67239],[46.46022,-23.67041],[46.46741,-23.66437],[46.47867,-23.66514],[46.4818,-23.66305],[46.48682,-23.64469],[46.48571,-23.63946],[46.49058,-23.63345],[46.49161,-23.62846],[46.50019,-23.61946],[46.50013,-23.61636],[46.50553,-23.60827],[46.51454,-23.6072],[46.51723,-23.60009],[46.52525,-23.59775],[46.53854,-23.5909],[46.54397,-23.5906],[46.56147,-23.59483],[46.57158,-23.59505],[46.58124,-23.59774],[46.59536,-23.59952],[46.6034,-23.61708],[46.60846,-23.62201],[46.62616,-23.62761],[46.6327,-23.62462],[46.63652,-23.63489],[46.64878,-23.64341],[46.65659,-23.64518],[46.66297,-23.65052],[46.68138,-23.6512],[46.68802,-23.64947],[46.69476,-23.65288],[46.70249,-23.65186],[46.71009,-23.66086],[46.71785,-23.66234],[46.73372,-23.64678],[46.75867,-23.6423],[46.76509,-23.63611],[46.77769,-23.63815],[46.78737,-23.63571],[46.78917,-23.62841],[46.79931,-23.62018],[46.80949,-23.62174],[46.81721,-23.62047],[46.82695,-23.61489],[46.83404,-23.61366],[46.83636,-23.6069],[46.84437,-23.6053],[46.8535,-23.59148],[46.84754,-23.58241],[46.83916,-23.5781],[46.84515,-23.56679],[46.85321,-23.56301],[46.85236,-23.55732],[46.84717,-23.55417],[46.85095,-23.54992],[46.84233,-23.54377],[46.83835,-23.5441],[46.83316,-23.535],[46.83255,-23.52894],[46.84321,-23.52723],[46.85241,-23.52237],[46.85753,-23.5144],[46.85526,-23.50748],[46.85936,-23.50475],[46.85376,-23.50266],[46.85285,-23.49421],[46.85765,-23.48906],[46.87588,-23.48382],[46.88224,-23.48736],[46.89847,-23.48647],[46.90645,-23.48097],[46.90506,-23.47272],[46.89525,-23.46788],[46.89349,-23.45966],[46.89719,-23.45458],[46.90205,-23.45607],[46.90247,-23.45145],[46.89693,-23.44224],[46.90301,-23.43608],[46.89676,-23.43411],[46.89172,-23.42561],[46.89835,-23.41338],[46.89712,-23.40939],[46.90114,-23.40394],[46.90537,-23.40414],[46.90812,-23.39513],[46.90137,-23.38834],[46.89324,-23.39317],[46.88773,-23.38674],[46.89062,-23.38509],[46.88747,-23.37909],[46.8894,-23.37027],[46.88594,-23.3624],[46.87805,-23.36472],[46.87395,-23.34797],[46.87844,-23.33634],[46.87212,-23.33492],[46.87251,-23.32794],[46.87598,-23.32307],[46.87232,-23.31597],[46.87171,-23.30522],[46.876,-23.30154],[46.87624,-23.29623],[46.88165,-23.2908],[46.88465,-23.28432],[46.86929,-23.28246],[46.86983,-23.27643],[46.8676,-23.26671],[46.86331,-23.26439],[46.86949,-23.25488],[46.86533,-23.24441],[46.86733,-23.23995],[46.85845,-23.23814],[46.85157,-23.24255],[46.84806,-23.2398],[46.84537,-23.23049],[46.84511,-23.22229],[46.84093,-23.21733],[46.84106,-23.21008],[46.83635,-23.20513],[46.83131,-23.20645],[46.82394,-23.19738],[46.82394,-23.18457],[46.82799,-23.17702],[46.82862,-23.15836],[46.83136,-23.15751],[46.83717,-23.16586],[46.84088,-23.16748],[46.84649,-23.16474],[46.84583,-23.15508],[46.84892,-23.15384],[46.85151,-23.14614],[46.84966,-23.13776],[46.85069,-23.12991],[46.85807,-23.12721],[46.85779,-23.12094],[46.86601,-23.11953],[46.86947,-23.11157],[46.86832,-23.10153],[46.85761,-23.08238],[46.85843,-23.07978],[46.85082,-23.07522],[46.85168,-23.06718],[46.84744,-23.06505],[46.84766,-23.06023],[46.84379,-23.05863],[46.83086,-23.04632],[46.82624,-23.03602],[46.81588,-23.03281],[46.81039,-23.02927],[46.80834,-23.0202],[46.7985,-23.01342],[46.79464,-23.00868],[46.79736,-22.99978],[46.79141,-22.99374],[46.78173,-22.98713],[46.77857,-22.9797],[46.7822,-22.97171],[46.78196,-22.96373],[46.77419,-22.95996],[46.76955,-22.94302],[46.7702,-22.92346],[46.78009,-22.91984],[46.79583,-22.92179],[46.82533,-22.9215],[46.83495,-22.92342],[46.84645,-22.92343],[46.85563,-22.92658],[46.87965,-22.92931],[46.90892,-22.9405],[46.91063,-22.92899],[46.91596,-22.92525],[46.92291,-22.92811],[46.94345,-22.93143],[46.94367,-22.9221],[46.94897,-22.91763],[46.95926,-22.92026],[46.98258,-22.95318],[46.98979,-22.96206],[47.00324,-22.9754],[47.00308,-22.98732],[47.00617,-22.99252],[47.01198,-22.99528],[47.01959,-22.98998],[47.03346,-22.98615],[47.03003,-22.97988],[47.0294,-22.97292],[47.03456,-22.96373],[47.04414,-22.96248],[47.04773,-22.96531],[47.05595,-22.9643],[47.06541,-22.95608],[47.0699,-22.95443],[47.08326,-22.96064],[47.08563,-22.96976],[47.0911,-22.97498],[47.08026,-22.98928],[47.0778,-23.00603],[47.08699,-23.00038],[47.10268,-23.00355],[47.11,-23.01186],[47.11526,-23.01427],[47.12088,-23.00985],[47.12617,-23.00961],[47.12809,-23.00554],[47.13451,-23.00972],[47.13684,-23.00566],[47.14831,-23.00442],[47.15047,-23.00075],[47.14427,-22.98724],[47.15303,-22.97029],[47.15167,-22.95673],[47.15559,-22.95159],[47.15265,-22.94827],[47.16581,-22.94037],[47.17659,-22.93841],[47.18138,-22.94268],[47.18652,-22.93963],[47.19494,-22.94328],[47.19564,-22.93595],[47.20123,-22.9315],[47.20753,-22.93177],[47.21074,-22.92044],[47.20832,-22.90503],[47.20487,-22.90066],[47.20571,-22.88827],[47.20003,-22.88644],[47.19672,-22.87462],[47.20194,-22.87061],[47.2017,-22.86302],[47.20544,-22.85956],[47.19015,-22.84479],[47.18638,-22.8437],[47.18343,-22.83682],[47.17896,-22.83669],[47.17693,-22.82625],[47.18381,-22.81815],[47.18784,-22.81758],[47.19807,-22.82195],[47.20189,-22.8147],[47.19864,-22.81101],[47.20035,-22.80573],[47.20702,-22.80282],[47.21407,-22.80661],[47.21689,-22.80142],[47.21522,-22.79631],[47.21792,-22.78799],[47.22156,-22.78489],[47.21592,-22.78108],[47.206,-22.77935],[47.19648,-22.77482],[47.19824,-22.76099],[47.19819,-22.7478],[47.19522,-22.73859],[47.20513,-22.73254],[47.20434,-22.7277],[47.19959,-22.72711],[47.20032,-22.72235],[47.19129,-22.7261],[47.18382,-22.71828],[47.18634,-22.71214],[47.18424,-22.70696],[47.18543,-22.69709],[47.19192,-22.6963],[47.19645,-22.69097],[47.19564,-22.6865],[47.20534,-22.67969],[47.20982,-22.67841],[47.21424,-22.67],[47.21007,-22.66304],[47.21301,-22.65961],[47.21308,-22.65006],[47.20115,-22.65105],[47.19654,-22.6425],[47.19742,-22.63631],[47.20197,-22.63303],[47.20365,-22.62721],[47.2029,-22.61544],[47.21825,-22.61707],[47.2236,-22.61358],[47.22032,-22.61005],[47.22366,-22.60587],[47.22494,-22.598],[47.21525,-22.59634],[47.20397,-22.59781],[47.20281,-22.5939],[47.19831,-22.59566],[47.18481,-22.59144],[47.18055,-22.59631],[47.17425,-22.59187],[47.17466,-22.58683],[47.17146,-22.58181],[47.17895,-22.57545],[47.17926,-22.56933],[47.18505,-22.56886],[47.18164,-22.56181],[47.1822,-22.55354],[47.20377,-22.54232],[47.20038,-22.53669],[47.19609,-22.53512],[47.18801,-22.53811],[47.18436,-22.52816],[47.18865,-22.51781],[47.19912,-22.5096],[47.19349,-22.5051],[47.19474,-22.50034],[47.18546,-22.50054],[47.17896,-22.49523],[47.17099,-22.48232],[47.17543,-22.4758],[47.18248,-22.47158],[47.18678,-22.4721],[47.18017,-22.4605],[47.18403,-22.45416],[47.17617,-22.44104],[47.17179,-22.44616],[47.16926,-22.43508],[47.16375,-22.43323],[47.15635,-22.43593],[47.15679,-22.42954],[47.16172,-22.42269],[47.17574,-22.42021],[47.18135,-22.40896],[47.17907,-22.39487],[47.18592,-22.38653],[47.1819,-22.38212],[47.18703,-22.37375],[47.18418,-22.37083],[47.18738,-22.36413],[47.19414,-22.35759],[47.18968,-22.35368],[47.1724,-22.35936],[47.16229,-22.35297],[47.16046,-22.34753],[47.162,-22.34092],[47.16108,-22.3265],[47.14585,-22.31652],[47.14069,-22.30903],[47.12818,-22.30709],[47.11748,-22.31036],[47.11188,-22.30719],[47.10729,-22.2985],[47.10818,-22.2918],[47.11519,-22.28141],[47.11009,-22.27151],[47.11499,-22.26729],[47.10477,-22.25961],[47.10161,-22.25175],[47.09609,-22.24772],[47.08921,-22.23917],[47.08016,-22.23494],[47.07712,-22.22799],[47.06992,-22.22063],[47.06003,-22.21706],[47.05196,-22.21034],[47.04495,-22.20689],[47.0442,-22.20345],[47.04777,-22.19476],[47.05321,-22.1922],[47.06279,-22.18297],[47.06068,-22.17681],[47.04872,-22.17085],[47.03964,-22.16307],[47.04596,-22.15299],[47.05645,-22.14826],[47.05943,-22.14032],[47.06252,-22.13881],[47.07857,-22.14116],[47.08459,-22.13796],[47.09486,-22.13621],[47.09944,-22.15021]]]}},{"type":"Feature","properties":{"code_zone":"MG31","nom_zone":"Atsinanana","niveau":"Région","code_parent":null,"nom_parent":null},"geometry":{"type":"Polygon","coordinates":[[[49.47744,-17.5973],[49.48736,-17.60442],[49.486,-17.61654],[49.4872,-17.63544],[49.48893,-17.64526],[49.49758,-17.66508],[49.50937,-17.67435],[49.51755,-17.67433],[49.5166,-17.68235],[49.52028,-17.69522],[49.51023,-17.72355],[49.50445,-17.73584],[49.50101,-17.74709],[49.49969,-17.75904],[49.50228,-17.76507],[49.49297,-17.78567],[49.48557,-17.81174],[49.46941,-17.86324],[49.463,-17.87858],[49.45436,-17.90502],[49.45067,-17.91282],[49.44384,-17.93602],[49.43406,-17.96305],[49.42714,-17.99503],[49.42382,-18.00146],[49.41754,-18.03842],[49.41069,-18.0556],[49.40474,-18.07617],[49.4026,-18.09057],[49.40272,-18.1034],[49.40767,-18.12168],[49.41249,-18.13097],[49.41962,-18.13948],[49.4179,-18.14654],[49.41899,-18.15401],[49.4239,-18.1581],[49.42787,-18.15078],[49.42923,-18.16153],[49.42661,-18.16491],[49.4178,-18.16322],[49.4119,-18.16475],[49.39773,-18.1756],[49.3842,-18.19129],[49.37183,-18.21771],[49.3689,-18.23137],[49.36552,-18.25546],[49.36643,-18.26933],[49.36306,-18.28577],[49.35384,-18.30316],[49.34668,-18.32312],[49.34163,-18.34819],[49.33899,-18.37034],[49.33786,-18.3869],[49.33834,-18.39622],[49.33577,-18.40922],[49.33062,-18.41997],[49.31174,-18.44702],[49.30324,-18.46248],[49.29643,-18.47911],[49.28997,-18.50306],[49.27919,-18.532],[49.26823,-18.55894],[49.25283,-18.59066],[49.24592,-18.60209],[49.2337,-18.6262],[49.22497,-18.65044],[49.221,-18.65859],[49.21635,-18.6748],[49.20574,-18.70176],[49.20556,-18.70722],[49.20119,-18.71667],[49.19705,-18.73385],[49.1896,-18.75775],[49.18637,-18.7642],[49.17932,-18.7843],[49.17348,-18.79713],[49.16679,-18.81605],[49.15022,-18.85465],[49.14276,-18.87482],[49.14046,-18.8849],[49.13045,-18.90846],[49.12497,-18.91934],[49.11369,-18.95043],[49.11083,-18.96076],[49.10447,-18.9741],[49.10127,-18.98501],[49.09233,-18.99756],[49.07693,-19.0252],[49.06979,-19.04293],[49.0525,-19.09194],[49.04478,-19.10667],[49.03762,-19.12362],[49.03228,-19.13355],[49.01901,-19.16767],[49.01375,-19.18443],[49.01103,-19.19701],[49.00529,-19.21126],[49.00266,-19.22196],[48.99828,-19.23245],[48.99544,-19.24801],[48.99139,-19.26332],[48.9866,-19.29033],[48.98405,-19.30886],[48.98532,-19.31986],[48.98821,-19.32784],[48.98597,-19.33071],[48.97715,-19.35055],[48.96408,-19.39449],[48.95686,-19.40469],[48.95192,-19.4162],[48.93965,-19.43757],[48.9375,-19.44393],[48.92364,-19.47275],[48.9176,-19.48862],[48.91071,-19.51205],[48.88788,-19.55525],[48.88109,-19.57143],[48.87345,-19.59325],[48.87329,-19.60321],[48.86738,-19.61769],[48.85681,-19.65861],[48.85058,-19.68907],[48.83679,-19.73529],[48.83545,-19.75163],[48.83095,-19.77534],[48.82466,-19.79837],[48.81487,-19.86745],[48.81311,-19.88963],[48.81368,-19.90186],[48.82358,-19.90641],[48.82483,-19.91161],[48.82221,-19.91783],[48.81036,-19.93648],[48.80195,-19.95634],[48.79127,-19.98565],[48.78745,-19.99415],[48.78438,-20.01011],[48.78102,-20.01849],[48.76573,-20.04196],[48.75526,-20.0618],[48.7445,-20.09147],[48.73106,-20.12483],[48.71917,-20.147],[48.71222,-20.15624],[48.70541,-20.16857],[48.68763,-20.20491],[48.6704,-20.24519],[48.65789,-20.27024],[48.64156,-20.30636],[48.62922,-20.33573],[48.61946,-20.36186],[48.60473,-20.39396],[48.602,-20.40867],[48.59936,-20.41526],[48.58048,-20.42334],[48.56917,-20.42489],[48.56112,-20.42991],[48.55533,-20.42408],[48.55348,-20.4156],[48.54866,-20.41217],[48.5441,-20.40366],[48.5393,-20.40282],[48.5312,-20.39346],[48.52627,-20.39175],[48.51947,-20.39358],[48.51384,-20.39782],[48.50917,-20.41222],[48.49941,-20.41257],[48.48529,-20.40458],[48.4724,-20.40956],[48.45676,-20.40526],[48.44537,-20.4064],[48.44548,-20.3997],[48.44254,-20.39661],[48.44557,-20.38798],[48.43624,-20.38202],[48.43014,-20.38308],[48.42083,-20.38105],[48.42261,-20.37196],[48.42155,-20.35904],[48.41625,-20.35844],[48.41089,-20.36394],[48.4015,-20.36382],[48.39792,-20.37525],[48.39004,-20.38188],[48.38361,-20.38134],[48.38027,-20.36395],[48.36935,-20.35529],[48.38075,-20.34781],[48.38678,-20.33696],[48.3862,-20.33139],[48.38851,-20.32058],[48.39142,-20.31578],[48.38943,-20.30228],[48.38487,-20.30705],[48.38292,-20.30513],[48.36757,-20.31039],[48.35983,-20.31096],[48.35879,-20.29867],[48.35538,-20.29772],[48.34439,-20.28386],[48.33951,-20.2844],[48.33319,-20.29844],[48.32885,-20.29981],[48.31984,-20.29716],[48.31468,-20.30159],[48.30794,-20.3038],[48.29864,-20.31579],[48.29306,-20.31563],[48.29088,-20.30687],[48.27838,-20.30562],[48.27144,-20.31333],[48.26753,-20.3147],[48.26341,-20.30839],[48.25222,-20.30657],[48.24766,-20.30251],[48.24867,-20.29325],[48.23188,-20.28439],[48.22975,-20.28007],[48.21923,-20.27574],[48.2134,-20.27636],[48.2098,-20.27296],[48.20702,-20.25888],[48.19436,-20.24764],[48.19694,-20.23862],[48.20085,-20.23864],[48.19795,-20.23112],[48.19878,-20.22567],[48.2039,-20.22337],[48.20328,-20.21727],[48.19736,-20.21155],[48.18382,-20.21352],[48.17807,-20.21774],[48.15497,-20.21667],[48.14528,-20.22807],[48.14189,-20.23664],[48.13398,-20.23951],[48.13049,-20.24755],[48.13087,-20.25453],[48.13872,-20.25958],[48.13972,-20.26443],[48.14483,-20.2686],[48.14309,-20.27661],[48.13497,-20.28243],[48.13267,-20.29006],[48.12556,-20.29929],[48.12528,-20.30556],[48.11689,-20.30942],[48.1124,-20.32233],[48.1089,-20.32561],[48.10835,-20.33422],[48.10304,-20.34736],[48.09631,-20.35778],[48.096,-20.3648],[48.09248,-20.3664],[48.09045,-20.3757],[48.08146,-20.38453],[48.07711,-20.39159],[48.07996,-20.40146],[48.07518,-20.4045],[48.07153,-20.4151],[48.07766,-20.42066],[48.0782,-20.42843],[48.07574,-20.43677],[48.06765,-20.44748],[48.06666,-20.45341],[48.06108,-20.45516],[48.04825,-20.45042],[48.04934,-20.4458],[48.04167,-20.43771],[48.04002,-20.42813],[48.035,-20.42219],[48.03063,-20.42634],[48.02736,-20.42018],[48.01912,-20.41804],[48.01581,-20.42208],[48.00827,-20.41644],[48.01036,-20.41397],[48.00581,-20.40882],[48.00229,-20.40954],[47.98478,-20.40668],[47.97716,-20.40778],[47.96655,-20.40638],[47.95959,-20.41886],[47.95144,-20.4185],[47.94887,-20.42068],[47.94095,-20.43476],[47.93365,-20.43358],[47.93064,-20.43924],[47.92528,-20.43908],[47.92278,-20.43424],[47.91646,-20.43608],[47.91214,-20.44024],[47.90624,-20.43655],[47.90152,-20.4375],[47.89966,-20.43351],[47.88701,-20.42569],[47.88135,-20.42862],[47.87231,-20.42632],[47.8676,-20.4327],[47.86103,-20.43527],[47.85379,-20.43517],[47.84686,-20.44215],[47.84334,-20.45195],[47.83878,-20.45292],[47.83488,-20.44836],[47.83011,-20.45423],[47.81725,-20.45281],[47.80868,-20.44977],[47.81338,-20.45388],[47.81308,-20.46007],[47.80702,-20.46234],[47.8036,-20.45729],[47.79294,-20.4574],[47.79057,-20.46378],[47.78474,-20.46057],[47.7793,-20.46287],[47.77461,-20.45839],[47.76851,-20.46169],[47.76256,-20.45376],[47.7622,-20.44957],[47.75693,-20.44394],[47.75474,-20.4364],[47.74736,-20.43856],[47.74057,-20.43171],[47.73578,-20.42992],[47.73919,-20.41973],[47.74301,-20.41399],[47.73612,-20.41105],[47.73358,-20.40632],[47.72266,-20.40603],[47.72008,-20.40223],[47.70745,-20.40705],[47.69974,-20.40534],[47.69195,-20.39445],[47.6981,-20.38368],[47.69793,-20.37949],[47.68824,-20.37312],[47.6816,-20.3768],[47.67267,-20.37473],[47.67132,-20.36011],[47.68047,-20.34102],[47.68745,-20.32974],[47.6851,-20.3161],[47.67592,-20.30965],[47.67788,-20.30268],[47.67007,-20.29657],[47.67091,-20.28676],[47.66953,-20.28022],[47.67877,-20.26766],[47.67312,-20.25718],[47.66854,-20.25595],[47.66506,-20.24915],[47.66605,-20.24415],[47.67091,-20.24048],[47.67063,-20.23563],[47.67446,-20.23337],[47.67956,-20.22407],[47.68845,-20.21358],[47.68982,-20.20853],[47.6874,-20.20158],[47.68947,-20.19772],[47.68676,-20.19206],[47.68807,-20.18669],[47.68244,-20.17467],[47.68611,-20.16911],[47.69411,-20.16336],[47.69779,-20.16361],[47.69966,-20.15677],[47.71121,-20.1383],[47.71053,-20.13125],[47.71398,-20.12501],[47.70845,-20.11701],[47.71408,-20.11159],[47.71273,-20.10771],[47.71702,-20.10142],[47.71121,-20.09713],[47.71533,-20.08045],[47.71222,-20.06841],[47.7067,-20.05935],[47.71098,-20.05688],[47.70885,-20.04788],[47.71225,-20.04589],[47.71698,-20.04944],[47.73112,-20.05043],[47.73504,-20.05461],[47.74673,-20.05709],[47.75388,-20.04849],[47.75884,-20.03746],[47.76368,-20.03087],[47.76243,-20.02702],[47.7548,-20.02187],[47.75252,-20.01759],[47.74624,-20.01382],[47.7444,-20.00798],[47.73873,-20.00414],[47.73783,-19.99997],[47.73147,-19.99443],[47.72788,-19.97774],[47.72083,-19.97539],[47.71822,-19.96786],[47.70979,-19.95849],[47.70638,-19.95204],[47.70294,-19.95372],[47.6959,-19.93794],[47.72157,-19.93913],[47.72954,-19.93841],[47.7438,-19.92821],[47.74491,-19.92049],[47.75993,-19.90684],[47.76444,-19.90499],[47.76333,-19.90078],[47.76813,-19.89151],[47.76929,-19.88458],[47.7643,-19.87077],[47.76385,-19.86539],[47.77603,-19.86376],[47.78328,-19.85602],[47.78968,-19.84366],[47.79827,-19.83548],[47.81735,-19.84768],[47.83478,-19.85122],[47.84304,-19.85633],[47.85099,-19.86979],[47.85688,-19.86922],[47.86769,-19.87283],[47.87084,-19.87788],[47.87993,-19.88103],[47.88495,-19.87925],[47.88799,-19.86815],[47.88619,-19.85635],[47.8894,-19.85189],[47.88885,-19.83876],[47.88688,-19.83554],[47.89253,-19.83053],[47.88197,-19.82744],[47.87793,-19.82234],[47.86926,-19.82202],[47.85933,-19.81634],[47.86238,-19.8108],[47.86591,-19.78802],[47.86546,-19.76871],[47.86992,-19.78254],[47.87763,-19.78608],[47.88461,-19.78429],[47.89447,-19.79267],[47.90296,-19.80194],[47.91233,-19.8011],[47.9162,-19.78704],[47.92406,-19.77655],[47.92601,-19.75918],[47.93852,-19.75454],[47.95127,-19.75548],[47.95779,-19.75941],[47.99337,-19.76541],[47.99467,-19.76435],[48.02408,-19.76895],[48.03174,-19.77385],[48.03539,-19.76405],[48.04014,-19.73692],[48.04,-19.72944],[48.0445,-19.70844],[48.04827,-19.70512],[48.0562,-19.71288],[48.07035,-19.73863],[48.0778,-19.75002],[48.08667,-19.75773],[48.0905,-19.77466],[48.09393,-19.77841],[48.10266,-19.77763],[48.10546,-19.77015],[48.13196,-19.79067],[48.14133,-19.79428],[48.1542,-19.80237],[48.16031,-19.81019],[48.16915,-19.81205],[48.17903,-19.81078],[48.18985,-19.80224],[48.20114,-19.80232],[48.21615,-19.80604],[48.22174,-19.79761],[48.22353,-19.78714],[48.23336,-19.78069],[48.24431,-19.78922],[48.24928,-19.78972],[48.25504,-19.78585],[48.26358,-19.79146],[48.2693,-19.79267],[48.27586,-19.80276],[48.27307,-19.81126],[48.28299,-19.80312],[48.29833,-19.79496],[48.3055,-19.77984],[48.30968,-19.77716],[48.31073,-19.77114],[48.3172,-19.75529],[48.31901,-19.74169],[48.31487,-19.71201],[48.30727,-19.7034],[48.30297,-19.69265],[48.30317,-19.6881],[48.30909,-19.67487],[48.30949,-19.66054],[48.31142,-19.65586],[48.31666,-19.65337],[48.31785,-19.64659],[48.31487,-19.63767],[48.31285,-19.62447],[48.31862,-19.61426],[48.31483,-19.59292],[48.317,-19.58227],[48.32224,-19.57172],[48.32064,-19.55737],[48.31279,-19.54604],[48.3126,-19.53829],[48.31809,-19.53816],[48.32306,-19.54242],[48.33544,-19.53937],[48.33855,-19.53675],[48.34131,-19.52656],[48.34396,-19.52647],[48.34531,-19.53797],[48.35634,-19.54047],[48.37191,-19.53648],[48.37591,-19.5408],[48.38619,-19.54189],[48.39235,-19.53751],[48.39537,-19.52923],[48.40454,-19.52335],[48.40722,-19.51751],[48.40579,-19.50714],[48.40356,-19.50515],[48.39957,-19.48436],[48.39278,-19.46991],[48.38737,-19.46232],[48.39003,-19.45106],[48.38194,-19.44094],[48.37665,-19.42671],[48.37707,-19.42024],[48.37364,-19.41414],[48.37612,-19.40104],[48.3817,-19.39363],[48.37513,-19.38486],[48.37301,-19.376],[48.36677,-19.36788],[48.36169,-19.36487],[48.36217,-19.35976],[48.36809,-19.35502],[48.36557,-19.34702],[48.36918,-19.34069],[48.37505,-19.33558],[48.37049,-19.33003],[48.37507,-19.31706],[48.37514,-19.30691],[48.38086,-19.30486],[48.38003,-19.30893],[48.3882,-19.31361],[48.38667,-19.32055],[48.39011,-19.32497],[48.39658,-19.32666],[48.40487,-19.32361],[48.40766,-19.33337],[48.4125,-19.33087],[48.41608,-19.33858],[48.42493,-19.34166],[48.43625,-19.33556],[48.44074,-19.33653],[48.44762,-19.34298],[48.44467,-19.3491],[48.44732,-19.35345],[48.4573,-19.35697],[48.45866,-19.34741],[48.46768,-19.34133],[48.47709,-19.34045],[48.48216,-19.34714],[48.49036,-19.34703],[48.4946,-19.33314],[48.50363,-19.33106],[48.51374,-19.32549],[48.51593,-19.3181],[48.51366,-19.3036],[48.51477,-19.28694],[48.51688,-19.28243],[48.52907,-19.29366],[48.53166,-19.30017],[48.54408,-19.29787],[48.55839,-19.29286],[48.56642,-19.2854],[48.57345,-19.27257],[48.57764,-19.26142],[48.58791,-19.2515],[48.59194,-19.24502],[48.59766,-19.22771],[48.59733,-19.22161],[48.58407,-19.19143],[48.57878,-19.16967],[48.56733,-19.16043],[48.56026,-19.14917],[48.55833,-19.14189],[48.55055,-19.13553],[48.55768,-19.131],[48.56213,-19.13121],[48.587,-19.14012],[48.59015,-19.1431],[48.59798,-19.15687],[48.60534,-19.15988],[48.62516,-19.15286],[48.63942,-19.16606],[48.64901,-19.17227],[48.66223,-19.1737],[48.67125,-19.1714],[48.67899,-19.16578],[48.6869,-19.15538],[48.69447,-19.15675],[48.70333,-19.16628],[48.70952,-19.15818],[48.71531,-19.14496],[48.7132,-19.13313],[48.70863,-19.12572],[48.70302,-19.12498],[48.69463,-19.11938],[48.68978,-19.10454],[48.68903,-19.07714],[48.68764,-19.07403],[48.67387,-19.07143],[48.6643,-19.06456],[48.65704,-19.05433],[48.65069,-19.05371],[48.64435,-19.04984],[48.64894,-19.04466],[48.64949,-19.03576],[48.65258,-19.02767],[48.65049,-19.01906],[48.65238,-19.01369],[48.65052,-19.00502],[48.65993,-19.00084],[48.6611,-18.99671],[48.65469,-18.99096],[48.65347,-18.98212],[48.64072,-18.9745],[48.6446,-18.96093],[48.64011,-18.94279],[48.63533,-18.93646],[48.62373,-18.93093],[48.62512,-18.92508],[48.61953,-18.90905],[48.61955,-18.89574],[48.62114,-18.89107],[48.6192,-18.88215],[48.6206,-18.8786],[48.62689,-18.87694],[48.62207,-18.87025],[48.62132,-18.86402],[48.61579,-18.85316],[48.61816,-18.84825],[48.61884,-18.83696],[48.61448,-18.83084],[48.59989,-18.82667],[48.58965,-18.81631],[48.57601,-18.81228],[48.56358,-18.80568],[48.54605,-18.80112],[48.54406,-18.79618],[48.54367,-18.78267],[48.55205,-18.77481],[48.5511,-18.76748],[48.55195,-18.75428],[48.54738,-18.74995],[48.54589,-18.74064],[48.54186,-18.73618],[48.54221,-18.72969],[48.52881,-18.72347],[48.52619,-18.7249],[48.51193,-18.72023],[48.50692,-18.71512],[48.51397,-18.70861],[48.52517,-18.70442],[48.52757,-18.69863],[48.5248,-18.69525],[48.5246,-18.68747],[48.5317,-18.68679],[48.53088,-18.68177],[48.52659,-18.68187],[48.52469,-18.67705],[48.52791,-18.67279],[48.52704,-18.66729],[48.51805,-18.66239],[48.50889,-18.67053],[48.50719,-18.66523],[48.49911,-18.6614],[48.49989,-18.64984],[48.49379,-18.64792],[48.49541,-18.64367],[48.49251,-18.63596],[48.49451,-18.63029],[48.48601,-18.61542],[48.49405,-18.597],[48.49676,-18.5942],[48.50595,-18.59441],[48.50846,-18.59202],[48.51115,-18.57976],[48.51661,-18.57822],[48.5251,-18.56516],[48.5225,-18.55982],[48.5165,-18.55818],[48.50675,-18.56435],[48.50401,-18.56152],[48.51238,-18.54945],[48.51599,-18.53548],[48.5145,-18.53152],[48.50801,-18.52917],[48.49899,-18.51992],[48.50153,-18.50933],[48.49576,-18.50452],[48.48979,-18.48941],[48.48848,-18.48058],[48.49169,-18.47604],[48.48615,-18.45855],[48.48616,-18.45366],[48.48117,-18.44659],[48.48471,-18.42779],[48.47708,-18.42442],[48.47208,-18.41243],[48.47574,-18.40583],[48.47141,-18.40067],[48.46965,-18.39356],[48.47312,-18.38589],[48.47177,-18.38204],[48.47303,-18.36781],[48.4796,-18.36695],[48.47546,-18.3628],[48.48251,-18.35177],[48.48642,-18.35971],[48.49078,-18.3628],[48.49408,-18.35315],[48.49774,-18.35244],[48.49327,-18.34165],[48.49566,-18.33212],[48.50237,-18.32969],[48.50045,-18.32441],[48.50965,-18.31482],[48.52332,-18.30825],[48.5303,-18.31028],[48.5363,-18.30631],[48.53373,-18.29881],[48.53607,-18.29137],[48.54082,-18.28504],[48.54372,-18.28609],[48.54331,-18.27964],[48.54619,-18.2771],[48.54126,-18.27339],[48.54621,-18.26774],[48.55471,-18.26535],[48.55485,-18.25003],[48.55,-18.24303],[48.55648,-18.23493],[48.56824,-18.25101],[48.57374,-18.24759],[48.58109,-18.23785],[48.58761,-18.23845],[48.59196,-18.24739],[48.60833,-18.25032],[48.61304,-18.25752],[48.62243,-18.25846],[48.6264,-18.25516],[48.63783,-18.25397],[48.6398,-18.24709],[48.64435,-18.24191],[48.65172,-18.24106],[48.66369,-18.23517],[48.67454,-18.24271],[48.6757,-18.24845],[48.68794,-18.24405],[48.6931,-18.2369],[48.70649,-18.23544],[48.71789,-18.24379],[48.72311,-18.24397],[48.72429,-18.23432],[48.73033,-18.23209],[48.73472,-18.22571],[48.73575,-18.21242],[48.74425,-18.20997],[48.74799,-18.21314],[48.75379,-18.21105],[48.75717,-18.20581],[48.77227,-18.2045],[48.78309,-18.19574],[48.78747,-18.20048],[48.7895,-18.1948],[48.78672,-18.18965],[48.79063,-18.18553],[48.78555,-18.17672],[48.78252,-18.17532],[48.78106,-18.16724],[48.79185,-18.1419],[48.78745,-18.13196],[48.78102,-18.1243],[48.78037,-18.12025],[48.77429,-18.11402],[48.77308,-18.10553],[48.77882,-18.09549],[48.77288,-18.07315],[48.76602,-18.0692],[48.76708,-18.06186],[48.7632,-18.05252],[48.75296,-18.05609],[48.73943,-18.05387],[48.73597,-18.05871],[48.73559,-18.06508],[48.72982,-18.07521],[48.72131,-18.07441],[48.70681,-18.06178],[48.69851,-18.06328],[48.69431,-18.06117],[48.68721,-18.06681],[48.67019,-18.05883],[48.67015,-18.05678],[48.67945,-18.05248],[48.67777,-18.03275],[48.68554,-18.0258],[48.6839,-18.01894],[48.69043,-17.99919],[48.69047,-17.99601],[48.69784,-17.98675],[48.69638,-17.98056],[48.69262,-17.98035],[48.69142,-17.97418],[48.67845,-17.96908],[48.67598,-17.96068],[48.67021,-17.95605],[48.66784,-17.95015],[48.66081,-17.95058],[48.65719,-17.94303],[48.6647,-17.94136],[48.67322,-17.93332],[48.67118,-17.92763],[48.66517,-17.92498],[48.66522,-17.91467],[48.65854,-17.90707],[48.66341,-17.90128],[48.65773,-17.89846],[48.65833,-17.89266],[48.67188,-17.88592],[48.67876,-17.8877],[48.68495,-17.88607],[48.69128,-17.8884],[48.69976,-17.90164],[48.70056,-17.91453],[48.70471,-17.91888],[48.71533,-17.92416],[48.72169,-17.91837],[48.7254,-17.91209],[48.72399,-17.90044],[48.73351,-17.8984],[48.7366,-17.90384],[48.74219,-17.88888],[48.74838,-17.88426],[48.75742,-17.88096],[48.76176,-17.87332],[48.76785,-17.86732],[48.77163,-17.87061],[48.77535,-17.88125],[48.77976,-17.88461],[48.78628,-17.8841],[48.78949,-17.89158],[48.79702,-17.89755],[48.79937,-17.88892],[48.8022,-17.88743],[48.80438,-17.8742],[48.8097,-17.87436],[48.81389,-17.87057],[48.83117,-17.87356],[48.83475,-17.87968],[48.83785,-17.87781],[48.83554,-17.86521],[48.82927,-17.85915],[48.82742,-17.84977],[48.82113,-17.83301],[48.82291,-17.82807],[48.82006,-17.81379],[48.82121,-17.81065],[48.81681,-17.80527],[48.82388,-17.79834],[48.8292,-17.79775],[48.83499,-17.79252],[48.8369,-17.78588],[48.84626,-17.77644],[48.84822,-17.7703],[48.85988,-17.7637],[48.86551,-17.76803],[48.86959,-17.76717],[48.86922,-17.75955],[48.87434,-17.75088],[48.88187,-17.75837],[48.88978,-17.75712],[48.88948,-17.76301],[48.9052,-17.76644],[48.90111,-17.77164],[48.90205,-17.77599],[48.92025,-17.77748],[48.93285,-17.76841],[48.93414,-17.76418],[48.94542,-17.76293],[48.95348,-17.7592],[48.9583,-17.75999],[48.97296,-17.74372],[48.98516,-17.74402],[48.99751,-17.73812],[49.00565,-17.74647],[49.00958,-17.74396],[49.01411,-17.74735],[49.01921,-17.73955],[49.03246,-17.74022],[49.03834,-17.73277],[49.04637,-17.72642],[49.05264,-17.72568],[49.05678,-17.7217],[49.0658,-17.72257],[49.06851,-17.72579],[49.0684,-17.73665],[49.08162,-17.74262],[49.08293,-17.75163],[49.08806,-17.74137],[49.10339,-17.74325],[49.10553,-17.73483],[49.10991,-17.7404],[49.11985,-17.74358],[49.12012,-17.75621],[49.11585,-17.75891],[49.11595,-17.76313],[49.12203,-17.76212],[49.12702,-17.75609],[49.13249,-17.7562],[49.13152,-17.76154],[49.13863,-17.763],[49.14357,-17.76744],[49.15321,-17.7587],[49.15658,-17.74719],[49.16198,-17.74805],[49.16606,-17.7524],[49.17016,-17.74991],[49.16936,-17.7428],[49.17588,-17.7387],[49.1819,-17.7398],[49.19012,-17.73705],[49.19398,-17.73355],[49.20545,-17.73387],[49.21069,-17.72366],[49.20834,-17.72032],[49.202,-17.72031],[49.20487,-17.69627],[49.20197,-17.69352],[49.20508,-17.68805],[49.21309,-17.6889],[49.22332,-17.69433],[49.22939,-17.68898],[49.23681,-17.69181],[49.23703,-17.69779],[49.24315,-17.70689],[49.24796,-17.70814],[49.25166,-17.70477],[49.25345,-17.69548],[49.25313,-17.68608],[49.26039,-17.68482],[49.26177,-17.68726],[49.2695,-17.68734],[49.26988,-17.68192],[49.26723,-17.67224],[49.2604,-17.65937],[49.26451,-17.63742],[49.27236,-17.6161],[49.27253,-17.60992],[49.26446,-17.60182],[49.26072,-17.59041],[49.26077,-17.58346],[49.26379,-17.57758],[49.27232,-17.57693],[49.27128,-17.57202],[49.27796,-17.56438],[49.28774,-17.54817],[49.30465,-17.55303],[49.30964,-17.55944],[49.31989,-17.56776],[49.32587,-17.55477],[49.331,-17.56573],[49.33801,-17.56583],[49.33789,-17.57166],[49.34759,-17.57902],[49.35787,-17.57215],[49.35756,-17.57774],[49.36253,-17.57719],[49.36765,-17.57138],[49.37057,-17.57259],[49.3711,-17.57978],[49.36888,-17.5853],[49.37522,-17.58539],[49.37634,-17.58862],[49.38151,-17.58431],[49.39267,-17.5866],[49.39575,-17.59033],[49.39427,-17.59891],[49.39775,-17.59882],[49.40082,-17.60589],[49.40684,-17.60395],[49.41016,-17.60772],[49.40493,-17.61015],[49.40875,-17.61593],[49.41525,-17.61419],[49.41745,-17.62066],[49.42584,-17.61416],[49.42483,-17.61022],[49.42932,-17.59876],[49.44016,-17.59501],[49.45064,-17.59444],[49.45159,-17.58602],[49.45597,-17.5795],[49.45937,-17.5843],[49.47442,-17.58147],[49.47744,-17.5973]]]}},{"type":"Feature","properties":{"code_zone":"MG32","nom_zone":"Analanjirofo","niveau":"Région","code_parent":null,"nom_parent":null},"geometry":{"type":"MultiPolygon","coordinates":[[[[49.80899,-17.12089],[49.80071,-17.11841],[49.80043,-17.10372],[49.80756,-17.09674],[49.81336,-17.10334],[49.81349,-17.11669],[49.80899,-17.12089]]],[[[50.02157,-16.71634],[50.01576,-16.72759],[50.01364,-16.73539],[50.00395,-16.74459],[49.99807,-16.75577],[49.98889,-16.77855],[49.98032,-16.7944],[49.96776,-16.82326],[49.95568,-16.85768],[49.94734,-16.87818],[49.946,-16.8935],[49.93582,-16.90778],[49.93093,-16.91174],[49.93132,-16.92071],[49.92459,-16.93586],[49.91889,-16.94184],[49.90936,-16.9443],[49.90511,-16.95903],[49.89088,-16.98463],[49.88875,-16.99289],[49.88179,-16.99882],[49.87764,-17.0121],[49.86491,-17.02408],[49.85622,-17.03811],[49.85567,-17.04567],[49.84905,-17.053],[49.84187,-17.05692],[49.83369,-17.07289],[49.82974,-17.08743],[49.81882,-17.10549],[49.8113,-17.09348],[49.81471,-17.08978],[49.8182,-17.07909],[49.8224,-17.07264],[49.82099,-17.06606],[49.82455,-17.05027],[49.82592,-17.03878],[49.83011,-17.02927],[49.8347,-17.01208],[49.84299,-17.00341],[49.84992,-17.00176],[49.84961,-16.99242],[49.85186,-16.98467],[49.85771,-16.97779],[49.85962,-16.96401],[49.85429,-16.95494],[49.85465,-16.93537],[49.85832,-16.92524],[49.86394,-16.917],[49.86634,-16.90778],[49.87623,-16.895],[49.88282,-16.87769],[49.89579,-16.8739],[49.8994,-16.87528],[49.90345,-16.86563],[49.91257,-16.8539],[49.92201,-16.8365],[49.92659,-16.82472],[49.92683,-16.81803],[49.92994,-16.81301],[49.93751,-16.80994],[49.95216,-16.80115],[49.96606,-16.78506],[49.97048,-16.77661],[49.9694,-16.76685],[49.97299,-16.7578],[49.96516,-16.74002],[49.96683,-16.73617],[49.97882,-16.73131],[49.99217,-16.70809],[50.00009,-16.70656],[50.00356,-16.70348],[50.01195,-16.70172],[50.0226,-16.70867],[50.02157,-16.71634]]],[[[49.75475,-15.50173],[49.76029,-15.49765],[49.75675,-15.48838],[49.75718,-15.48423],[49.76683,-15.47678],[49.7721,-15.48109],[49.77508,-15.49348],[49.77117,-15.50456],[49.7584,-15.50928],[49.75475,-15.50173]]],[[[50.01067,-15.81803],[50.01583,-15.80292],[50.01633,-15.79499],[50.01956,-15.78736],[50.00758,-15.77946],[50.00057,-15.76977],[49.98759,-15.75831],[49.97515,-15.7504],[49.96577,-15.74108],[49.95391,-15.73386],[49.95823,-15.72691],[49.96082,-15.70528],[49.95497,-15.6927],[49.95306,-15.67088],[49.95855,-15.65888],[49.95878,-15.65335],[49.96449,-15.63398],[49.96431,-15.62881],[49.95628,-15.62269],[49.96525,-15.61696],[49.96824,-15.60968],[49.96309,-15.61583],[49.95577,-15.61959],[49.9493,-15.61461],[49.93643,-15.61038],[49.92674,-15.60463],[49.92205,-15.59928],[49.92077,-15.59124],[49.89775,-15.57196],[49.89026,-15.56031],[49.88924,-15.55481],[49.89264,-15.54052],[49.89273,-15.52672],[49.89829,-15.51609],[49.90355,-15.49718],[49.89186,-15.47155],[49.89109,-15.46605],[49.89479,-15.45796],[49.90157,-15.44824],[49.9007,-15.43537],[49.89691,-15.43541],[49.89068,-15.43042],[49.87283,-15.42579],[49.87113,-15.42212],[49.86116,-15.422],[49.86453,-15.41518],[49.8587,-15.41444],[49.85173,-15.4267],[49.85091,-15.43889],[49.84617,-15.44009],[49.83688,-15.43628],[49.83311,-15.43862],[49.82501,-15.43595],[49.80605,-15.43798],[49.80117,-15.43585],[49.79179,-15.43583],[49.79432,-15.42799],[49.78318,-15.42971],[49.78937,-15.43217],[49.78707,-15.43841],[49.77548,-15.44174],[49.75615,-15.45413],[49.74449,-15.45138],[49.75396,-15.44886],[49.7634,-15.44359],[49.75754,-15.43974],[49.74513,-15.43919],[49.7389,-15.44583],[49.72967,-15.44447],[49.71722,-15.44478],[49.70295,-15.45075],[49.69447,-15.45658],[49.69154,-15.46099],[49.67587,-15.47195],[49.67119,-15.47843],[49.66084,-15.48819],[49.63504,-15.51856],[49.62427,-15.5343],[49.61708,-15.55115],[49.61341,-15.56361],[49.61818,-15.56689],[49.62045,-15.59078],[49.62254,-15.59869],[49.62757,-15.60325],[49.64041,-15.60335],[49.64328,-15.60585],[49.64291,-15.61677],[49.65088,-15.62946],[49.65059,-15.63578],[49.64704,-15.6488],[49.64654,-15.65743],[49.65074,-15.66257],[49.65008,-15.66809],[49.64103,-15.68864],[49.64037,-15.69348],[49.63606,-15.69145],[49.64112,-15.69807],[49.65022,-15.70372],[49.65651,-15.71585],[49.65729,-15.72182],[49.6609,-15.72592],[49.66222,-15.73878],[49.66901,-15.75205],[49.66935,-15.76124],[49.67393,-15.76741],[49.67618,-15.77795],[49.68099,-15.78412],[49.68253,-15.79421],[49.6876,-15.80198],[49.68827,-15.82014],[49.69234,-15.82332],[49.69461,-15.83571],[49.70038,-15.84071],[49.70282,-15.84758],[49.70283,-15.87057],[49.70648,-15.87857],[49.71159,-15.88338],[49.71297,-15.8905],[49.71817,-15.89847],[49.72232,-15.89985],[49.72545,-15.89618],[49.7318,-15.90274],[49.73091,-15.91013],[49.71338,-15.9355],[49.71184,-15.93935],[49.69479,-15.97001],[49.68277,-16.00132],[49.68115,-16.01362],[49.67467,-16.04589],[49.68074,-16.05201],[49.6833,-16.06426],[49.68863,-16.07049],[49.69615,-16.0734],[49.69802,-16.09731],[49.69981,-16.10601],[49.70529,-16.11171],[49.70586,-16.12257],[49.71368,-16.12842],[49.71724,-16.13518],[49.72209,-16.1378],[49.72501,-16.14544],[49.73159,-16.14907],[49.73869,-16.15017],[49.74387,-16.15584],[49.76111,-16.16413],[49.77051,-16.15971],[49.78251,-16.15827],[49.79157,-16.16006],[49.79032,-16.15594],[49.79888,-16.15207],[49.80607,-16.15307],[49.8105,-16.15745],[49.80417,-16.16311],[49.81495,-16.16919],[49.81877,-16.16748],[49.82437,-16.17017],[49.83107,-16.17761],[49.83229,-16.18282],[49.84232,-16.19192],[49.84101,-16.19681],[49.84703,-16.19376],[49.85853,-16.19574],[49.86229,-16.20148],[49.86015,-16.21925],[49.85779,-16.22455],[49.85267,-16.24513],[49.84868,-16.24781],[49.84098,-16.24597],[49.84684,-16.25082],[49.84518,-16.26266],[49.84001,-16.26758],[49.84229,-16.27342],[49.83059,-16.29307],[49.82542,-16.29394],[49.82809,-16.3023],[49.82321,-16.30796],[49.82019,-16.32325],[49.81527,-16.33285],[49.81356,-16.35115],[49.81823,-16.35465],[49.8179,-16.36557],[49.82559,-16.37335],[49.83093,-16.38486],[49.8263,-16.3898],[49.82731,-16.39864],[49.83098,-16.40977],[49.83189,-16.43282],[49.84076,-16.43253],[49.84799,-16.42607],[49.8589,-16.42647],[49.86025,-16.43308],[49.85432,-16.44013],[49.8606,-16.45561],[49.85686,-16.46292],[49.85182,-16.46687],[49.84844,-16.47969],[49.84313,-16.48523],[49.84279,-16.49182],[49.83791,-16.49982],[49.83674,-16.50563],[49.84264,-16.51443],[49.84293,-16.5221],[49.83883,-16.53102],[49.83814,-16.54813],[49.83606,-16.5556],[49.83608,-16.56882],[49.82504,-16.57985],[49.81775,-16.59046],[49.80663,-16.60019],[49.80045,-16.61151],[49.80005,-16.62426],[49.79761,-16.63063],[49.80004,-16.6346],[49.78998,-16.64436],[49.78282,-16.65953],[49.77436,-16.66262],[49.77225,-16.66694],[49.77234,-16.6787],[49.76264,-16.68684],[49.76825,-16.69334],[49.76345,-16.6986],[49.74779,-16.70372],[49.74615,-16.70173],[49.7536,-16.6988],[49.75444,-16.69473],[49.7491,-16.69129],[49.73791,-16.69147],[49.73412,-16.69634],[49.72606,-16.69887],[49.72336,-16.70319],[49.71989,-16.71622],[49.7244,-16.73272],[49.72421,-16.74011],[49.72875,-16.74385],[49.72445,-16.75071],[49.72504,-16.75495],[49.73127,-16.76769],[49.74259,-16.78422],[49.7523,-16.79546],[49.75388,-16.80274],[49.77217,-16.81983],[49.78775,-16.83211],[49.80211,-16.83783],[49.80932,-16.83699],[49.8166,-16.83993],[49.82875,-16.84025],[49.84164,-16.83697],[49.84026,-16.84078],[49.83187,-16.84371],[49.78559,-16.85416],[49.76799,-16.85675],[49.72052,-16.86241],[49.6688,-16.87486],[49.63454,-16.88534],[49.60567,-16.89964],[49.59228,-16.90919],[49.58914,-16.91855],[49.59021,-16.92816],[49.5862,-16.94306],[49.58002,-16.95243],[49.5775,-16.96172],[49.56594,-16.98198],[49.55875,-16.99009],[49.55547,-16.9983],[49.54699,-17.00746],[49.54623,-17.01405],[49.53292,-17.03186],[49.53124,-17.04833],[49.52247,-17.0656],[49.52566,-17.07069],[49.52189,-17.07938],[49.51608,-17.10088],[49.50778,-17.11446],[49.49773,-17.14314],[49.46543,-17.20834],[49.457,-17.22],[49.44994,-17.23341],[49.44016,-17.25636],[49.43164,-17.28248],[49.4212,-17.31039],[49.41513,-17.33274],[49.41039,-17.35768],[49.4105,-17.36313],[49.41579,-17.37957],[49.4192,-17.38054],[49.42437,-17.38849],[49.43301,-17.39065],[49.43821,-17.39543],[49.4398,-17.40759],[49.44542,-17.41373],[49.45095,-17.41211],[49.45303,-17.41577],[49.44712,-17.4397],[49.44664,-17.44947],[49.44856,-17.45528],[49.45391,-17.46],[49.45542,-17.46885],[49.45869,-17.47449],[49.46877,-17.47907],[49.4749,-17.48002],[49.47862,-17.48439],[49.47408,-17.48788],[49.46782,-17.50233],[49.46637,-17.52321],[49.46894,-17.53288],[49.47314,-17.53553],[49.47999,-17.53326],[49.48382,-17.53505],[49.48071,-17.55185],[49.47518,-17.57322],[49.47442,-17.58147],[49.45937,-17.5843],[49.45597,-17.5795],[49.45159,-17.58602],[49.45064,-17.59444],[49.44016,-17.59501],[49.42932,-17.59876],[49.42483,-17.61022],[49.42584,-17.61416],[49.41745,-17.62066],[49.41525,-17.61419],[49.40875,-17.61593],[49.40493,-17.61015],[49.41016,-17.60772],[49.40684,-17.60395],[49.40082,-17.60589],[49.39775,-17.59882],[49.39427,-17.59891],[49.39575,-17.59033],[49.39267,-17.5866],[49.38151,-17.58431],[49.37634,-17.58862],[49.37522,-17.58539],[49.36888,-17.5853],[49.3711,-17.57978],[49.37057,-17.57259],[49.36765,-17.57138],[49.36253,-17.57719],[49.35756,-17.57774],[49.35787,-17.57215],[49.34759,-17.57902],[49.33789,-17.57166],[49.33801,-17.56583],[49.331,-17.56573],[49.32587,-17.55477],[49.31989,-17.56776],[49.30964,-17.55944],[49.30465,-17.55303],[49.28774,-17.54817],[49.27796,-17.56438],[49.27128,-17.57202],[49.27232,-17.57693],[49.26379,-17.57758],[49.26077,-17.58346],[49.26072,-17.59041],[49.26446,-17.60182],[49.27253,-17.60992],[49.27236,-17.6161],[49.26451,-17.63742],[49.2604,-17.65937],[49.26723,-17.67224],[49.26988,-17.68192],[49.2695,-17.68734],[49.26177,-17.68726],[49.26039,-17.68482],[49.25313,-17.68608],[49.25345,-17.69548],[49.25166,-17.70477],[49.24796,-17.70814],[49.24315,-17.70689],[49.23703,-17.69779],[49.23681,-17.69181],[49.22939,-17.68898],[49.22332,-17.69433],[49.21309,-17.6889],[49.20508,-17.68805],[49.20197,-17.69352],[49.20487,-17.69627],[49.202,-17.72031],[49.20834,-17.72032],[49.21069,-17.72366],[49.20545,-17.73387],[49.19398,-17.73355],[49.19012,-17.73705],[49.1819,-17.7398],[49.17588,-17.7387],[49.16936,-17.7428],[49.17016,-17.74991],[49.16606,-17.7524],[49.16198,-17.74805],[49.15658,-17.74719],[49.15321,-17.7587],[49.14357,-17.76744],[49.13863,-17.763],[49.13152,-17.76154],[49.13249,-17.7562],[49.12702,-17.75609],[49.12203,-17.76212],[49.11595,-17.76313],[49.11585,-17.75891],[49.12012,-17.75621],[49.11985,-17.74358],[49.10991,-17.7404],[49.10553,-17.73483],[49.10339,-17.74325],[49.08806,-17.74137],[49.08293,-17.75163],[49.08162,-17.74262],[49.0684,-17.73665],[49.06851,-17.72579],[49.0658,-17.72257],[49.05678,-17.7217],[49.05264,-17.72568],[49.04637,-17.72642],[49.03834,-17.73277],[49.03246,-17.74022],[49.01921,-17.73955],[49.01411,-17.74735],[49.00958,-17.74396],[49.00565,-17.74647],[48.99751,-17.73812],[48.98516,-17.74402],[48.97296,-17.74372],[48.9583,-17.75999],[48.95348,-17.7592],[48.94542,-17.76293],[48.93414,-17.76418],[48.93285,-17.76841],[48.92025,-17.77748],[48.90205,-17.77599],[48.90111,-17.77164],[48.9052,-17.76644],[48.88948,-17.76301],[48.88978,-17.75712],[48.88187,-17.75837],[48.87434,-17.75088],[48.86922,-17.75955],[48.86959,-17.76717],[48.86551,-17.76803],[48.85988,-17.7637],[48.84822,-17.7703],[48.84453,-17.76496],[48.82924,-17.76],[48.82216,-17.7528],[48.82998,-17.74947],[48.82909,-17.74351],[48.83575,-17.73267],[48.83878,-17.73054],[48.84012,-17.72317],[48.84475,-17.71983],[48.84553,-17.71222],[48.84945,-17.69778],[48.84142,-17.69356],[48.83244,-17.69373],[48.83068,-17.69776],[48.82063,-17.69692],[48.82268,-17.69134],[48.82062,-17.6815],[48.826,-17.67289],[48.82579,-17.66159],[48.8277,-17.65475],[48.82013,-17.65275],[48.81046,-17.65705],[48.80271,-17.65045],[48.79406,-17.65127],[48.79048,-17.65412],[48.78483,-17.6515],[48.77678,-17.65106],[48.76455,-17.65981],[48.7506,-17.66655],[48.74937,-17.66286],[48.7287,-17.66997],[48.72018,-17.66182],[48.71374,-17.66052],[48.71217,-17.664],[48.70673,-17.66287],[48.70368,-17.65866],[48.69915,-17.65997],[48.69526,-17.64823],[48.69162,-17.64612],[48.69357,-17.64191],[48.68816,-17.63857],[48.68093,-17.63837],[48.69002,-17.62779],[48.69039,-17.61488],[48.69959,-17.61664],[48.70616,-17.61293],[48.70976,-17.60493],[48.72155,-17.60945],[48.7299,-17.60699],[48.73247,-17.60189],[48.73725,-17.60242],[48.73945,-17.59635],[48.73089,-17.58909],[48.73336,-17.58213],[48.73886,-17.57878],[48.73831,-17.56935],[48.74531,-17.56664],[48.74862,-17.56182],[48.74535,-17.55982],[48.7581,-17.55274],[48.75847,-17.54718],[48.76298,-17.54438],[48.77652,-17.54596],[48.78195,-17.55169],[48.79143,-17.55242],[48.8026,-17.54829],[48.80553,-17.54353],[48.80654,-17.52565],[48.80389,-17.51827],[48.79805,-17.51003],[48.79247,-17.50675],[48.79162,-17.49905],[48.78592,-17.49642],[48.78757,-17.48899],[48.79233,-17.49073],[48.80426,-17.48862],[48.80286,-17.48159],[48.80816,-17.4774],[48.8097,-17.48049],[48.8253,-17.47834],[48.83204,-17.47443],[48.83043,-17.46997],[48.81799,-17.45673],[48.80799,-17.45947],[48.79862,-17.44739],[48.79575,-17.43738],[48.80076,-17.42949],[48.80221,-17.42147],[48.81375,-17.42241],[48.81405,-17.42677],[48.81885,-17.43167],[48.82616,-17.4335],[48.82768,-17.42165],[48.83418,-17.41811],[48.83356,-17.40861],[48.83723,-17.38986],[48.83581,-17.37583],[48.83248,-17.37144],[48.83817,-17.35912],[48.83596,-17.3524],[48.82835,-17.34291],[48.82065,-17.3259],[48.82185,-17.31119],[48.82477,-17.30541],[48.8219,-17.29895],[48.82796,-17.29451],[48.85056,-17.26869],[48.85473,-17.26247],[48.87118,-17.2694],[48.88805,-17.27463],[48.88533,-17.28392],[48.87818,-17.29582],[48.87834,-17.30796],[48.88295,-17.31067],[48.8921,-17.29278],[48.89988,-17.28298],[48.90849,-17.27565],[48.91117,-17.25917],[48.9032,-17.22781],[48.90198,-17.21277],[48.89973,-17.20337],[48.89862,-17.18251],[48.90414,-17.16616],[48.90035,-17.1565],[48.90027,-17.14038],[48.90385,-17.13171],[48.90335,-17.12494],[48.89381,-17.12367],[48.88999,-17.11674],[48.88279,-17.12041],[48.87228,-17.11335],[48.87138,-17.10303],[48.87167,-17.07774],[48.87255,-17.06558],[48.86443,-17.06229],[48.85931,-17.06614],[48.85318,-17.06515],[48.84256,-17.06793],[48.83427,-17.06743],[48.82668,-17.0729],[48.82512,-17.06435],[48.8189,-17.06343],[48.81696,-17.05728],[48.81343,-17.05673],[48.80272,-17.06064],[48.7962,-17.06888],[48.78604,-17.0712],[48.78276,-17.06669],[48.78901,-17.05581],[48.79287,-17.04056],[48.78811,-17.03492],[48.7896,-17.0321],[48.79701,-17.03111],[48.79723,-17.02591],[48.80139,-17.0175],[48.81042,-17.00799],[48.82014,-17.00078],[48.82459,-16.99535],[48.82011,-16.99207],[48.8239,-16.98548],[48.82425,-16.9767],[48.83235,-16.96522],[48.83473,-16.95942],[48.83767,-16.94389],[48.83613,-16.93057],[48.83853,-16.92538],[48.83077,-16.92093],[48.83635,-16.91162],[48.8401,-16.90071],[48.83963,-16.89489],[48.82824,-16.89608],[48.82221,-16.89122],[48.82934,-16.88168],[48.82796,-16.87563],[48.81753,-16.88163],[48.81533,-16.87924],[48.82091,-16.86448],[48.82216,-16.85762],[48.83153,-16.84382],[48.83324,-16.83689],[48.83739,-16.83227],[48.84001,-16.82356],[48.84769,-16.81379],[48.85281,-16.7993],[48.85788,-16.79324],[48.85909,-16.78823],[48.87403,-16.78381],[48.87855,-16.7672],[48.87823,-16.75333],[48.87647,-16.7473],[48.87979,-16.74474],[48.87662,-16.73209],[48.88612,-16.72396],[48.88812,-16.71556],[48.89949,-16.71584],[48.90406,-16.70265],[48.9141,-16.69922],[48.922,-16.69064],[48.934,-16.68558],[48.94625,-16.6739],[48.95231,-16.67819],[48.95921,-16.66997],[48.96735,-16.66524],[48.97405,-16.6639],[48.97521,-16.66898],[48.98441,-16.6724],[48.9912,-16.66825],[48.98645,-16.65836],[48.97737,-16.65965],[48.97278,-16.65271],[48.96783,-16.64939],[48.96818,-16.64368],[48.96099,-16.63583],[48.95726,-16.63602],[48.95494,-16.62795],[48.96195,-16.61321],[48.95999,-16.60648],[48.97219,-16.60242],[48.97962,-16.59633],[48.98571,-16.58495],[48.9926,-16.58028],[49.0059,-16.57497],[49.01188,-16.57669],[49.01744,-16.57518],[49.01847,-16.5668],[49.01635,-16.54933],[49.01733,-16.5389],[49.01676,-16.52522],[49.02473,-16.5201],[49.03162,-16.51084],[49.04223,-16.50202],[49.05074,-16.49849],[49.05649,-16.49039],[49.06632,-16.48717],[49.07593,-16.47867],[49.08172,-16.48182],[49.09592,-16.47896],[49.11668,-16.46704],[49.11989,-16.45908],[49.12358,-16.44018],[49.12902,-16.43596],[49.1314,-16.42958],[49.13834,-16.42632],[49.14442,-16.42069],[49.14935,-16.42062],[49.1528,-16.4081],[49.1377,-16.40109],[49.13812,-16.39449],[49.14393,-16.37725],[49.13838,-16.37491],[49.14796,-16.35789],[49.14952,-16.35207],[49.14549,-16.3473],[49.15749,-16.34232],[49.1564,-16.33834],[49.16558,-16.33649],[49.16871,-16.33203],[49.1804,-16.32883],[49.18559,-16.33375],[49.19285,-16.3239],[49.18686,-16.30515],[49.18589,-16.29753],[49.1787,-16.29367],[49.17715,-16.28996],[49.18698,-16.2827],[49.18546,-16.27903],[49.19028,-16.27174],[49.1981,-16.27273],[49.21037,-16.26039],[49.21374,-16.25228],[49.20649,-16.24537],[49.2068,-16.22534],[49.20411,-16.22052],[49.20488,-16.19746],[49.21024,-16.19777],[49.21196,-16.18917],[49.2081,-16.18505],[49.21507,-16.17795],[49.20833,-16.1692],[49.20853,-16.15966],[49.21158,-16.15402],[49.21145,-16.14497],[49.21797,-16.13844],[49.21698,-16.13538],[49.20704,-16.12929],[49.19984,-16.13084],[49.19701,-16.12448],[49.19318,-16.12507],[49.18678,-16.11658],[49.18812,-16.10548],[49.18582,-16.10156],[49.1889,-16.09719],[49.19678,-16.09274],[49.20331,-16.08638],[49.19783,-16.08189],[49.19417,-16.08482],[49.18475,-16.07646],[49.17939,-16.07471],[49.18546,-16.07115],[49.19749,-16.06871],[49.19838,-16.06491],[49.18855,-16.05365],[49.16394,-16.05673],[49.15931,-16.06149],[49.15295,-16.05551],[49.14667,-16.05468],[49.14235,-16.05122],[49.143,-16.03748],[49.13989,-16.01435],[49.13651,-16.01143],[49.13667,-16.00253],[49.13904,-15.99307],[49.13894,-15.98553],[49.14488,-15.97225],[49.14987,-15.97057],[49.16896,-15.96965],[49.14999,-15.94096],[49.14281,-15.93192],[49.12901,-15.92602],[49.12472,-15.91799],[49.11908,-15.91459],[49.11089,-15.90518],[49.10735,-15.8916],[49.09674,-15.88652],[49.10354,-15.88181],[49.10286,-15.87085],[49.09808,-15.87086],[49.10398,-15.85594],[49.09598,-15.84533],[49.09633,-15.83891],[49.09359,-15.83534],[49.09615,-15.82824],[49.09005,-15.81712],[49.08888,-15.81072],[49.09381,-15.80489],[49.08938,-15.79706],[49.0884,-15.79103],[49.08044,-15.78931],[49.07323,-15.78294],[49.06223,-15.78701],[49.05868,-15.7754],[49.0506,-15.76931],[49.04909,-15.76542],[49.0431,-15.76213],[49.04941,-15.74846],[49.05095,-15.73943],[49.05417,-15.73415],[49.05428,-15.7257],[49.05965,-15.71961],[49.05873,-15.71076],[49.06256,-15.70661],[49.06034,-15.69811],[49.06416,-15.69166],[49.06185,-15.68756],[49.06559,-15.67555],[49.07267,-15.67833],[49.07289,-15.65741],[49.0768,-15.65331],[49.07287,-15.64334],[49.07303,-15.63751],[49.07678,-15.63423],[49.07731,-15.62204],[49.07441,-15.61419],[49.07566,-15.60712],[49.07919,-15.60389],[49.07839,-15.59528],[49.08168,-15.58975],[49.07981,-15.58601],[49.0915,-15.57381],[49.08829,-15.56407],[49.08342,-15.56329],[49.08255,-15.55782],[49.07463,-15.55272],[49.07477,-15.54306],[49.07094,-15.5278],[49.07179,-15.52381],[49.07787,-15.52301],[49.08932,-15.51261],[49.08958,-15.50805],[49.09835,-15.50344],[49.10019,-15.49811],[49.10874,-15.49707],[49.11164,-15.47971],[49.13084,-15.47609],[49.12789,-15.46633],[49.12831,-15.45313],[49.11693,-15.45234],[49.11513,-15.46695],[49.11121,-15.46925],[49.09939,-15.46414],[49.09975,-15.45601],[49.09471,-15.44956],[49.08326,-15.45162],[49.07765,-15.45782],[49.07074,-15.46008],[49.06902,-15.45759],[49.06008,-15.4554],[49.05276,-15.46293],[49.0487,-15.45817],[49.0428,-15.46102],[49.03598,-15.45238],[49.0305,-15.45484],[49.0269,-15.45271],[49.0239,-15.44329],[49.01979,-15.44109],[49.01721,-15.43214],[49.01795,-15.42697],[49.0104,-15.41552],[49.01288,-15.41163],[49.00995,-15.40279],[49.01832,-15.39819],[49.01655,-15.39396],[49.01136,-15.39339],[49.00768,-15.38286],[49.0013,-15.38458],[48.99921,-15.37945],[49.00262,-15.37541],[49.00285,-15.36847],[49.00051,-15.35954],[49.00272,-15.35328],[49.01346,-15.35807],[49.02622,-15.35857],[49.0309,-15.36121],[49.04124,-15.35971],[49.04343,-15.35359],[49.04966,-15.35247],[49.05011,-15.34477],[49.0595,-15.35145],[49.0661,-15.34525],[49.07811,-15.34317],[49.0814,-15.33866],[49.09249,-15.34094],[49.09272,-15.34939],[49.10237,-15.35133],[49.10691,-15.34721],[49.10796,-15.34077],[49.13103,-15.33305],[49.13173,-15.32841],[49.14054,-15.32853],[49.14194,-15.3249],[49.1528,-15.3237],[49.1517,-15.31937],[49.1714,-15.3188],[49.17506,-15.31567],[49.17897,-15.29863],[49.18987,-15.29154],[49.20375,-15.29259],[49.20619,-15.28852],[49.21258,-15.28744],[49.21234,-15.28335],[49.21694,-15.28672],[49.23367,-15.29232],[49.23994,-15.28795],[49.24845,-15.2852],[49.25212,-15.28718],[49.25801,-15.28231],[49.26836,-15.28203],[49.26811,-15.28864],[49.27369,-15.29028],[49.27765,-15.28783],[49.27875,-15.27885],[49.28583,-15.27501],[49.28779,-15.2677],[49.29218,-15.26325],[49.29898,-15.26309],[49.30121,-15.25691],[49.29802,-15.2521],[49.30535,-15.24959],[49.30726,-15.2421],[49.32006,-15.24912],[49.32972,-15.24744],[49.33484,-15.24223],[49.3382,-15.24427],[49.33816,-15.25016],[49.34408,-15.25594],[49.34909,-15.25446],[49.36841,-15.23755],[49.36929,-15.21702],[49.37222,-15.20103],[49.37159,-15.18403],[49.36949,-15.17414],[49.36488,-15.17008],[49.36727,-15.15704],[49.36291,-15.15054],[49.36562,-15.13887],[49.35748,-15.12976],[49.35317,-15.1283],[49.35413,-15.12043],[49.35037,-15.11618],[49.351,-15.10661],[49.35519,-15.09172],[49.35863,-15.08794],[49.35563,-15.07819],[49.36463,-15.07086],[49.36888,-15.07511],[49.36317,-15.07392],[49.36617,-15.07884],[49.37567,-15.08059],[49.37688,-15.07307],[49.38737,-15.07373],[49.38381,-15.07788],[49.39038,-15.08757],[49.39106,-15.07957],[49.39399,-15.0782],[49.39742,-15.08956],[49.40399,-15.08793],[49.41136,-15.09537],[49.40945,-15.10289],[49.42057,-15.09479],[49.42662,-15.10894],[49.42259,-15.11245],[49.42631,-15.11497],[49.42803,-15.11078],[49.43467,-15.11424],[49.43684,-15.11163],[49.43097,-15.10755],[49.42907,-15.10089],[49.4337,-15.10283],[49.43809,-15.1005],[49.43828,-15.09461],[49.45063,-15.09656],[49.45107,-15.08956],[49.44666,-15.08212],[49.44591,-15.07242],[49.44828,-15.0662],[49.45067,-15.04835],[49.45467,-15.04468],[49.45756,-15.03214],[49.46451,-15.02421],[49.46515,-15.02046],[49.45844,-15.00541],[49.45234,-14.99989],[49.45186,-14.99289],[49.46036,-14.95886],[49.46109,-14.93693],[49.46657,-14.9349],[49.46727,-14.93025],[49.46426,-14.91866],[49.45291,-14.91998],[49.44907,-14.91771],[49.43756,-14.92057],[49.42973,-14.9165],[49.4325,-14.90464],[49.42164,-14.89266],[49.41881,-14.88188],[49.41961,-14.87392],[49.43344,-14.86793],[49.44221,-14.86039],[49.45043,-14.8629],[49.45798,-14.85867],[49.46126,-14.85004],[49.47079,-14.83897],[49.4748,-14.83039],[49.47426,-14.82641],[49.478,-14.81954],[49.47576,-14.81704],[49.47863,-14.80783],[49.48643,-14.80896],[49.48445,-14.81516],[49.48708,-14.82704],[49.49534,-14.83936],[49.49615,-14.84419],[49.50354,-14.84245],[49.5121,-14.84736],[49.524,-14.8626],[49.53067,-14.86877],[49.53363,-14.87885],[49.54641,-14.89353],[49.55786,-14.89295],[49.56169,-14.89748],[49.56085,-14.90652],[49.56633,-14.90423],[49.56796,-14.91059],[49.57901,-14.92519],[49.58661,-14.93105],[49.59021,-14.94297],[49.59093,-14.95104],[49.59709,-14.95757],[49.59742,-14.96383],[49.60151,-14.96624],[49.60581,-14.96382],[49.62225,-14.97359],[49.62388,-14.97657],[49.64537,-14.98628],[49.65036,-14.99108],[49.65164,-14.99767],[49.65649,-15.00279],[49.65947,-15.01408],[49.65674,-15.02227],[49.6609,-15.03335],[49.65965,-15.03978],[49.66572,-15.04661],[49.67679,-15.0475],[49.67941,-15.05261],[49.68722,-15.05639],[49.68764,-15.06235],[49.6842,-15.06757],[49.68703,-15.07151],[49.68244,-15.0847],[49.69149,-15.08341],[49.69612,-15.08543],[49.69539,-15.09118],[49.70502,-15.09235],[49.71456,-15.09143],[49.72372,-15.08114],[49.73064,-15.07819],[49.73829,-15.08101],[49.7455,-15.07876],[49.75046,-15.07412],[49.75879,-15.07061],[49.7616,-15.06046],[49.76757,-15.05793],[49.76941,-15.05408],[49.77675,-15.05089],[49.78589,-15.05231],[49.79098,-15.05011],[49.799,-15.05656],[49.79433,-15.0715],[49.80247,-15.08246],[49.80061,-15.09026],[49.81271,-15.09444],[49.81564,-15.09724],[49.81978,-15.10802],[49.82214,-15.12166],[49.81794,-15.12715],[49.81801,-15.13502],[49.8108,-15.14147],[49.81288,-15.14757],[49.81088,-15.15627],[49.80643,-15.16017],[49.81745,-15.17674],[49.82674,-15.18114],[49.83065,-15.18738],[49.83589,-15.20292],[49.84797,-15.20646],[49.85604,-15.21072],[49.86207,-15.20942],[49.86645,-15.21289],[49.86724,-15.22416],[49.86543,-15.23316],[49.86953,-15.23309],[49.88295,-15.24379],[49.8895,-15.25881],[49.89332,-15.26265],[49.89467,-15.26968],[49.90509,-15.2678],[49.92162,-15.27009],[49.9245,-15.27422],[49.93384,-15.27979],[49.93906,-15.27858],[49.94905,-15.2684],[49.95782,-15.26182],[49.95992,-15.25043],[49.96774,-15.25026],[49.97819,-15.2451],[49.98828,-15.24463],[50.00329,-15.25535],[50.00686,-15.26881],[50.01474,-15.2715],[50.0157,-15.27864],[50.02361,-15.28351],[50.0282,-15.29291],[50.0332,-15.2984],[50.02721,-15.30626],[50.02239,-15.30779],[50.01919,-15.31472],[50.00665,-15.32745],[49.99627,-15.32925],[49.98967,-15.33548],[49.98504,-15.34335],[49.98492,-15.34794],[49.99464,-15.35296],[49.99858,-15.35155],[50.00432,-15.35587],[50.01216,-15.35559],[50.01943,-15.35981],[50.02555,-15.35763],[50.03268,-15.36923],[50.0315,-15.376],[50.04055,-15.3805],[50.05315,-15.39219],[50.0566,-15.41493],[50.05073,-15.42741],[50.05021,-15.43794],[50.05329,-15.44632],[50.0503,-15.45836],[50.05029,-15.46827],[50.04575,-15.47287],[50.03872,-15.47464],[50.02494,-15.47177],[50.01828,-15.48243],[50.02116,-15.4945],[50.01555,-15.50489],[50.01687,-15.50961],[50.01428,-15.52008],[50.0182,-15.5256],[50.01145,-15.53089],[50.01336,-15.53778],[50.02001,-15.5428],[50.01417,-15.55642],[50.01692,-15.56387],[50.01141,-15.5779],[50.01193,-15.58258],[50.0062,-15.58886],[50.00658,-15.5949],[50.01443,-15.60034],[50.01439,-15.60758],[50.00783,-15.61432],[50.01275,-15.61824],[50.01158,-15.62112],[50.0031,-15.61604],[49.99711,-15.62183],[49.99715,-15.62684],[50.00637,-15.6349],[50.00253,-15.64447],[49.99367,-15.65001],[49.99351,-15.65649],[49.988,-15.65847],[49.98301,-15.66621],[49.9864,-15.67351],[49.98697,-15.68017],[49.97943,-15.68968],[49.98212,-15.69809],[49.99194,-15.70443],[50.00373,-15.70679],[50.01028,-15.69812],[50.01995,-15.71092],[50.03102,-15.71349],[50.03121,-15.72495],[50.04216,-15.73465],[50.03845,-15.74461],[50.03906,-15.75035],[50.04315,-15.74939],[50.04769,-15.75504],[50.04876,-15.76296],[50.05279,-15.75946],[50.05772,-15.77045],[50.05517,-15.77402],[50.05655,-15.78152],[50.06185,-15.78393],[50.05977,-15.78915],[50.06248,-15.79377],[50.06299,-15.80185],[50.06715,-15.80214],[50.06884,-15.80686],[50.06783,-15.81566],[50.06131,-15.82087],[50.05397,-15.82242],[50.05012,-15.83328],[50.04126,-15.82826],[50.03593,-15.82749],[50.0313,-15.8313],[50.01582,-15.82947],[50.01246,-15.83165],[50.01067,-15.81803]]]]}},{"type":"Feature","properties":{"code_zone":"MG33","nom_zone":"Alaotra Mangoro","niveau":"Région","code_parent":null,"nom_parent":null},"geometry":{"type":"Polygon","coordinates":[[[48.922,-16.69064],[48.9141,-16.69922],[48.90406,-16.70265],[48.89949,-16.71584],[48.88812,-16.71556],[48.88612,-16.72396],[48.87662,-16.73209],[48.87979,-16.74474],[48.87647,-16.7473],[48.87823,-16.75333],[48.87855,-16.7672],[48.87403,-16.78381],[48.85909,-16.78823],[48.85788,-16.79324],[48.85281,-16.7993],[48.84769,-16.81379],[48.84001,-16.82356],[48.83739,-16.83227],[48.83324,-16.83689],[48.83153,-16.84382],[48.82216,-16.85762],[48.82091,-16.86448],[48.81533,-16.87924],[48.81753,-16.88163],[48.82796,-16.87563],[48.82934,-16.88168],[48.82221,-16.89122],[48.82824,-16.89608],[48.83963,-16.89489],[48.8401,-16.90071],[48.83635,-16.91162],[48.83077,-16.92093],[48.83853,-16.92538],[48.83613,-16.93057],[48.83767,-16.94389],[48.83473,-16.95942],[48.83235,-16.96522],[48.82425,-16.9767],[48.8239,-16.98548],[48.82011,-16.99207],[48.82459,-16.99535],[48.82014,-17.00078],[48.81042,-17.00799],[48.80139,-17.0175],[48.79723,-17.02591],[48.79701,-17.03111],[48.7896,-17.0321],[48.78811,-17.03492],[48.79287,-17.04056],[48.78901,-17.05581],[48.78276,-17.06669],[48.78604,-17.0712],[48.7962,-17.06888],[48.80272,-17.06064],[48.81343,-17.05673],[48.81696,-17.05728],[48.8189,-17.06343],[48.82512,-17.06435],[48.82668,-17.0729],[48.83427,-17.06743],[48.84256,-17.06793],[48.85318,-17.06515],[48.85931,-17.06614],[48.86443,-17.06229],[48.87255,-17.06558],[48.87167,-17.07774],[48.87138,-17.10303],[48.87228,-17.11335],[48.88279,-17.12041],[48.88999,-17.11674],[48.89381,-17.12367],[48.90335,-17.12494],[48.90385,-17.13171],[48.90027,-17.14038],[48.90035,-17.1565],[48.90414,-17.16616],[48.89862,-17.18251],[48.89973,-17.20337],[48.90198,-17.21277],[48.9032,-17.22781],[48.91117,-17.25917],[48.90849,-17.27565],[48.89988,-17.28298],[48.8921,-17.29278],[48.88295,-17.31067],[48.87834,-17.30796],[48.87818,-17.29582],[48.88533,-17.28392],[48.88805,-17.27463],[48.87118,-17.2694],[48.85473,-17.26247],[48.85056,-17.26869],[48.82796,-17.29451],[48.8219,-17.29895],[48.82477,-17.30541],[48.82185,-17.31119],[48.82065,-17.3259],[48.82835,-17.34291],[48.83596,-17.3524],[48.83817,-17.35912],[48.83248,-17.37144],[48.83581,-17.37583],[48.83723,-17.38986],[48.83356,-17.40861],[48.83418,-17.41811],[48.82768,-17.42165],[48.82616,-17.4335],[48.81885,-17.43167],[48.81405,-17.42677],[48.81375,-17.42241],[48.80221,-17.42147],[48.80076,-17.42949],[48.79575,-17.43738],[48.79862,-17.44739],[48.80799,-17.45947],[48.81799,-17.45673],[48.83043,-17.46997],[48.83204,-17.47443],[48.8253,-17.47834],[48.8097,-17.48049],[48.80816,-17.4774],[48.80286,-17.48159],[48.80426,-17.48862],[48.79233,-17.49073],[48.78757,-17.48899],[48.78592,-17.49642],[48.79162,-17.49905],[48.79247,-17.50675],[48.79805,-17.51003],[48.80389,-17.51827],[48.80654,-17.52565],[48.80553,-17.54353],[48.8026,-17.54829],[48.79143,-17.55242],[48.78195,-17.55169],[48.77652,-17.54596],[48.76298,-17.54438],[48.75847,-17.54718],[48.7581,-17.55274],[48.74535,-17.55982],[48.74862,-17.56182],[48.74531,-17.56664],[48.73831,-17.56935],[48.73886,-17.57878],[48.73336,-17.58213],[48.73089,-17.58909],[48.73945,-17.59635],[48.73725,-17.60242],[48.73247,-17.60189],[48.7299,-17.60699],[48.72155,-17.60945],[48.70976,-17.60493],[48.70616,-17.61293],[48.69959,-17.61664],[48.69039,-17.61488],[48.69002,-17.62779],[48.68093,-17.63837],[48.68816,-17.63857],[48.69357,-17.64191],[48.69162,-17.64612],[48.69526,-17.64823],[48.69915,-17.65997],[48.70368,-17.65866],[48.70673,-17.66287],[48.71217,-17.664],[48.71374,-17.66052],[48.72018,-17.66182],[48.7287,-17.66997],[48.74937,-17.66286],[48.7506,-17.66655],[48.76455,-17.65981],[48.77678,-17.65106],[48.78483,-17.6515],[48.79048,-17.65412],[48.79406,-17.65127],[48.80271,-17.65045],[48.81046,-17.65705],[48.82013,-17.65275],[48.8277,-17.65475],[48.82579,-17.66159],[48.826,-17.67289],[48.82062,-17.6815],[48.82268,-17.69134],[48.82063,-17.69692],[48.83068,-17.69776],[48.83244,-17.69373],[48.84142,-17.69356],[48.84945,-17.69778],[48.84553,-17.71222],[48.84475,-17.71983],[48.84012,-17.72317],[48.83878,-17.73054],[48.83575,-17.73267],[48.82909,-17.74351],[48.82998,-17.74947],[48.82216,-17.7528],[48.82924,-17.76],[48.84453,-17.76496],[48.84822,-17.7703],[48.84626,-17.77644],[48.8369,-17.78588],[48.83499,-17.79252],[48.8292,-17.79775],[48.82388,-17.79834],[48.81681,-17.80527],[48.82121,-17.81065],[48.82006,-17.81379],[48.82291,-17.82807],[48.82113,-17.83301],[48.82742,-17.84977],[48.82927,-17.85915],[48.83554,-17.86521],[48.83785,-17.87781],[48.83475,-17.87968],[48.83117,-17.87356],[48.81389,-17.87057],[48.8097,-17.87436],[48.80438,-17.8742],[48.8022,-17.88743],[48.79937,-17.88892],[48.79702,-17.89755],[48.78949,-17.89158],[48.78628,-17.8841],[48.77976,-17.88461],[48.77535,-17.88125],[48.77163,-17.87061],[48.76785,-17.86732],[48.76176,-17.87332],[48.75742,-17.88096],[48.74838,-17.88426],[48.74219,-17.88888],[48.7366,-17.90384],[48.73351,-17.8984],[48.72399,-17.90044],[48.7254,-17.91209],[48.72169,-17.91837],[48.71533,-17.92416],[48.70471,-17.91888],[48.70056,-17.91453],[48.69976,-17.90164],[48.69128,-17.8884],[48.68495,-17.88607],[48.67876,-17.8877],[48.67188,-17.88592],[48.65833,-17.89266],[48.65773,-17.89846],[48.66341,-17.90128],[48.65854,-17.90707],[48.66522,-17.91467],[48.66517,-17.92498],[48.67118,-17.92763],[48.67322,-17.93332],[48.6647,-17.94136],[48.65719,-17.94303],[48.66081,-17.95058],[48.66784,-17.95015],[48.67021,-17.95605],[48.67598,-17.96068],[48.67845,-17.96908],[48.69142,-17.97418],[48.69262,-17.98035],[48.69638,-17.98056],[48.69784,-17.98675],[48.69047,-17.99601],[48.69043,-17.99919],[48.6839,-18.01894],[48.68554,-18.0258],[48.67777,-18.03275],[48.67945,-18.05248],[48.67015,-18.05678],[48.67019,-18.05883],[48.68721,-18.06681],[48.69431,-18.06117],[48.69851,-18.06328],[48.70681,-18.06178],[48.72131,-18.07441],[48.72982,-18.07521],[48.73559,-18.06508],[48.73597,-18.05871],[48.73943,-18.05387],[48.75296,-18.05609],[48.7632,-18.05252],[48.76708,-18.06186],[48.76602,-18.0692],[48.77288,-18.07315],[48.77882,-18.09549],[48.77308,-18.10553],[48.77429,-18.11402],[48.78037,-18.12025],[48.78102,-18.1243],[48.78745,-18.13196],[48.79185,-18.1419],[48.78106,-18.16724],[48.78252,-18.17532],[48.78555,-18.17672],[48.79063,-18.18553],[48.78672,-18.18965],[48.7895,-18.1948],[48.78747,-18.20048],[48.78309,-18.19574],[48.77227,-18.2045],[48.75717,-18.20581],[48.75379,-18.21105],[48.74799,-18.21314],[48.74425,-18.20997],[48.73575,-18.21242],[48.73472,-18.22571],[48.73033,-18.23209],[48.72429,-18.23432],[48.72311,-18.24397],[48.71789,-18.24379],[48.70649,-18.23544],[48.6931,-18.2369],[48.68794,-18.24405],[48.6757,-18.24845],[48.67454,-18.24271],[48.66369,-18.23517],[48.65172,-18.24106],[48.64435,-18.24191],[48.6398,-18.24709],[48.63783,-18.25397],[48.6264,-18.25516],[48.62243,-18.25846],[48.61304,-18.25752],[48.60833,-18.25032],[48.59196,-18.24739],[48.58761,-18.23845],[48.58109,-18.23785],[48.57374,-18.24759],[48.56824,-18.25101],[48.55648,-18.23493],[48.55,-18.24303],[48.55485,-18.25003],[48.55471,-18.26535],[48.54621,-18.26774],[48.54126,-18.27339],[48.54619,-18.2771],[48.54331,-18.27964],[48.54372,-18.28609],[48.54082,-18.28504],[48.53607,-18.29137],[48.53373,-18.29881],[48.5363,-18.30631],[48.5303,-18.31028],[48.52332,-18.30825],[48.50965,-18.31482],[48.50045,-18.32441],[48.50237,-18.32969],[48.49566,-18.33212],[48.49327,-18.34165],[48.49774,-18.35244],[48.49408,-18.35315],[48.49078,-18.3628],[48.48642,-18.35971],[48.48251,-18.35177],[48.47546,-18.3628],[48.4796,-18.36695],[48.47303,-18.36781],[48.47177,-18.38204],[48.47312,-18.38589],[48.46965,-18.39356],[48.47141,-18.40067],[48.47574,-18.40583],[48.47208,-18.41243],[48.47708,-18.42442],[48.48471,-18.42779],[48.48117,-18.44659],[48.48616,-18.45366],[48.48615,-18.45855],[48.49169,-18.47604],[48.48848,-18.48058],[48.48979,-18.48941],[48.49576,-18.50452],[48.50153,-18.50933],[48.49899,-18.51992],[48.50801,-18.52917],[48.5145,-18.53152],[48.51599,-18.53548],[48.51238,-18.54945],[48.50401,-18.56152],[48.50675,-18.56435],[48.5165,-18.55818],[48.5225,-18.55982],[48.5251,-18.56516],[48.51661,-18.57822],[48.51115,-18.57976],[48.50846,-18.59202],[48.50595,-18.59441],[48.49676,-18.5942],[48.49405,-18.597],[48.48601,-18.61542],[48.49451,-18.63029],[48.49251,-18.63596],[48.49541,-18.64367],[48.49379,-18.64792],[48.49989,-18.64984],[48.49911,-18.6614],[48.50719,-18.66523],[48.50889,-18.67053],[48.51805,-18.66239],[48.52704,-18.66729],[48.52791,-18.67279],[48.52469,-18.67705],[48.52659,-18.68187],[48.53088,-18.68177],[48.5317,-18.68679],[48.5246,-18.68747],[48.5248,-18.69525],[48.52757,-18.69863],[48.52517,-18.70442],[48.51397,-18.70861],[48.50692,-18.71512],[48.51193,-18.72023],[48.52619,-18.7249],[48.52881,-18.72347],[48.54221,-18.72969],[48.54186,-18.73618],[48.54589,-18.74064],[48.54738,-18.74995],[48.55195,-18.75428],[48.5511,-18.76748],[48.55205,-18.77481],[48.54367,-18.78267],[48.54406,-18.79618],[48.54605,-18.80112],[48.56358,-18.80568],[48.57601,-18.81228],[48.58965,-18.81631],[48.59989,-18.82667],[48.61448,-18.83084],[48.61884,-18.83696],[48.61816,-18.84825],[48.61579,-18.85316],[48.62132,-18.86402],[48.62207,-18.87025],[48.62689,-18.87694],[48.6206,-18.8786],[48.6192,-18.88215],[48.62114,-18.89107],[48.61955,-18.89574],[48.61953,-18.90905],[48.62512,-18.92508],[48.62373,-18.93093],[48.63533,-18.93646],[48.64011,-18.94279],[48.6446,-18.96093],[48.64072,-18.9745],[48.65347,-18.98212],[48.65469,-18.99096],[48.6611,-18.99671],[48.65993,-19.00084],[48.65052,-19.00502],[48.65238,-19.01369],[48.65049,-19.01906],[48.65258,-19.02767],[48.64949,-19.03576],[48.64894,-19.04466],[48.64435,-19.04984],[48.65069,-19.05371],[48.65704,-19.05433],[48.6643,-19.06456],[48.67387,-19.07143],[48.68764,-19.07403],[48.68903,-19.07714],[48.68978,-19.10454],[48.69463,-19.11938],[48.70302,-19.12498],[48.70863,-19.12572],[48.7132,-19.13313],[48.71531,-19.14496],[48.70952,-19.15818],[48.70333,-19.16628],[48.69447,-19.15675],[48.6869,-19.15538],[48.67899,-19.16578],[48.67125,-19.1714],[48.66223,-19.1737],[48.64901,-19.17227],[48.63942,-19.16606],[48.62516,-19.15286],[48.60534,-19.15988],[48.59798,-19.15687],[48.59015,-19.1431],[48.587,-19.14012],[48.56213,-19.13121],[48.55768,-19.131],[48.55055,-19.13553],[48.55833,-19.14189],[48.56026,-19.14917],[48.56733,-19.16043],[48.57878,-19.16967],[48.58407,-19.19143],[48.59733,-19.22161],[48.59766,-19.22771],[48.59194,-19.24502],[48.58791,-19.2515],[48.57764,-19.26142],[48.57345,-19.27257],[48.56642,-19.2854],[48.55839,-19.29286],[48.54408,-19.29787],[48.53166,-19.30017],[48.52907,-19.29366],[48.51688,-19.28243],[48.51477,-19.28694],[48.51366,-19.3036],[48.51593,-19.3181],[48.51374,-19.32549],[48.50363,-19.33106],[48.4946,-19.33314],[48.49036,-19.34703],[48.48216,-19.34714],[48.47709,-19.34045],[48.46768,-19.34133],[48.45866,-19.34741],[48.4573,-19.35697],[48.44732,-19.35345],[48.44467,-19.3491],[48.44762,-19.34298],[48.44074,-19.33653],[48.43625,-19.33556],[48.42493,-19.34166],[48.41608,-19.33858],[48.4125,-19.33087],[48.40766,-19.33337],[48.40487,-19.32361],[48.39658,-19.32666],[48.39011,-19.32497],[48.38667,-19.32055],[48.3882,-19.31361],[48.38003,-19.30893],[48.38086,-19.30486],[48.37514,-19.30691],[48.37507,-19.31706],[48.37049,-19.33003],[48.37505,-19.33558],[48.36918,-19.34069],[48.36557,-19.34702],[48.36809,-19.35502],[48.36217,-19.35976],[48.36169,-19.36487],[48.36677,-19.36788],[48.37301,-19.376],[48.37513,-19.38486],[48.3817,-19.39363],[48.37612,-19.40104],[48.37364,-19.41414],[48.37707,-19.42024],[48.37665,-19.42671],[48.38194,-19.44094],[48.39003,-19.45106],[48.38737,-19.46232],[48.39278,-19.46991],[48.39957,-19.48436],[48.40356,-19.50515],[48.40579,-19.50714],[48.40722,-19.51751],[48.40454,-19.52335],[48.39537,-19.52923],[48.39235,-19.53751],[48.38619,-19.54189],[48.37591,-19.5408],[48.37191,-19.53648],[48.35634,-19.54047],[48.34531,-19.53797],[48.34396,-19.52647],[48.34131,-19.52656],[48.33855,-19.53675],[48.33544,-19.53937],[48.32306,-19.54242],[48.31809,-19.53816],[48.3126,-19.53829],[48.31279,-19.54604],[48.32064,-19.55737],[48.32224,-19.57172],[48.317,-19.58227],[48.31483,-19.59292],[48.31862,-19.61426],[48.31285,-19.62447],[48.31487,-19.63767],[48.31785,-19.64659],[48.31666,-19.65337],[48.31142,-19.65586],[48.30949,-19.66054],[48.30909,-19.67487],[48.30317,-19.6881],[48.30297,-19.69265],[48.30727,-19.7034],[48.31487,-19.71201],[48.31901,-19.74169],[48.3172,-19.75529],[48.31073,-19.77114],[48.30968,-19.77716],[48.3055,-19.77984],[48.29833,-19.79496],[48.28299,-19.80312],[48.27307,-19.81126],[48.27586,-19.80276],[48.2693,-19.79267],[48.26358,-19.79146],[48.25504,-19.78585],[48.24928,-19.78972],[48.24431,-19.78922],[48.23336,-19.78069],[48.22353,-19.78714],[48.22174,-19.79761],[48.21615,-19.80604],[48.20114,-19.80232],[48.18985,-19.80224],[48.17903,-19.81078],[48.16915,-19.81205],[48.16031,-19.81019],[48.1542,-19.80237],[48.14133,-19.79428],[48.13196,-19.79067],[48.10546,-19.77015],[48.10266,-19.77763],[48.09393,-19.77841],[48.0905,-19.77466],[48.08667,-19.75773],[48.0778,-19.75002],[48.07035,-19.73863],[48.0562,-19.71288],[48.04827,-19.70512],[48.0445,-19.70844],[48.04,-19.72944],[48.04014,-19.73692],[48.03539,-19.76405],[48.03174,-19.77385],[48.02408,-19.76895],[47.99467,-19.76435],[47.99337,-19.76541],[47.95779,-19.75941],[47.95127,-19.75548],[47.93852,-19.75454],[47.92601,-19.75918],[47.92406,-19.77655],[47.9162,-19.78704],[47.91233,-19.8011],[47.90296,-19.80194],[47.89447,-19.79267],[47.88461,-19.78429],[47.87763,-19.78608],[47.86992,-19.78254],[47.86546,-19.76871],[47.88179,-19.76468],[47.88547,-19.76015],[47.8886,-19.75076],[47.88792,-19.74675],[47.87951,-19.74037],[47.86583,-19.73305],[47.84574,-19.72571],[47.83704,-19.71838],[47.83996,-19.70853],[47.83642,-19.70236],[47.838,-19.6955],[47.84112,-19.69397],[47.84273,-19.68327],[47.83667,-19.67152],[47.83968,-19.64706],[47.84023,-19.63587],[47.83734,-19.62933],[47.84988,-19.62121],[47.85395,-19.62337],[47.86087,-19.6163],[47.86314,-19.6075],[47.85984,-19.60022],[47.85799,-19.5794],[47.86244,-19.57515],[47.8605,-19.5631],[47.8573,-19.55963],[47.85925,-19.55712],[47.85658,-19.55053],[47.85913,-19.54267],[47.85728,-19.5354],[47.86479,-19.53311],[47.87475,-19.52349],[47.87978,-19.52713],[47.88947,-19.52287],[47.89547,-19.5223],[47.90142,-19.51579],[47.90305,-19.50259],[47.89584,-19.49319],[47.89042,-19.4825],[47.88894,-19.47415],[47.88324,-19.4679],[47.88457,-19.45781],[47.88122,-19.44145],[47.8945,-19.42972],[47.89726,-19.42314],[47.89439,-19.41969],[47.89724,-19.41014],[47.91225,-19.39916],[47.92401,-19.39178],[47.9413,-19.38444],[47.94213,-19.38158],[47.93687,-19.37762],[47.93726,-19.3732],[47.94703,-19.3628],[47.94633,-19.35438],[47.94156,-19.34998],[47.94454,-19.33599],[47.94245,-19.32139],[47.945,-19.30954],[47.93909,-19.30065],[47.94282,-19.28533],[47.94103,-19.2716],[47.95442,-19.25847],[47.95149,-19.24264],[47.95291,-19.23444],[47.95605,-19.23172],[47.95486,-19.2206],[47.94868,-19.21671],[47.94093,-19.21894],[47.932,-19.21353],[47.93262,-19.20541],[47.93066,-19.20177],[47.93248,-19.18955],[47.92857,-19.18461],[47.93387,-19.1761],[47.93494,-19.16927],[47.9341,-19.15748],[47.92116,-19.15224],[47.91975,-19.1442],[47.90543,-19.13225],[47.90407,-19.12399],[47.89458,-19.11679],[47.89387,-19.10323],[47.90121,-19.09685],[47.90253,-19.08438],[47.90685,-19.08374],[47.91705,-19.06003],[47.92187,-19.05542],[47.92145,-19.04862],[47.92612,-19.0442],[47.92319,-19.04082],[47.92479,-19.01849],[47.92656,-19.01178],[47.93207,-19.00413],[47.93788,-19.00098],[47.94299,-18.97463],[47.93647,-18.96967],[47.94,-18.96017],[47.9403,-18.94638],[47.93586,-18.93504],[47.94008,-18.9236],[47.94586,-18.89188],[47.9469,-18.86629],[47.94359,-18.85554],[47.946,-18.84785],[47.94273,-18.83547],[47.94292,-18.83004],[47.9336,-18.83409],[47.93133,-18.82282],[47.93379,-18.79955],[47.93106,-18.78032],[47.92707,-18.76679],[47.92719,-18.75999],[47.93263,-18.75403],[47.93441,-18.74111],[47.93365,-18.73132],[47.93534,-18.71283],[47.94444,-18.70129],[47.94052,-18.69311],[47.9361,-18.69209],[47.93771,-18.68338],[47.9342,-18.67837],[47.93331,-18.65606],[47.93854,-18.63546],[47.94463,-18.63261],[47.94701,-18.62699],[47.95188,-18.62768],[47.96705,-18.62281],[47.97104,-18.6277],[47.96903,-18.61179],[47.9718,-18.60226],[47.97615,-18.59384],[47.98336,-18.58965],[47.98066,-18.57932],[47.98587,-18.56785],[47.98916,-18.55492],[47.98667,-18.55107],[47.99371,-18.52859],[47.99038,-18.51313],[47.98561,-18.5013],[47.99256,-18.49615],[47.99547,-18.48774],[47.99384,-18.46374],[47.99586,-18.46602],[48.00661,-18.46207],[48.01577,-18.43605],[48.01703,-18.42877],[48.02261,-18.41446],[48.02351,-18.39577],[48.02707,-18.39124],[48.03372,-18.38874],[48.037,-18.38266],[48.03376,-18.36775],[48.03679,-18.3566],[48.02826,-18.35454],[48.02365,-18.34642],[48.01909,-18.33291],[48.02214,-18.32372],[48.02081,-18.31458],[48.01449,-18.29167],[48.0188,-18.28396],[48.01684,-18.27965],[48.00576,-18.28049],[48.00267,-18.27818],[48.0017,-18.26821],[48.00308,-18.26057],[48.00745,-18.25719],[48.00669,-18.24844],[48.00152,-18.24317],[48.00038,-18.236],[48.00597,-18.22625],[48.0065,-18.21495],[48.00507,-18.20726],[48.00513,-18.19292],[48.00777,-18.1877],[48.006,-18.17651],[47.99979,-18.17049],[47.99085,-18.16588],[47.98895,-18.16089],[47.99042,-18.14598],[47.98798,-18.14302],[47.99116,-18.13499],[47.98866,-18.13003],[47.99005,-18.11897],[48.00152,-18.10261],[48.00244,-18.09555],[48.00154,-18.08028],[48.00353,-18.06593],[48.0033,-18.05679],[48.00522,-18.05243],[47.99275,-18.05019],[47.98959,-18.03053],[47.99796,-18.01871],[47.99666,-18.0122],[47.98951,-18.00959],[47.97885,-17.99603],[47.97174,-17.99757],[47.96051,-17.98876],[47.95897,-17.96612],[47.96489,-17.95818],[47.96166,-17.94308],[47.9573,-17.9306],[47.93797,-17.92607],[47.92091,-17.92353],[47.91357,-17.92476],[47.90873,-17.91146],[47.89912,-17.90529],[47.90549,-17.8938],[47.9127,-17.89224],[47.91954,-17.88617],[47.93142,-17.87963],[47.9391,-17.87985],[47.93659,-17.87447],[47.93619,-17.86421],[47.94437,-17.85578],[47.95145,-17.84064],[47.95074,-17.83003],[47.95988,-17.81234],[47.95973,-17.80695],[47.95405,-17.79714],[47.94979,-17.78486],[47.95706,-17.77941],[47.96356,-17.76324],[47.97574,-17.75272],[47.97751,-17.72964],[47.99193,-17.73103],[47.99884,-17.72742],[48.00009,-17.72124],[47.99686,-17.71659],[47.98656,-17.71493],[47.98986,-17.7021],[47.98941,-17.69306],[48.00417,-17.68624],[48.0104,-17.67992],[48.01809,-17.68384],[48.02777,-17.6778],[48.0333,-17.67667],[48.03996,-17.67937],[48.04549,-17.66998],[48.04727,-17.65675],[48.05186,-17.64963],[48.03722,-17.64506],[48.02475,-17.64482],[48.02019,-17.64311],[48.01994,-17.63745],[48.00936,-17.63392],[48.00439,-17.62831],[48.01063,-17.62454],[48.00958,-17.6184],[47.99966,-17.61308],[47.98575,-17.60033],[47.97444,-17.58551],[47.97234,-17.57597],[47.97671,-17.56526],[47.98283,-17.55687],[47.97703,-17.55432],[47.96963,-17.55597],[47.95897,-17.56079],[47.95498,-17.55684],[47.95626,-17.55051],[47.95054,-17.55036],[47.94444,-17.53999],[47.94361,-17.53293],[47.93479,-17.53134],[47.93061,-17.52368],[47.92785,-17.50938],[47.92303,-17.49244],[47.91912,-17.48621],[47.91853,-17.48009],[47.92172,-17.47285],[47.9219,-17.46411],[47.92869,-17.46196],[47.93205,-17.46939],[47.93672,-17.47134],[47.94458,-17.46291],[47.95182,-17.45844],[47.95777,-17.45753],[47.96917,-17.44],[47.97507,-17.44523],[47.97954,-17.44421],[47.98087,-17.44941],[47.98557,-17.44724],[47.99211,-17.44889],[47.9952,-17.4384],[48.00533,-17.42228],[48.00785,-17.41577],[48.01616,-17.40955],[48.02164,-17.39339],[48.03187,-17.39433],[48.03462,-17.39926],[48.04167,-17.40104],[48.04478,-17.40793],[48.05407,-17.4068],[48.06148,-17.41055],[48.06699,-17.40568],[48.06957,-17.40843],[48.0686,-17.41826],[48.07428,-17.42273],[48.08411,-17.41777],[48.09864,-17.4135],[48.10313,-17.40592],[48.10796,-17.38344],[48.10042,-17.37483],[48.09992,-17.36752],[48.09696,-17.36339],[48.09967,-17.35058],[48.10556,-17.33398],[48.11023,-17.33228],[48.11489,-17.33696],[48.12522,-17.33627],[48.13034,-17.33829],[48.13396,-17.33092],[48.15116,-17.32082],[48.14626,-17.31407],[48.14781,-17.30649],[48.1459,-17.29781],[48.14837,-17.28157],[48.14386,-17.26851],[48.13896,-17.26052],[48.14614,-17.25425],[48.14452,-17.24789],[48.14868,-17.24513],[48.15062,-17.23792],[48.14971,-17.23145],[48.15884,-17.23131],[48.16276,-17.22871],[48.17074,-17.2321],[48.17373,-17.22301],[48.18239,-17.21726],[48.18433,-17.20054],[48.18786,-17.19411],[48.19729,-17.18325],[48.19312,-17.17263],[48.18702,-17.16297],[48.18974,-17.16032],[48.17602,-17.1528],[48.17532,-17.12478],[48.18065,-17.09903],[48.17572,-17.09502],[48.17694,-17.08572],[48.18156,-17.07276],[48.18278,-17.0641],[48.17935,-17.05733],[48.166,-17.05739],[48.15192,-17.06236],[48.1495,-17.06783],[48.14422,-17.0704],[48.13172,-17.06811],[48.12614,-17.06222],[48.12305,-17.05341],[48.11505,-17.04771],[48.09944,-17.05736],[48.095,-17.04865],[48.08396,-17.04144],[48.08464,-17.03028],[48.07813,-17.02265],[48.07309,-17.01108],[48.06517,-17.0057],[48.06436,-17.00176],[48.05798,-16.99353],[48.05383,-16.99218],[48.05277,-16.98584],[48.06288,-16.97465],[48.071,-16.97191],[48.06488,-16.96642],[48.05802,-16.96718],[48.05194,-16.96367],[48.05292,-16.95641],[48.04841,-16.95046],[48.0492,-16.94156],[48.05185,-16.93815],[48.06,-16.93554],[48.06291,-16.93125],[48.06576,-16.91972],[48.066,-16.90338],[48.06325,-16.89982],[48.05309,-16.89555],[48.0441,-16.89556],[48.04081,-16.89089],[48.03552,-16.88928],[48.03296,-16.88264],[48.03504,-16.87404],[48.02594,-16.86358],[48.0038,-16.85417],[48.00534,-16.84637],[48.00971,-16.84021],[48.01129,-16.83294],[48.00721,-16.83047],[48.00459,-16.8209],[47.9995,-16.81563],[47.98831,-16.79744],[47.98756,-16.78995],[47.98035,-16.77889],[47.97066,-16.77188],[47.95742,-16.76893],[47.94459,-16.7559],[47.94236,-16.746],[47.93487,-16.73904],[47.92558,-16.7271],[47.92544,-16.72439],[47.9322,-16.71318],[47.94381,-16.70715],[47.94543,-16.69175],[47.93733,-16.67514],[47.93827,-16.66504],[47.94628,-16.65654],[47.94555,-16.64782],[47.94965,-16.64222],[47.94087,-16.63453],[47.93593,-16.62694],[47.93294,-16.61402],[47.92498,-16.60797],[47.92154,-16.6029],[47.92039,-16.59101],[47.90452,-16.58356],[47.90449,-16.583],[47.74568,-16.39643],[47.73788,-16.39009],[47.7196,-16.36624],[47.71256,-16.35383],[47.70248,-16.3316],[47.69714,-16.31507],[47.69886,-16.31054],[47.71077,-16.30974],[47.71653,-16.31785],[47.72563,-16.34152],[47.73492,-16.3568],[47.75137,-16.37062],[47.78415,-16.3996],[47.80703,-16.40066],[47.82872,-16.39759],[47.8568,-16.38558],[47.87199,-16.37789],[47.88023,-16.36648],[47.88526,-16.36267],[47.89922,-16.34055],[47.9053,-16.3331],[47.917,-16.3292],[47.91824,-16.3186],[47.92302,-16.31695],[47.92432,-16.31195],[47.9394,-16.30069],[47.94168,-16.30312],[47.9469,-16.29832],[47.95161,-16.28887],[47.95508,-16.2721],[47.9563,-16.25959],[47.96106,-16.25498],[47.9602,-16.24681],[47.95626,-16.24056],[47.9673,-16.24346],[47.96896,-16.24801],[47.97764,-16.25028],[47.98122,-16.2589],[47.99991,-16.25917],[48.0069,-16.25731],[48.01826,-16.25032],[48.02758,-16.25433],[48.0315,-16.25998],[48.04201,-16.26338],[48.05323,-16.26273],[48.05857,-16.26444],[48.06631,-16.27138],[48.07827,-16.27636],[48.10318,-16.27778],[48.11411,-16.28296],[48.11838,-16.27775],[48.13163,-16.27258],[48.13625,-16.26855],[48.14772,-16.27019],[48.15336,-16.27544],[48.15818,-16.27361],[48.17022,-16.26021],[48.17291,-16.25455],[48.18947,-16.24702],[48.20072,-16.24943],[48.21284,-16.25002],[48.21933,-16.24843],[48.22396,-16.24312],[48.23255,-16.24053],[48.23806,-16.24363],[48.24932,-16.2438],[48.2557,-16.24728],[48.26674,-16.24743],[48.27773,-16.24508],[48.28367,-16.24632],[48.29998,-16.26997],[48.31098,-16.27739],[48.31501,-16.28385],[48.3221,-16.28897],[48.33183,-16.29294],[48.34577,-16.30386],[48.35618,-16.30657],[48.36556,-16.31258],[48.37372,-16.31302],[48.37768,-16.32766],[48.37821,-16.33717],[48.37609,-16.34919],[48.37893,-16.35502],[48.38734,-16.34839],[48.39079,-16.33972],[48.3958,-16.33996],[48.40846,-16.34508],[48.41493,-16.34442],[48.41802,-16.33915],[48.43156,-16.33797],[48.43803,-16.33111],[48.44211,-16.33163],[48.4507,-16.33812],[48.45585,-16.33873],[48.46471,-16.35061],[48.46916,-16.35343],[48.47473,-16.36806],[48.48592,-16.3792],[48.4884,-16.39234],[48.49801,-16.40065],[48.50574,-16.40103],[48.5087,-16.40664],[48.51501,-16.40404],[48.52731,-16.40256],[48.53364,-16.40463],[48.54136,-16.41482],[48.54696,-16.41641],[48.55615,-16.42491],[48.56396,-16.42415],[48.56884,-16.43371],[48.58072,-16.44017],[48.5807,-16.44588],[48.59079,-16.4493],[48.58633,-16.4563],[48.58634,-16.46449],[48.59607,-16.46542],[48.60004,-16.46792],[48.59971,-16.47563],[48.60457,-16.47646],[48.6104,-16.48601],[48.61705,-16.48752],[48.61561,-16.49574],[48.60445,-16.49654],[48.61586,-16.50283],[48.61201,-16.51342],[48.61748,-16.51815],[48.63513,-16.50954],[48.63754,-16.51091],[48.63454,-16.51668],[48.6371,-16.51901],[48.63098,-16.52815],[48.63138,-16.53312],[48.62322,-16.54442],[48.61616,-16.55191],[48.61992,-16.55674],[48.63025,-16.56415],[48.63467,-16.56243],[48.63915,-16.56813],[48.63831,-16.57263],[48.64492,-16.57898],[48.64919,-16.57224],[48.65395,-16.58053],[48.65565,-16.59247],[48.64829,-16.60684],[48.63883,-16.61088],[48.63345,-16.61992],[48.63893,-16.62609],[48.63145,-16.62506],[48.62752,-16.631],[48.62952,-16.63622],[48.62009,-16.65099],[48.61561,-16.6506],[48.60295,-16.65751],[48.60326,-16.66276],[48.61319,-16.6674],[48.6143,-16.68105],[48.61654,-16.68171],[48.61901,-16.66857],[48.62206,-16.66454],[48.6285,-16.66599],[48.64424,-16.65856],[48.65898,-16.6581],[48.67055,-16.67026],[48.67132,-16.67615],[48.67583,-16.68313],[48.68885,-16.68929],[48.6948,-16.68397],[48.70684,-16.68453],[48.71156,-16.67281],[48.71924,-16.66415],[48.72548,-16.66892],[48.73055,-16.66733],[48.74147,-16.66955],[48.74161,-16.66556],[48.75276,-16.66012],[48.7654,-16.66254],[48.76237,-16.66748],[48.77056,-16.67467],[48.7712,-16.67861],[48.78062,-16.67974],[48.78988,-16.68293],[48.79283,-16.67766],[48.79869,-16.67745],[48.8025,-16.68062],[48.80936,-16.68035],[48.81133,-16.68379],[48.82669,-16.68639],[48.83284,-16.67884],[48.84462,-16.68151],[48.85698,-16.67575],[48.86026,-16.67161],[48.86794,-16.68022],[48.87488,-16.68172],[48.88736,-16.68131],[48.89301,-16.67806],[48.89922,-16.68021],[48.934,-16.68558],[48.922,-16.69064]]]}},{"type":"Feature","properties":{"code_zone":"MG41","nom_zone":"Boeny","niveau":"Région","code_parent":null,"nom_parent":null},"geometry":{"type":"Polygon","coordinates":[[[47.1489,-15.47203],[47.15204,-15.48112],[47.15097,-15.49019],[47.14718,-15.4995],[47.14105,-15.50937],[47.1426,-15.53428],[47.13873,-15.53585],[47.13642,-15.54448],[47.12602,-15.55532],[47.12198,-15.56219],[47.1151,-15.58085],[47.11142,-15.60222],[47.11198,-15.61403],[47.10268,-15.62263],[47.1025,-15.62998],[47.10587,-15.63383],[47.09707,-15.6361],[47.09308,-15.64372],[47.09642,-15.64836],[47.10386,-15.65171],[47.11124,-15.65224],[47.11622,-15.65552],[47.12027,-15.66707],[47.12735,-15.67286],[47.12611,-15.68139],[47.11881,-15.68279],[47.11772,-15.68964],[47.12348,-15.69385],[47.12668,-15.70195],[47.1343,-15.71271],[47.13419,-15.721],[47.14313,-15.72511],[47.15166,-15.74362],[47.15889,-15.75304],[47.15268,-15.75225],[47.14725,-15.76051],[47.13446,-15.76142],[47.12984,-15.75984],[47.12096,-15.76254],[47.11733,-15.76962],[47.10905,-15.77481],[47.10795,-15.78095],[47.11036,-15.794],[47.12182,-15.79845],[47.13701,-15.80995],[47.13956,-15.82675],[47.14563,-15.83364],[47.14684,-15.84402],[47.1601,-15.85405],[47.16904,-15.85521],[47.17469,-15.85806],[47.18102,-15.8656],[47.18171,-15.8862],[47.18542,-15.89409],[47.19349,-15.89965],[47.1985,-15.90843],[47.19909,-15.91472],[47.19682,-15.92438],[47.21033,-15.94601],[47.20986,-15.95071],[47.20531,-15.95708],[47.20527,-15.96441],[47.21754,-15.97988],[47.21718,-15.98983],[47.20104,-15.98976],[47.18147,-15.98416],[47.16998,-15.98351],[47.16574,-15.98498],[47.16093,-16.00115],[47.16125,-16.00965],[47.17454,-16.02245],[47.1757,-16.02817],[47.17241,-16.04472],[47.18911,-16.04516],[47.19458,-16.04839],[47.19663,-16.06759],[47.20085,-16.08314],[47.20891,-16.09079],[47.21612,-16.09392],[47.22947,-16.09003],[47.23704,-16.08932],[47.23809,-16.09418],[47.23501,-16.10079],[47.22876,-16.10503],[47.21985,-16.1143],[47.22908,-16.12418],[47.22953,-16.1289],[47.22386,-16.13865],[47.22563,-16.14373],[47.23205,-16.14906],[47.23767,-16.14747],[47.24218,-16.139],[47.24608,-16.13888],[47.25824,-16.14323],[47.26199,-16.15114],[47.27127,-16.15445],[47.27313,-16.16279],[47.27732,-16.16902],[47.27688,-16.17381],[47.26944,-16.18306],[47.27134,-16.20171],[47.26762,-16.2184],[47.28145,-16.23847],[47.2838,-16.24936],[47.28812,-16.25231],[47.29798,-16.25008],[47.31397,-16.24892],[47.32828,-16.25086],[47.34293,-16.25061],[47.34883,-16.25347],[47.34489,-16.26206],[47.35158,-16.26926],[47.34615,-16.27368],[47.34849,-16.27858],[47.34598,-16.28826],[47.34062,-16.29028],[47.33384,-16.30161],[47.33276,-16.30617],[47.33659,-16.31868],[47.34717,-16.31867],[47.35974,-16.32334],[47.36882,-16.31704],[47.37332,-16.32612],[47.37858,-16.32739],[47.39258,-16.32082],[47.39821,-16.32162],[47.41513,-16.33927],[47.42525,-16.34515],[47.43097,-16.35093],[47.43639,-16.36254],[47.43543,-16.37062],[47.4365,-16.38386],[47.43489,-16.39421],[47.42859,-16.40555],[47.42578,-16.41766],[47.41159,-16.4211],[47.40607,-16.41219],[47.40097,-16.41358],[47.39598,-16.40598],[47.38816,-16.40072],[47.37964,-16.39005],[47.3634,-16.37369],[47.34658,-16.35323],[47.33626,-16.33947],[47.3321,-16.33681],[47.32269,-16.33581],[47.31117,-16.33913],[47.3029,-16.34518],[47.30017,-16.35338],[47.29965,-16.36349],[47.29694,-16.37091],[47.29051,-16.37592],[47.29098,-16.38419],[47.29985,-16.3884],[47.30088,-16.39393],[47.29719,-16.39658],[47.28911,-16.39417],[47.2808,-16.39528],[47.2712,-16.39967],[47.26335,-16.40522],[47.25386,-16.41441],[47.24379,-16.42097],[47.23947,-16.42577],[47.23571,-16.44209],[47.23608,-16.46258],[47.23179,-16.46627],[47.22003,-16.46613],[47.20768,-16.45888],[47.1988,-16.46433],[47.18506,-16.48127],[47.18052,-16.48296],[47.17306,-16.47922],[47.16789,-16.48577],[47.17055,-16.49212],[47.16476,-16.49891],[47.16484,-16.5026],[47.172,-16.52046],[47.17932,-16.52195],[47.18283,-16.52766],[47.19598,-16.52242],[47.20116,-16.52762],[47.19755,-16.52986],[47.2008,-16.53583],[47.2111,-16.53906],[47.2186,-16.54948],[47.21517,-16.56368],[47.21721,-16.56971],[47.22052,-16.56982],[47.22155,-16.56429],[47.22923,-16.56142],[47.23668,-16.56636],[47.2554,-16.57549],[47.26846,-16.58037],[47.27102,-16.58416],[47.27839,-16.58617],[47.28487,-16.59501],[47.2991,-16.59751],[47.30115,-16.59988],[47.30227,-16.61234],[47.30739,-16.6053],[47.30938,-16.59656],[47.32444,-16.59848],[47.33066,-16.61305],[47.32966,-16.61928],[47.33367,-16.62385],[47.33905,-16.62276],[47.34196,-16.631],[47.33584,-16.63816],[47.33655,-16.64265],[47.34262,-16.65374],[47.33473,-16.66],[47.33183,-16.668],[47.32493,-16.67966],[47.3243,-16.69051],[47.31964,-16.69313],[47.31085,-16.6928],[47.31074,-16.70423],[47.30544,-16.70853],[47.29581,-16.69956],[47.29978,-16.68956],[47.29653,-16.68648],[47.29237,-16.67372],[47.29415,-16.66577],[47.29146,-16.65868],[47.27408,-16.65505],[47.26624,-16.65544],[47.26621,-16.65083],[47.25056,-16.65315],[47.23768,-16.64649],[47.23775,-16.63889],[47.2335,-16.63482],[47.22777,-16.62301],[47.22419,-16.61944],[47.21714,-16.62158],[47.21178,-16.61267],[47.20003,-16.60991],[47.19389,-16.62157],[47.18508,-16.62135],[47.18204,-16.62358],[47.17513,-16.62132],[47.16971,-16.61316],[47.16051,-16.60904],[47.15433,-16.60237],[47.14877,-16.60346],[47.14151,-16.60846],[47.13829,-16.60609],[47.13735,-16.5947],[47.13514,-16.59158],[47.12713,-16.58959],[47.12331,-16.58378],[47.11248,-16.58453],[47.10647,-16.57177],[47.0959,-16.56625],[47.09295,-16.57867],[47.07962,-16.56807],[47.06958,-16.5678],[47.05969,-16.56279],[47.05241,-16.56156],[47.03957,-16.5652],[47.03004,-16.55965],[47.01178,-16.56115],[47.00228,-16.56382],[46.96369,-16.60348],[46.94951,-16.60688],[46.9466,-16.59571],[46.94009,-16.60214],[46.93553,-16.61671],[46.92947,-16.62103],[46.9227,-16.63366],[46.91158,-16.62858],[46.9073,-16.63176],[46.90141,-16.64886],[46.89539,-16.65214],[46.88885,-16.65101],[46.88301,-16.65318],[46.87195,-16.65249],[46.86634,-16.65446],[46.85971,-16.65342],[46.85225,-16.64663],[46.84525,-16.64634],[46.834,-16.64078],[46.82898,-16.63605],[46.82707,-16.63035],[46.81974,-16.62549],[46.81295,-16.62582],[46.79974,-16.62122],[46.79683,-16.61749],[46.78166,-16.61268],[46.76818,-16.6207],[46.75926,-16.62385],[46.75119,-16.62427],[46.71876,-16.62027],[46.71274,-16.6164],[46.70021,-16.60237],[46.69445,-16.60378],[46.68779,-16.6089],[46.68455,-16.61768],[46.67926,-16.62249],[46.67676,-16.63162],[46.67791,-16.64272],[46.67436,-16.65599],[46.67726,-16.66436],[46.67734,-16.67839],[46.67877,-16.68636],[46.67575,-16.69591],[46.67745,-16.70725],[46.67563,-16.7138],[46.66564,-16.72731],[46.65676,-16.72885],[46.65645,-16.74373],[46.66162,-16.75285],[46.65964,-16.75989],[46.65344,-16.76455],[46.65861,-16.77271],[46.6568,-16.78726],[46.65809,-16.79549],[46.65588,-16.80141],[46.62634,-16.82514],[46.61901,-16.83363],[46.61723,-16.8387],[46.62898,-16.85799],[46.63207,-16.87056],[46.62943,-16.87531],[46.62786,-16.89064],[46.62463,-16.89476],[46.62471,-16.90049],[46.60907,-16.90897],[46.59866,-16.91145],[46.59189,-16.91562],[46.59283,-16.92304],[46.59761,-16.926],[46.59964,-16.93372],[46.59862,-16.95396],[46.59689,-16.96134],[46.5916,-16.96878],[46.58475,-16.97451],[46.57919,-16.98253],[46.57238,-16.98591],[46.57098,-16.99115],[46.56321,-16.99448],[46.55865,-17.00016],[46.55227,-16.99946],[46.53886,-16.98106],[46.53314,-16.9789],[46.52423,-16.9815],[46.51396,-16.98119],[46.5115,-16.99299],[46.50495,-16.99266],[46.49111,-16.98701],[46.48849,-16.99664],[46.48423,-17.00544],[46.47835,-17.01146],[46.46779,-17.01721],[46.46918,-17.0248],[46.46555,-17.02814],[46.46588,-17.03918],[46.46121,-17.05046],[46.46355,-17.05938],[46.46016,-17.06613],[46.46261,-17.08896],[46.46726,-17.10677],[46.46759,-17.11196],[46.47647,-17.11714],[46.47732,-17.12277],[46.46379,-17.13466],[46.45706,-17.13521],[46.45164,-17.13927],[46.45233,-17.14244],[46.46035,-17.15223],[46.45716,-17.15927],[46.45683,-17.17316],[46.44918,-17.17318],[46.45185,-17.17972],[46.45089,-17.18559],[46.44476,-17.18867],[46.43767,-17.19549],[46.43346,-17.1969],[46.43159,-17.21162],[46.41861,-17.23042],[46.40583,-17.24203],[46.38802,-17.25087],[46.37214,-17.26417],[46.36486,-17.26887],[46.35679,-17.26458],[46.34512,-17.26643],[46.3364,-17.26549],[46.32332,-17.27243],[46.30166,-17.27821],[46.29081,-17.27665],[46.29053,-17.27134],[46.30066,-17.25334],[46.29815,-17.24228],[46.30321,-17.23003],[46.30542,-17.21026],[46.30184,-17.20735],[46.30523,-17.20438],[46.30045,-17.19095],[46.29509,-17.18459],[46.29357,-17.1682],[46.28789,-17.15729],[46.2811,-17.15014],[46.27495,-17.1351],[46.27398,-17.1218],[46.27681,-17.10892],[46.27264,-17.10144],[46.27408,-17.0897],[46.26987,-17.08809],[46.2615,-17.09812],[46.24531,-17.09738],[46.23947,-17.10327],[46.22934,-17.10586],[46.22007,-17.10195],[46.2132,-17.1027],[46.20852,-17.10722],[46.19403,-17.12568],[46.19086,-17.13255],[46.18501,-17.13883],[46.18486,-17.14401],[46.18026,-17.15216],[46.1763,-17.14943],[46.17426,-17.1372],[46.16652,-17.12167],[46.16785,-17.11523],[46.16509,-17.10559],[46.16869,-17.09815],[46.16714,-17.08282],[46.16006,-17.07283],[46.16103,-17.06671],[46.15765,-17.05957],[46.15242,-17.06041],[46.14891,-17.05599],[46.13421,-17.05016],[46.1306,-17.03812],[46.12645,-17.03542],[46.12844,-17.02337],[46.12007,-17.01738],[46.12177,-17.00693],[46.12945,-17.00727],[46.1333,-17.00051],[46.13079,-16.99466],[46.12399,-16.98866],[46.12634,-16.98432],[46.12138,-16.97217],[46.11665,-16.96693],[46.10883,-16.96853],[46.10967,-16.96402],[46.11545,-16.9644],[46.11836,-16.95483],[46.11606,-16.94641],[46.10809,-16.94626],[46.10323,-16.94199],[46.10921,-16.93667],[46.10133,-16.93165],[46.09994,-16.92521],[46.10527,-16.92204],[46.10618,-16.91799],[46.1014,-16.91754],[46.09402,-16.92189],[46.08854,-16.9161],[46.08277,-16.91665],[46.07909,-16.92096],[46.07449,-16.91703],[46.0692,-16.92342],[46.06578,-16.92206],[46.06258,-16.93228],[46.06766,-16.93713],[46.06811,-16.94825],[46.06321,-16.9491],[46.05366,-16.93883],[46.04608,-16.93879],[46.03844,-16.95635],[46.02746,-16.95992],[46.02224,-16.96331],[46.02022,-16.96892],[46.02267,-16.97617],[46.01934,-16.99101],[46.00488,-16.99197],[45.98853,-16.98429],[45.97059,-16.99514],[45.96401,-16.9962],[45.95549,-16.99298],[45.95052,-16.99799],[45.94136,-16.99481],[45.93162,-16.99425],[45.92856,-16.99138],[45.92381,-16.9942],[45.91618,-16.99393],[45.90945,-16.99789],[45.90542,-16.99697],[45.8997,-17.00023],[45.89091,-17.00054],[45.87982,-16.9961],[45.87292,-16.99666],[45.86253,-16.99269],[45.8536,-16.98294],[45.8349,-16.97612],[45.82998,-16.97674],[45.81821,-16.97143],[45.8114,-16.97185],[45.79892,-16.96533],[45.78885,-16.96349],[45.78398,-16.95754],[45.7738,-16.95485],[45.75772,-16.95512],[45.74983,-16.95366],[45.72971,-16.95397],[45.72148,-16.95025],[45.69987,-16.94867],[45.68612,-16.95172],[45.67856,-16.95073],[45.67279,-16.97654],[45.67986,-17.00876],[45.67959,-17.08681],[45.6654,-17.12793],[45.64399,-17.14824],[45.63719,-17.16403],[45.61645,-17.17815],[45.61491,-17.19305],[45.62002,-17.20656],[45.61277,-17.21739],[45.62734,-17.23236],[45.63907,-17.24284],[45.64715,-17.25423],[45.65915,-17.27973],[45.65286,-17.30323],[45.63581,-17.31523],[45.61873,-17.33504],[45.6027,-17.35071],[45.57009,-17.3647],[45.57093,-17.35998],[45.56262,-17.35469],[45.56124,-17.34866],[45.55358,-17.34625],[45.5523,-17.33515],[45.53237,-17.33235],[45.52104,-17.31959],[45.52731,-17.30979],[45.52656,-17.30113],[45.53376,-17.29177],[45.53173,-17.27708],[45.52645,-17.26519],[45.51573,-17.26244],[45.51091,-17.25629],[45.51152,-17.24678],[45.50722,-17.23909],[45.50617,-17.23298],[45.50899,-17.222],[45.50586,-17.21342],[45.50837,-17.20481],[45.50513,-17.19697],[45.50803,-17.19488],[45.5011,-17.17943],[45.49338,-17.16684],[45.48445,-17.14593],[45.48413,-17.14043],[45.48993,-17.13091],[45.48797,-17.12058],[45.49493,-17.11615],[45.4956,-17.10938],[45.48123,-17.0895],[45.48558,-17.0852],[45.49176,-17.07349],[45.49171,-17.06949],[45.48132,-17.0447],[45.48313,-17.035],[45.48633,-17.03935],[45.48956,-17.03258],[45.49575,-17.03499],[45.50307,-17.0295],[45.50002,-17.02269],[45.50668,-17.01455],[45.52115,-17.00035],[45.51705,-16.99459],[45.50943,-16.9908],[45.5078,-16.9869],[45.50045,-16.98452],[45.4922,-16.9877],[45.48592,-16.98464],[45.46751,-16.98008],[45.46457,-16.96939],[45.47154,-16.95327],[45.46096,-16.94298],[45.45637,-16.93157],[45.45738,-16.91887],[45.4503,-16.88857],[45.44437,-16.87772],[45.42956,-16.86556],[45.41396,-16.8567],[45.40368,-16.8542],[45.38334,-16.85498],[45.37261,-16.85147],[45.36745,-16.84203],[45.36296,-16.82821],[45.34672,-16.81532],[45.32072,-16.8059],[45.31065,-16.80614],[45.30286,-16.80233],[45.30069,-16.79802],[45.29666,-16.80329],[45.28767,-16.79316],[45.28227,-16.79236],[45.28302,-16.77805],[45.27992,-16.77636],[45.28254,-16.77135],[45.27853,-16.76908],[45.27612,-16.75769],[45.26926,-16.75564],[45.26782,-16.74911],[45.26315,-16.74315],[45.26666,-16.73917],[45.26427,-16.73665],[45.26999,-16.73151],[45.27296,-16.71443],[45.2674,-16.71567],[45.26501,-16.70817],[45.2697,-16.70881],[45.27154,-16.70479],[45.26761,-16.70227],[45.26927,-16.6938],[45.27213,-16.69141],[45.27332,-16.68356],[45.26971,-16.67596],[45.26469,-16.67616],[45.26279,-16.68125],[45.25625,-16.67712],[45.25086,-16.67952],[45.24524,-16.67717],[45.23865,-16.68114],[45.23467,-16.67478],[45.2312,-16.67953],[45.22789,-16.67532],[45.22094,-16.68384],[45.21929,-16.67724],[45.21248,-16.67876],[45.2092,-16.66752],[45.21015,-16.66101],[45.20558,-16.65595],[45.20755,-16.65021],[45.18966,-16.63769],[45.18832,-16.63023],[45.18178,-16.62545],[45.17618,-16.62648],[45.16983,-16.63126],[45.16111,-16.62871],[45.15184,-16.63406],[45.14036,-16.63266],[45.13619,-16.62565],[45.13024,-16.62782],[45.12715,-16.62078],[45.12801,-16.61153],[45.12245,-16.60814],[45.1092,-16.6048],[45.10244,-16.59953],[45.09016,-16.586],[45.08903,-16.58211],[45.0792,-16.57811],[45.07297,-16.56674],[45.06535,-16.57253],[45.0525,-16.58581],[45.04779,-16.58226],[45.0442,-16.57486],[45.03913,-16.57025],[45.027,-16.57452],[45.01911,-16.56792],[45.00087,-16.56788],[44.99506,-16.56609],[44.99949,-16.55838],[45.0083,-16.54966],[45.01032,-16.53439],[45.0019,-16.52743],[45.00306,-16.5176],[44.99909,-16.513],[44.99395,-16.51859],[44.9856,-16.51396],[44.97833,-16.50577],[44.97039,-16.50191],[44.96055,-16.50149],[44.95083,-16.50301],[44.94082,-16.48555],[44.93889,-16.47532],[44.94264,-16.46129],[44.94238,-16.4386],[44.9342,-16.42158],[44.92115,-16.41411],[44.91873,-16.40813],[44.92649,-16.38251],[44.92804,-16.37057],[44.92857,-16.34843],[44.92693,-16.33758],[44.91857,-16.32271],[44.91252,-16.30327],[44.90942,-16.28575],[44.91207,-16.26818],[44.91487,-16.26086],[44.91931,-16.2589],[44.92316,-16.26297],[44.92357,-16.2567],[44.91865,-16.25399],[44.91958,-16.2447],[44.9074,-16.24337],[44.90619,-16.24783],[44.90205,-16.24679],[44.90234,-16.24098],[44.89609,-16.23785],[44.89488,-16.23305],[44.89007,-16.23036],[44.88941,-16.22519],[44.88266,-16.2148],[44.86898,-16.20038],[44.87535,-16.19699],[44.87673,-16.19226],[44.88602,-16.18314],[44.90164,-16.17591],[44.92605,-16.16677],[44.94383,-16.16918],[44.9497,-16.16615],[44.95945,-16.15324],[44.98217,-16.14264],[44.99892,-16.13255],[45.00592,-16.12497],[45.02921,-16.10936],[45.03304,-16.10343],[45.05482,-16.08885],[45.05863,-16.08302],[45.06765,-16.07669],[45.07511,-16.06308],[45.08579,-16.05086],[45.09968,-16.03828],[45.10744,-16.02843],[45.13803,-16.00021],[45.13395,-16.00534],[45.13385,-16.01643],[45.13799,-16.00626],[45.14439,-15.99866],[45.1654,-15.99083],[45.17852,-15.97857],[45.18412,-15.97676],[45.19355,-15.96472],[45.20904,-15.95172],[45.21821,-15.94853],[45.23045,-15.94756],[45.2421,-15.9407],[45.24692,-15.93392],[45.26605,-15.93512],[45.2683,-15.9375],[45.26498,-15.94679],[45.2643,-15.96523],[45.26653,-15.9726],[45.26599,-15.98153],[45.27094,-15.99484],[45.2686,-16.00105],[45.27019,-16.01166],[45.27325,-16.01841],[45.28762,-16.02755],[45.29483,-16.04153],[45.2903,-16.05902],[45.28611,-16.0615],[45.28133,-16.05419],[45.27901,-16.06282],[45.27898,-16.07709],[45.28229,-16.08154],[45.27698,-16.08989],[45.27334,-16.10084],[45.27366,-16.11],[45.28655,-16.12335],[45.28853,-16.12006],[45.28956,-16.12812],[45.30863,-16.11438],[45.31541,-16.11381],[45.32089,-16.10478],[45.31865,-16.09637],[45.32731,-16.0988],[45.33412,-16.09044],[45.33511,-16.07963],[45.33947,-16.08044],[45.35288,-16.07651],[45.35724,-16.07854],[45.36415,-16.07613],[45.36958,-16.06947],[45.37475,-16.07184],[45.38412,-16.06358],[45.38406,-16.05723],[45.38076,-16.05458],[45.38681,-16.04996],[45.38773,-16.04286],[45.39236,-16.03871],[45.4052,-16.03818],[45.4088,-16.0325],[45.39801,-16.03641],[45.39421,-16.03474],[45.40414,-16.0262],[45.39769,-16.02987],[45.39111,-16.03066],[45.3933,-16.02313],[45.38941,-16.02318],[45.38892,-16.02906],[45.38591,-16.02483],[45.38787,-16.01559],[45.37673,-16.02682],[45.37651,-16.03188],[45.38338,-16.032],[45.38621,-16.03667],[45.37766,-16.0425],[45.37921,-16.03869],[45.36633,-16.0337],[45.36488,-16.02592],[45.36138,-16.02302],[45.36019,-16.00712],[45.35544,-16.00172],[45.34664,-15.9996],[45.34827,-15.99294],[45.34756,-15.98429],[45.35831,-15.98153],[45.36359,-15.98439],[45.38228,-15.98039],[45.40094,-15.97997],[45.41259,-15.98442],[45.42304,-15.98399],[45.4287,-15.97995],[45.44759,-15.97376],[45.47279,-15.96897],[45.48965,-15.96489],[45.51171,-15.96176],[45.522,-15.95526],[45.54143,-15.95045],[45.54905,-15.95314],[45.56038,-15.94679],[45.56065,-15.95132],[45.55676,-15.95384],[45.56478,-15.95537],[45.56347,-15.96203],[45.55869,-15.96064],[45.55931,-15.97435],[45.56217,-15.97993],[45.57618,-15.98926],[45.57978,-15.99535],[45.57659,-16.00604],[45.56654,-16.01679],[45.56203,-16.02542],[45.55218,-16.03216],[45.54682,-16.04198],[45.54108,-16.04821],[45.54733,-16.04551],[45.55214,-16.04679],[45.5606,-16.03603],[45.56103,-16.044],[45.55767,-16.04846],[45.56375,-16.04752],[45.56729,-16.0425],[45.57208,-16.04642],[45.57558,-16.04453],[45.57248,-16.03643],[45.57293,-16.02862],[45.58055,-16.02357],[45.58848,-16.02423],[45.5924,-16.03291],[45.5877,-16.04865],[45.58844,-16.05701],[45.59327,-16.04401],[45.59352,-16.02701],[45.58981,-16.01363],[45.59854,-15.99933],[45.60077,-15.99241],[45.60233,-15.97309],[45.60812,-15.97283],[45.60309,-15.96688],[45.60541,-15.96203],[45.62968,-15.9675],[45.63508,-15.96507],[45.63063,-15.96084],[45.62155,-15.95992],[45.61841,-15.94758],[45.62103,-15.93193],[45.62093,-15.92434],[45.6307,-15.91897],[45.6349,-15.92107],[45.63149,-15.91498],[45.62311,-15.90887],[45.612,-15.8972],[45.60305,-15.88402],[45.60301,-15.85526],[45.60901,-15.84556],[45.61606,-15.83811],[45.6247,-15.83683],[45.63362,-15.83131],[45.63461,-15.8338],[45.64218,-15.83426],[45.63458,-15.82818],[45.63037,-15.82852],[45.61289,-15.83725],[45.6192,-15.83121],[45.64846,-15.81454],[45.65303,-15.80681],[45.65543,-15.79867],[45.67052,-15.79041],[45.67238,-15.78289],[45.66667,-15.77183],[45.6686,-15.77068],[45.68934,-15.78521],[45.71303,-15.79113],[45.72685,-15.79265],[45.75611,-15.79791],[45.76503,-15.79783],[45.76546,-15.80421],[45.74995,-15.80126],[45.7316,-15.80818],[45.72625,-15.81251],[45.72496,-15.81805],[45.72954,-15.82545],[45.72814,-15.815],[45.73735,-15.81171],[45.75088,-15.80444],[45.76017,-15.80685],[45.76364,-15.80973],[45.7718,-15.82495],[45.76916,-15.84844],[45.78199,-15.85928],[45.78394,-15.85666],[45.77295,-15.84724],[45.77272,-15.83894],[45.77695,-15.82859],[45.77678,-15.81962],[45.77076,-15.80677],[45.78232,-15.80787],[45.79365,-15.81409],[45.80658,-15.82695],[45.80629,-15.8223],[45.79891,-15.81154],[45.80488,-15.8073],[45.81347,-15.80449],[45.83189,-15.81075],[45.82821,-15.80244],[45.83108,-15.79884],[45.84337,-15.79097],[45.84869,-15.79544],[45.85433,-15.80649],[45.85906,-15.81016],[45.86279,-15.80916],[45.85329,-15.79838],[45.85273,-15.78825],[45.86739,-15.77501],[45.8752,-15.77465],[45.88266,-15.76265],[45.88942,-15.76324],[45.89347,-15.77261],[45.89848,-15.76592],[45.90369,-15.76551],[45.90735,-15.76983],[45.90462,-15.78087],[45.91127,-15.77301],[45.93388,-15.77922],[45.94778,-15.7813],[45.95182,-15.78615],[45.97878,-15.78477],[46.00096,-15.76657],[46.02444,-15.75564],[46.07326,-15.73745],[46.08514,-15.73001],[46.09428,-15.72164],[46.10078,-15.71781],[46.12135,-15.71019],[46.15836,-15.70617],[46.18864,-15.70621],[46.2075,-15.71073],[46.26518,-15.70495],[46.26347,-15.75106],[46.2639,-15.77293],[46.26748,-15.79014],[46.26953,-15.80516],[46.27578,-15.82519],[46.28197,-15.85354],[46.29022,-15.87916],[46.30252,-15.90382],[46.3108,-15.91533],[46.32939,-15.93374],[46.33036,-15.92869],[46.32638,-15.92288],[46.32779,-15.91854],[46.33453,-15.92338],[46.34857,-15.92432],[46.35263,-15.91858],[46.35692,-15.90786],[46.35566,-15.90161],[46.35052,-15.89559],[46.36143,-15.89229],[46.3688,-15.89272],[46.37692,-15.89645],[46.38203,-15.89525],[46.39138,-15.88285],[46.39601,-15.86469],[46.39647,-15.85717],[46.39414,-15.85072],[46.38833,-15.84817],[46.37752,-15.83907],[46.36807,-15.83473],[46.34673,-15.83057],[46.33635,-15.83186],[46.32798,-15.83661],[46.31813,-15.83723],[46.30933,-15.83565],[46.30222,-15.82663],[46.29813,-15.81808],[46.29741,-15.80783],[46.29921,-15.8064],[46.31426,-15.80486],[46.32244,-15.80158],[46.32941,-15.79522],[46.33789,-15.78232],[46.3452,-15.7739],[46.35042,-15.77162],[46.35343,-15.76656],[46.35309,-15.75858],[46.35767,-15.75529],[46.35585,-15.74538],[46.35258,-15.74042],[46.36322,-15.73822],[46.36842,-15.7337],[46.36331,-15.7256],[46.35421,-15.73034],[46.33191,-15.72613],[46.32113,-15.72794],[46.31777,-15.72602],[46.30448,-15.72854],[46.30455,-15.72058],[46.29883,-15.71638],[46.30018,-15.71123],[46.31432,-15.69578],[46.32109,-15.67949],[46.32448,-15.66502],[46.33583,-15.65298],[46.34171,-15.63949],[46.3513,-15.62533],[46.36525,-15.61062],[46.37158,-15.60216],[46.38163,-15.59658],[46.40816,-15.57358],[46.42252,-15.56241],[46.43376,-15.55515],[46.4469,-15.53528],[46.45572,-15.51847],[46.46311,-15.51176],[46.47413,-15.50644],[46.49393,-15.5035],[46.52211,-15.49317],[46.54994,-15.47569],[46.56898,-15.45659],[46.58629,-15.45355],[46.60744,-15.43778],[46.61314,-15.42997],[46.62305,-15.42327],[46.63253,-15.40795],[46.6465,-15.39686],[46.65691,-15.39021],[46.67847,-15.37883],[46.69263,-15.3693],[46.69654,-15.36462],[46.72141,-15.34793],[46.73493,-15.33548],[46.74996,-15.3231],[46.75456,-15.31475],[46.7844,-15.29267],[46.80431,-15.28314],[46.81218,-15.27352],[46.83732,-15.25883],[46.84993,-15.24907],[46.8709,-15.23084],[46.90561,-15.21449],[46.92444,-15.2081],[46.9417,-15.20126],[46.95493,-15.20196],[46.95829,-15.20736],[46.95988,-15.21794],[46.96382,-15.22299],[46.96529,-15.23004],[46.95805,-15.23739],[46.95726,-15.24945],[46.96031,-15.26141],[46.96571,-15.27231],[46.96198,-15.27912],[46.97064,-15.29101],[46.98413,-15.29712],[46.99575,-15.29987],[46.99896,-15.30508],[47.00837,-15.30994],[47.02188,-15.31098],[47.04592,-15.31735],[47.0511,-15.32864],[47.0501,-15.33831],[47.06251,-15.33882],[47.0695,-15.3359],[47.07088,-15.33902],[47.06398,-15.35091],[47.0372,-15.37581],[47.03079,-15.38776],[47.02319,-15.39316],[47.01148,-15.39829],[47.00559,-15.40385],[46.99975,-15.40338],[46.9934,-15.40613],[46.99855,-15.41047],[46.98587,-15.42725],[46.97044,-15.46133],[46.9656,-15.47716],[46.96598,-15.48433],[46.97106,-15.4906],[46.97992,-15.49781],[46.98547,-15.49298],[46.99051,-15.49202],[46.9987,-15.49793],[47.01137,-15.49894],[47.02001,-15.49339],[47.03137,-15.49485],[47.03987,-15.48663],[47.04532,-15.48559],[47.05479,-15.48789],[47.06946,-15.47709],[47.08406,-15.48036],[47.08771,-15.47783],[47.09516,-15.46427],[47.10135,-15.46282],[47.1051,-15.45278],[47.11684,-15.45172],[47.13415,-15.45489],[47.13984,-15.45707],[47.1489,-15.47203]]]}},{"type":"Feature","properties":{"code_zone":"MG42","nom_zone":"Sofia","niveau":"Région","code_parent":null,"nom_parent":null},"geometry":{"type":"MultiPolygon","coordinates":[[[[47.61031,-14.54022],[47.61338,-14.53792],[47.61568,-14.54838],[47.62077,-14.5489],[47.62224,-14.54398],[47.62892,-14.54447],[47.62629,-14.55621],[47.63003,-14.5626],[47.62908,-14.56591],[47.61714,-14.57711],[47.60793,-14.57824],[47.60397,-14.56886],[47.59848,-14.57486],[47.59067,-14.57652],[47.58064,-14.58312],[47.57858,-14.58242],[47.57549,-14.57098],[47.57493,-14.55835],[47.57063,-14.55298],[47.58587,-14.5472],[47.58156,-14.5442],[47.57834,-14.52489],[47.58905,-14.50868],[47.59651,-14.50546],[47.60041,-14.51098],[47.60752,-14.51414],[47.60731,-14.52038],[47.60272,-14.52788],[47.60047,-14.5385],[47.61031,-14.54022]]],[[[47.63871,-14.35555],[47.64918,-14.35138],[47.65292,-14.35552],[47.6514,-14.35875],[47.6391,-14.36381],[47.63871,-14.35555]]],[[[48.02631,-14.273],[48.02584,-14.27023],[48.03196,-14.26538],[48.03422,-14.27009],[48.02631,-14.273]]],[[[48.00926,-14.23093],[48.01965,-14.23205],[48.02071,-14.23516],[48.00975,-14.24151],[48.0029,-14.23796],[48.00926,-14.23093]]],[[[48.01255,-14.22148],[48.01633,-14.22263],[48.01775,-14.22792],[48.01008,-14.2261],[48.01255,-14.22148]]],[[[47.99887,-14.22658],[48.00051,-14.22083],[48.00618,-14.22484],[48.00407,-14.23025],[47.99887,-14.22658]]],[[[48.03513,-14.17588],[48.03536,-14.17012],[48.04103,-14.17402],[48.0428,-14.17908],[48.03513,-14.17588]]],[[[47.82038,-14.16364],[47.82669,-14.16898],[47.82954,-14.17527],[47.82537,-14.1819],[47.81995,-14.18341],[47.81775,-14.18061],[47.79834,-14.17052],[47.7968,-14.16812],[47.79847,-14.1584],[47.80156,-14.15344],[47.79499,-14.14687],[47.79951,-14.14455],[47.80476,-14.15005],[47.81549,-14.15295],[47.82038,-14.16364]]],[[[47.74604,-14.12298],[47.73643,-14.11511],[47.73671,-14.10777],[47.7471,-14.11015],[47.7562,-14.1047],[47.76128,-14.11432],[47.74604,-14.12298]]],[[[49.10899,-14.20808],[49.10545,-14.21536],[49.10788,-14.22484],[49.10479,-14.23156],[49.10519,-14.23824],[49.10877,-14.24483],[49.10597,-14.25041],[49.10666,-14.26012],[49.12625,-14.28321],[49.13331,-14.28685],[49.13415,-14.28998],[49.14064,-14.29011],[49.14011,-14.29494],[49.1457,-14.30038],[49.14204,-14.30189],[49.14319,-14.30685],[49.1485,-14.30746],[49.15282,-14.31424],[49.1527,-14.32087],[49.15918,-14.31745],[49.16454,-14.32761],[49.16979,-14.32852],[49.17996,-14.33669],[49.1843,-14.34225],[49.19309,-14.34635],[49.20027,-14.35257],[49.20062,-14.35885],[49.20988,-14.36256],[49.2193,-14.36016],[49.2355,-14.36958],[49.24606,-14.37121],[49.24447,-14.37692],[49.24666,-14.38741],[49.25294,-14.40074],[49.24825,-14.40999],[49.24897,-14.41342],[49.25949,-14.4242],[49.26722,-14.43749],[49.27921,-14.4419],[49.28365,-14.44625],[49.29084,-14.45903],[49.29824,-14.46124],[49.31503,-14.45827],[49.32728,-14.46401],[49.32786,-14.4757],[49.34461,-14.47461],[49.35475,-14.47895],[49.36193,-14.47958],[49.36863,-14.48633],[49.3736,-14.49617],[49.38397,-14.49632],[49.38933,-14.50474],[49.39609,-14.5102],[49.41188,-14.51683],[49.41162,-14.52314],[49.40331,-14.52622],[49.39082,-14.52295],[49.38633,-14.52591],[49.38266,-14.53324],[49.37661,-14.53649],[49.37022,-14.54297],[49.35998,-14.5419],[49.35436,-14.5447],[49.34347,-14.55771],[49.33154,-14.56675],[49.32868,-14.57187],[49.31291,-14.58636],[49.30798,-14.59828],[49.30931,-14.60862],[49.31456,-14.61078],[49.32685,-14.60805],[49.35341,-14.61597],[49.36518,-14.61804],[49.38094,-14.61596],[49.38721,-14.61901],[49.39192,-14.62986],[49.39825,-14.63107],[49.40254,-14.6432],[49.41248,-14.65315],[49.4139,-14.66243],[49.42331,-14.6743],[49.42471,-14.68443],[49.42243,-14.68954],[49.42476,-14.69516],[49.43141,-14.69644],[49.43937,-14.70833],[49.42675,-14.72342],[49.4268,-14.73616],[49.43536,-14.748],[49.44397,-14.75295],[49.44637,-14.75854],[49.44929,-14.77594],[49.45876,-14.79281],[49.46349,-14.79288],[49.46756,-14.79961],[49.46745,-14.80708],[49.47863,-14.80783],[49.47576,-14.81704],[49.478,-14.81954],[49.47426,-14.82641],[49.4748,-14.83039],[49.47079,-14.83897],[49.46126,-14.85004],[49.45798,-14.85867],[49.45043,-14.8629],[49.44221,-14.86039],[49.43344,-14.86793],[49.41961,-14.87392],[49.41881,-14.88188],[49.42164,-14.89266],[49.4325,-14.90464],[49.42973,-14.9165],[49.43756,-14.92057],[49.44907,-14.91771],[49.45291,-14.91998],[49.46426,-14.91866],[49.46727,-14.93025],[49.46657,-14.9349],[49.46109,-14.93693],[49.46036,-14.95886],[49.45186,-14.99289],[49.45234,-14.99989],[49.45844,-15.00541],[49.46515,-15.02046],[49.46451,-15.02421],[49.45756,-15.03214],[49.45467,-15.04468],[49.45067,-15.04835],[49.44828,-15.0662],[49.44591,-15.07242],[49.44666,-15.08212],[49.45107,-15.08956],[49.45063,-15.09656],[49.43828,-15.09461],[49.43809,-15.1005],[49.4337,-15.10283],[49.42907,-15.10089],[49.43097,-15.10755],[49.43684,-15.11163],[49.43467,-15.11424],[49.42803,-15.11078],[49.42631,-15.11497],[49.42259,-15.11245],[49.42662,-15.10894],[49.42057,-15.09479],[49.40945,-15.10289],[49.41136,-15.09537],[49.40399,-15.08793],[49.39742,-15.08956],[49.39399,-15.0782],[49.39106,-15.07957],[49.39038,-15.08757],[49.38381,-15.07788],[49.38737,-15.07373],[49.37688,-15.07307],[49.37567,-15.08059],[49.36617,-15.07884],[49.36317,-15.07392],[49.36888,-15.07511],[49.36463,-15.07086],[49.35563,-15.07819],[49.35863,-15.08794],[49.35519,-15.09172],[49.351,-15.10661],[49.35037,-15.11618],[49.35413,-15.12043],[49.35317,-15.1283],[49.35748,-15.12976],[49.36562,-15.13887],[49.36291,-15.15054],[49.36727,-15.15704],[49.36488,-15.17008],[49.36949,-15.17414],[49.37159,-15.18403],[49.37222,-15.20103],[49.36929,-15.21702],[49.36841,-15.23755],[49.34909,-15.25446],[49.34408,-15.25594],[49.33816,-15.25016],[49.3382,-15.24427],[49.33484,-15.24223],[49.32972,-15.24744],[49.32006,-15.24912],[49.30726,-15.2421],[49.30535,-15.24959],[49.29802,-15.2521],[49.30121,-15.25691],[49.29898,-15.26309],[49.29218,-15.26325],[49.28779,-15.2677],[49.28583,-15.27501],[49.27875,-15.27885],[49.27765,-15.28783],[49.27369,-15.29028],[49.26811,-15.28864],[49.26836,-15.28203],[49.25801,-15.28231],[49.25212,-15.28718],[49.24845,-15.2852],[49.23994,-15.28795],[49.23367,-15.29232],[49.21694,-15.28672],[49.21234,-15.28335],[49.21258,-15.28744],[49.20619,-15.28852],[49.20375,-15.29259],[49.18987,-15.29154],[49.17897,-15.29863],[49.17506,-15.31567],[49.1714,-15.3188],[49.1517,-15.31937],[49.1528,-15.3237],[49.14194,-15.3249],[49.14054,-15.32853],[49.13173,-15.32841],[49.13103,-15.33305],[49.10796,-15.34077],[49.10691,-15.34721],[49.10237,-15.35133],[49.09272,-15.34939],[49.09249,-15.34094],[49.0814,-15.33866],[49.07811,-15.34317],[49.0661,-15.34525],[49.0595,-15.35145],[49.05011,-15.34477],[49.04966,-15.35247],[49.04343,-15.35359],[49.04124,-15.35971],[49.0309,-15.36121],[49.02622,-15.35857],[49.01346,-15.35807],[49.00272,-15.35328],[49.00051,-15.35954],[49.00285,-15.36847],[49.00262,-15.37541],[48.99921,-15.37945],[49.0013,-15.38458],[49.00768,-15.38286],[49.01136,-15.39339],[49.01655,-15.39396],[49.01832,-15.39819],[49.00995,-15.40279],[49.01288,-15.41163],[49.0104,-15.41552],[49.01795,-15.42697],[49.01721,-15.43214],[49.01979,-15.44109],[49.0239,-15.44329],[49.0269,-15.45271],[49.0305,-15.45484],[49.03598,-15.45238],[49.0428,-15.46102],[49.0487,-15.45817],[49.05276,-15.46293],[49.06008,-15.4554],[49.06902,-15.45759],[49.07074,-15.46008],[49.07765,-15.45782],[49.08326,-15.45162],[49.09471,-15.44956],[49.09975,-15.45601],[49.09939,-15.46414],[49.11121,-15.46925],[49.11513,-15.46695],[49.11693,-15.45234],[49.12831,-15.45313],[49.12789,-15.46633],[49.13084,-15.47609],[49.11164,-15.47971],[49.10874,-15.49707],[49.10019,-15.49811],[49.09835,-15.50344],[49.08958,-15.50805],[49.08932,-15.51261],[49.07787,-15.52301],[49.07179,-15.52381],[49.07094,-15.5278],[49.07477,-15.54306],[49.07463,-15.55272],[49.08255,-15.55782],[49.08342,-15.56329],[49.08829,-15.56407],[49.0915,-15.57381],[49.07981,-15.58601],[49.08168,-15.58975],[49.07839,-15.59528],[49.07919,-15.60389],[49.07566,-15.60712],[49.07441,-15.61419],[49.07731,-15.62204],[49.07678,-15.63423],[49.07303,-15.63751],[49.07287,-15.64334],[49.0768,-15.65331],[49.07289,-15.65741],[49.07267,-15.67833],[49.06559,-15.67555],[49.06185,-15.68756],[49.06416,-15.69166],[49.06034,-15.69811],[49.06256,-15.70661],[49.05873,-15.71076],[49.05965,-15.71961],[49.05428,-15.7257],[49.05417,-15.73415],[49.05095,-15.73943],[49.04941,-15.74846],[49.0431,-15.76213],[49.04909,-15.76542],[49.0506,-15.76931],[49.05868,-15.7754],[49.06223,-15.78701],[49.07323,-15.78294],[49.08044,-15.78931],[49.0884,-15.79103],[49.08938,-15.79706],[49.09381,-15.80489],[49.08888,-15.81072],[49.09005,-15.81712],[49.09615,-15.82824],[49.09359,-15.83534],[49.09633,-15.83891],[49.09598,-15.84533],[49.10398,-15.85594],[49.09808,-15.87086],[49.10286,-15.87085],[49.10354,-15.88181],[49.09674,-15.88652],[49.10735,-15.8916],[49.11089,-15.90518],[49.11908,-15.91459],[49.12472,-15.91799],[49.12901,-15.92602],[49.14281,-15.93192],[49.14999,-15.94096],[49.16896,-15.96965],[49.14987,-15.97057],[49.14488,-15.97225],[49.13894,-15.98553],[49.13904,-15.99307],[49.13667,-16.00253],[49.13651,-16.01143],[49.13989,-16.01435],[49.143,-16.03748],[49.14235,-16.05122],[49.14667,-16.05468],[49.15295,-16.05551],[49.15931,-16.06149],[49.16394,-16.05673],[49.18855,-16.05365],[49.19838,-16.06491],[49.19749,-16.06871],[49.18546,-16.07115],[49.17939,-16.07471],[49.18475,-16.07646],[49.19417,-16.08482],[49.19783,-16.08189],[49.20331,-16.08638],[49.19678,-16.09274],[49.1889,-16.09719],[49.18582,-16.10156],[49.18812,-16.10548],[49.18678,-16.11658],[49.19318,-16.12507],[49.19701,-16.12448],[49.19984,-16.13084],[49.20704,-16.12929],[49.21698,-16.13538],[49.21797,-16.13844],[49.21145,-16.14497],[49.21158,-16.15402],[49.20853,-16.15966],[49.20833,-16.1692],[49.21507,-16.17795],[49.2081,-16.18505],[49.21196,-16.18917],[49.21024,-16.19777],[49.20488,-16.19746],[49.20411,-16.22052],[49.2068,-16.22534],[49.20649,-16.24537],[49.21374,-16.25228],[49.21037,-16.26039],[49.1981,-16.27273],[49.19028,-16.27174],[49.18546,-16.27903],[49.18698,-16.2827],[49.17715,-16.28996],[49.1787,-16.29367],[49.18589,-16.29753],[49.18686,-16.30515],[49.19285,-16.3239],[49.18559,-16.33375],[49.1804,-16.32883],[49.16871,-16.33203],[49.16558,-16.33649],[49.1564,-16.33834],[49.15749,-16.34232],[49.14549,-16.3473],[49.14952,-16.35207],[49.14796,-16.35789],[49.13838,-16.37491],[49.14393,-16.37725],[49.13812,-16.39449],[49.1377,-16.40109],[49.1528,-16.4081],[49.14935,-16.42062],[49.14442,-16.42069],[49.13834,-16.42632],[49.1314,-16.42958],[49.12902,-16.43596],[49.12358,-16.44018],[49.11989,-16.45908],[49.11668,-16.46704],[49.09592,-16.47896],[49.08172,-16.48182],[49.07593,-16.47867],[49.06632,-16.48717],[49.05649,-16.49039],[49.05074,-16.49849],[49.04223,-16.50202],[49.03162,-16.51084],[49.02473,-16.5201],[49.01676,-16.52522],[49.01733,-16.5389],[49.01635,-16.54933],[49.01847,-16.5668],[49.01744,-16.57518],[49.01188,-16.57669],[49.0059,-16.57497],[48.9926,-16.58028],[48.98571,-16.58495],[48.97962,-16.59633],[48.97219,-16.60242],[48.95999,-16.60648],[48.96195,-16.61321],[48.95494,-16.62795],[48.95726,-16.63602],[48.96099,-16.63583],[48.96818,-16.64368],[48.96783,-16.64939],[48.97278,-16.65271],[48.97737,-16.65965],[48.98645,-16.65836],[48.9912,-16.66825],[48.98441,-16.6724],[48.97521,-16.66898],[48.97405,-16.6639],[48.96735,-16.66524],[48.95921,-16.66997],[48.95231,-16.67819],[48.94625,-16.6739],[48.934,-16.68558],[48.89922,-16.68021],[48.89301,-16.67806],[48.88736,-16.68131],[48.87488,-16.68172],[48.86794,-16.68022],[48.86026,-16.67161],[48.85698,-16.67575],[48.84462,-16.68151],[48.83284,-16.67884],[48.82669,-16.68639],[48.81133,-16.68379],[48.80936,-16.68035],[48.8025,-16.68062],[48.79869,-16.67745],[48.79283,-16.67766],[48.78988,-16.68293],[48.78062,-16.67974],[48.7712,-16.67861],[48.77056,-16.67467],[48.76237,-16.66748],[48.7654,-16.66254],[48.75276,-16.66012],[48.74161,-16.66556],[48.74147,-16.66955],[48.73055,-16.66733],[48.72548,-16.66892],[48.71924,-16.66415],[48.71156,-16.67281],[48.70684,-16.68453],[48.6948,-16.68397],[48.68885,-16.68929],[48.67583,-16.68313],[48.67132,-16.67615],[48.67055,-16.67026],[48.65898,-16.6581],[48.64424,-16.65856],[48.6285,-16.66599],[48.62206,-16.66454],[48.61901,-16.66857],[48.61654,-16.68171],[48.6143,-16.68105],[48.61319,-16.6674],[48.60326,-16.66276],[48.60295,-16.65751],[48.61561,-16.6506],[48.62009,-16.65099],[48.62952,-16.63622],[48.62752,-16.631],[48.63145,-16.62506],[48.63893,-16.62609],[48.63345,-16.61992],[48.63883,-16.61088],[48.64829,-16.60684],[48.65565,-16.59247],[48.65395,-16.58053],[48.64919,-16.57224],[48.64492,-16.57898],[48.63831,-16.57263],[48.63915,-16.56813],[48.63467,-16.56243],[48.63025,-16.56415],[48.61992,-16.55674],[48.61616,-16.55191],[48.62322,-16.54442],[48.63138,-16.53312],[48.63098,-16.52815],[48.6371,-16.51901],[48.63454,-16.51668],[48.63754,-16.51091],[48.63513,-16.50954],[48.61748,-16.51815],[48.61201,-16.51342],[48.61586,-16.50283],[48.60445,-16.49654],[48.61561,-16.49574],[48.61705,-16.48752],[48.6104,-16.48601],[48.60457,-16.47646],[48.59971,-16.47563],[48.60004,-16.46792],[48.59607,-16.46542],[48.58634,-16.46449],[48.58633,-16.4563],[48.59079,-16.4493],[48.5807,-16.44588],[48.58072,-16.44017],[48.56884,-16.43371],[48.56396,-16.42415],[48.55615,-16.42491],[48.54696,-16.41641],[48.54136,-16.41482],[48.53364,-16.40463],[48.52731,-16.40256],[48.51501,-16.40404],[48.5087,-16.40664],[48.50574,-16.40103],[48.49801,-16.40065],[48.4884,-16.39234],[48.48592,-16.3792],[48.47473,-16.36806],[48.46916,-16.35343],[48.46471,-16.35061],[48.45585,-16.33873],[48.4507,-16.33812],[48.44211,-16.33163],[48.43803,-16.33111],[48.43156,-16.33797],[48.41802,-16.33915],[48.41493,-16.34442],[48.40846,-16.34508],[48.3958,-16.33996],[48.39079,-16.33972],[48.38734,-16.34839],[48.37893,-16.35502],[48.37609,-16.34919],[48.37821,-16.33717],[48.37768,-16.32766],[48.37372,-16.31302],[48.36556,-16.31258],[48.35618,-16.30657],[48.34577,-16.30386],[48.33183,-16.29294],[48.3221,-16.28897],[48.31501,-16.28385],[48.31098,-16.27739],[48.29998,-16.26997],[48.28367,-16.24632],[48.27773,-16.24508],[48.26674,-16.24743],[48.2557,-16.24728],[48.24932,-16.2438],[48.23806,-16.24363],[48.23255,-16.24053],[48.22396,-16.24312],[48.21933,-16.24843],[48.21284,-16.25002],[48.20072,-16.24943],[48.18947,-16.24702],[48.17291,-16.25455],[48.17022,-16.26021],[48.15818,-16.27361],[48.15336,-16.27544],[48.14772,-16.27019],[48.13625,-16.26855],[48.13163,-16.27258],[48.11838,-16.27775],[48.11411,-16.28296],[48.10318,-16.27778],[48.07827,-16.27636],[48.06631,-16.27138],[48.05857,-16.26444],[48.05323,-16.26273],[48.04201,-16.26338],[48.0315,-16.25998],[48.02758,-16.25433],[48.01826,-16.25032],[48.0069,-16.25731],[47.99991,-16.25917],[47.98122,-16.2589],[47.97764,-16.25028],[47.96896,-16.24801],[47.9673,-16.24346],[47.95626,-16.24056],[47.9602,-16.24681],[47.96106,-16.25498],[47.9563,-16.25959],[47.95508,-16.2721],[47.95161,-16.28887],[47.9469,-16.29832],[47.94168,-16.30312],[47.9394,-16.30069],[47.92432,-16.31195],[47.92302,-16.31695],[47.91824,-16.3186],[47.917,-16.3292],[47.9053,-16.3331],[47.89922,-16.34055],[47.88526,-16.36267],[47.88023,-16.36648],[47.87199,-16.37789],[47.8568,-16.38558],[47.82872,-16.39759],[47.80703,-16.40066],[47.78415,-16.3996],[47.75137,-16.37062],[47.73492,-16.3568],[47.72563,-16.34152],[47.71653,-16.31785],[47.71077,-16.30974],[47.69886,-16.31054],[47.69714,-16.31507],[47.70248,-16.3316],[47.71256,-16.35383],[47.7196,-16.36624],[47.73788,-16.39009],[47.74568,-16.39643],[47.90449,-16.583],[47.90452,-16.58356],[47.89422,-16.5877],[47.88977,-16.58235],[47.88005,-16.57975],[47.87475,-16.57377],[47.8637,-16.56876],[47.8629,-16.56147],[47.85475,-16.56574],[47.84702,-16.56683],[47.83435,-16.56548],[47.82495,-16.56649],[47.8251,-16.5625],[47.81733,-16.55476],[47.80789,-16.55159],[47.80443,-16.5473],[47.79274,-16.54002],[47.78861,-16.53983],[47.77778,-16.53443],[47.76974,-16.54184],[47.76912,-16.54728],[47.76307,-16.5519],[47.75784,-16.54971],[47.7524,-16.55126],[47.75715,-16.54561],[47.74714,-16.54438],[47.74583,-16.53838],[47.73954,-16.53714],[47.72797,-16.52635],[47.71671,-16.52108],[47.71464,-16.51654],[47.70207,-16.5077],[47.68669,-16.50613],[47.67774,-16.50233],[47.66996,-16.50505],[47.67022,-16.49994],[47.6662,-16.49679],[47.66679,-16.49061],[47.6708,-16.48673],[47.66512,-16.48459],[47.66636,-16.47512],[47.66329,-16.47109],[47.6627,-16.46256],[47.66954,-16.45778],[47.67295,-16.45052],[47.67144,-16.43837],[47.67657,-16.43447],[47.66647,-16.43465],[47.66098,-16.43267],[47.65622,-16.43425],[47.65022,-16.42849],[47.64038,-16.42938],[47.63712,-16.41912],[47.62524,-16.41501],[47.61209,-16.42014],[47.61141,-16.41688],[47.60529,-16.41812],[47.59921,-16.4158],[47.59261,-16.42058],[47.57839,-16.42157],[47.56907,-16.41945],[47.56795,-16.41391],[47.55558,-16.4186],[47.54666,-16.41696],[47.53039,-16.40964],[47.52594,-16.41698],[47.53056,-16.43372],[47.52812,-16.43607],[47.51876,-16.43707],[47.51068,-16.43584],[47.50509,-16.43749],[47.48317,-16.43083],[47.46935,-16.42453],[47.44991,-16.42277],[47.43433,-16.41763],[47.42578,-16.41766],[47.42859,-16.40555],[47.43489,-16.39421],[47.4365,-16.38386],[47.43543,-16.37062],[47.43639,-16.36254],[47.43097,-16.35093],[47.42525,-16.34515],[47.41513,-16.33927],[47.39821,-16.32162],[47.39258,-16.32082],[47.37858,-16.32739],[47.37332,-16.32612],[47.36882,-16.31704],[47.35974,-16.32334],[47.34717,-16.31867],[47.33659,-16.31868],[47.33276,-16.30617],[47.33384,-16.30161],[47.34062,-16.29028],[47.34598,-16.28826],[47.34849,-16.27858],[47.34615,-16.27368],[47.35158,-16.26926],[47.34489,-16.26206],[47.34883,-16.25347],[47.34293,-16.25061],[47.32828,-16.25086],[47.31397,-16.24892],[47.29798,-16.25008],[47.28812,-16.25231],[47.2838,-16.24936],[47.28145,-16.23847],[47.26762,-16.2184],[47.27134,-16.20171],[47.26944,-16.18306],[47.27688,-16.17381],[47.27732,-16.16902],[47.27313,-16.16279],[47.27127,-16.15445],[47.26199,-16.15114],[47.25824,-16.14323],[47.24608,-16.13888],[47.24218,-16.139],[47.23767,-16.14747],[47.23205,-16.14906],[47.22563,-16.14373],[47.22386,-16.13865],[47.22953,-16.1289],[47.22908,-16.12418],[47.21985,-16.1143],[47.22876,-16.10503],[47.23501,-16.10079],[47.23809,-16.09418],[47.23704,-16.08932],[47.22947,-16.09003],[47.21612,-16.09392],[47.20891,-16.09079],[47.20085,-16.08314],[47.19663,-16.06759],[47.19458,-16.04839],[47.18911,-16.04516],[47.17241,-16.04472],[47.1757,-16.02817],[47.17454,-16.02245],[47.16125,-16.00965],[47.16093,-16.00115],[47.16574,-15.98498],[47.16998,-15.98351],[47.18147,-15.98416],[47.20104,-15.98976],[47.21718,-15.98983],[47.21754,-15.97988],[47.20527,-15.96441],[47.20531,-15.95708],[47.20986,-15.95071],[47.21033,-15.94601],[47.19682,-15.92438],[47.19909,-15.91472],[47.1985,-15.90843],[47.19349,-15.89965],[47.18542,-15.89409],[47.18171,-15.8862],[47.18102,-15.8656],[47.17469,-15.85806],[47.16904,-15.85521],[47.1601,-15.85405],[47.14684,-15.84402],[47.14563,-15.83364],[47.13956,-15.82675],[47.13701,-15.80995],[47.12182,-15.79845],[47.11036,-15.794],[47.10795,-15.78095],[47.10905,-15.77481],[47.11733,-15.76962],[47.12096,-15.76254],[47.12984,-15.75984],[47.13446,-15.76142],[47.14725,-15.76051],[47.15268,-15.75225],[47.15889,-15.75304],[47.15166,-15.74362],[47.14313,-15.72511],[47.13419,-15.721],[47.1343,-15.71271],[47.12668,-15.70195],[47.12348,-15.69385],[47.11772,-15.68964],[47.11881,-15.68279],[47.12611,-15.68139],[47.12735,-15.67286],[47.12027,-15.66707],[47.11622,-15.65552],[47.11124,-15.65224],[47.10386,-15.65171],[47.09642,-15.64836],[47.09308,-15.64372],[47.09707,-15.6361],[47.10587,-15.63383],[47.1025,-15.62998],[47.10268,-15.62263],[47.11198,-15.61403],[47.11142,-15.60222],[47.1151,-15.58085],[47.12198,-15.56219],[47.12602,-15.55532],[47.13642,-15.54448],[47.13873,-15.53585],[47.1426,-15.53428],[47.14105,-15.50937],[47.14718,-15.4995],[47.15097,-15.49019],[47.15204,-15.48112],[47.1489,-15.47203],[47.13984,-15.45707],[47.1337,-15.44785],[47.11897,-15.41896],[47.14515,-15.4221],[47.17326,-15.4234],[47.16796,-15.40256],[47.17026,-15.39955],[47.15918,-15.3782],[47.14416,-15.3654],[47.14122,-15.35678],[47.14352,-15.33959],[47.14501,-15.31847],[47.14774,-15.30933],[47.14901,-15.29095],[47.14574,-15.29009],[47.13923,-15.2969],[47.13247,-15.29746],[47.11269,-15.31165],[47.10671,-15.31047],[47.09515,-15.314],[47.08781,-15.31054],[47.09639,-15.29963],[47.08976,-15.29513],[47.09287,-15.28823],[47.09361,-15.28018],[47.09824,-15.27985],[47.10384,-15.27284],[47.10339,-15.26364],[47.10097,-15.26148],[47.09437,-15.26661],[47.08936,-15.27327],[47.08273,-15.27235],[47.06873,-15.2737],[47.06663,-15.26288],[47.0681,-15.25024],[47.06551,-15.24494],[47.05297,-15.2364],[47.04302,-15.23247],[47.04118,-15.21913],[47.04667,-15.20695],[47.04337,-15.20395],[47.04628,-15.18577],[47.04975,-15.17658],[47.062,-15.16625],[47.07366,-15.15086],[47.07821,-15.14121],[47.09105,-15.12834],[47.09797,-15.11616],[47.10557,-15.10789],[47.11151,-15.10514],[47.11719,-15.10767],[47.12407,-15.10746],[47.13521,-15.10425],[47.1434,-15.09989],[47.15635,-15.08956],[47.16942,-15.07761],[47.187,-15.06544],[47.19377,-15.05717],[47.19447,-15.06281],[47.19861,-15.06293],[47.21008,-15.06995],[47.21328,-15.06915],[47.2043,-15.06408],[47.19792,-15.05441],[47.20696,-15.04314],[47.2191,-15.02452],[47.2203,-15.01624],[47.21797,-15.00151],[47.20921,-15.00197],[47.21396,-14.99645],[47.21941,-14.99484],[47.23388,-14.98566],[47.23649,-14.98658],[47.23977,-14.99947],[47.24381,-14.99649],[47.25257,-14.99649],[47.2587,-15.0065],[47.25895,-15.00328],[47.27236,-15.00628],[47.25967,-15.00041],[47.25328,-14.99373],[47.24121,-14.98992],[47.24597,-14.98463],[47.25592,-14.98108],[47.26397,-14.98315],[47.25499,-14.9751],[47.26283,-14.96429],[47.2619,-14.9567],[47.27495,-14.94658],[47.2854,-14.93555],[47.29192,-14.93199],[47.30388,-14.93028],[47.31194,-14.92521],[47.31717,-14.91924],[47.33256,-14.9204],[47.32899,-14.92638],[47.33681,-14.92224],[47.33375,-14.91097],[47.34016,-14.90568],[47.34465,-14.91051],[47.34416,-14.91787],[47.35244,-14.91972],[47.36644,-14.90891],[47.37509,-14.90546],[47.37568,-14.90178],[47.36597,-14.90661],[47.36076,-14.90408],[47.37807,-14.89074],[47.38045,-14.88568],[47.37572,-14.879],[47.38611,-14.87527],[47.39089,-14.86659],[47.38368,-14.86463],[47.37456,-14.8675],[47.36864,-14.86612],[47.36582,-14.86036],[47.35612,-14.85369],[47.34926,-14.85644],[47.33906,-14.86588],[47.34141,-14.87623],[47.33925,-14.89026],[47.33167,-14.88704],[47.32789,-14.88818],[47.32767,-14.88312],[47.32221,-14.88519],[47.32141,-14.88208],[47.30232,-14.89024],[47.29333,-14.88219],[47.28935,-14.86688],[47.28084,-14.864],[47.28227,-14.85963],[47.30244,-14.83595],[47.31433,-14.81318],[47.34374,-14.77868],[47.35536,-14.76284],[47.4037,-14.71819],[47.41241,-14.70888],[47.41956,-14.70715],[47.41767,-14.70508],[47.42976,-14.69473],[47.4436,-14.68645],[47.45302,-14.6763],[47.46349,-14.67092],[47.46739,-14.67587],[47.46454,-14.68576],[47.46712,-14.69474],[47.47421,-14.70416],[47.49121,-14.71681],[47.50163,-14.71819],[47.48942,-14.73177],[47.47899,-14.75145],[47.47273,-14.7465],[47.4758,-14.7534],[47.48502,-14.75202],[47.48147,-14.758],[47.47956,-14.76743],[47.48444,-14.77374],[47.48659,-14.784],[47.49704,-14.79573],[47.48921,-14.80827],[47.49014,-14.81529],[47.5008,-14.81207],[47.50506,-14.81321],[47.5124,-14.80815],[47.51416,-14.82184],[47.50029,-14.84358],[47.49767,-14.85485],[47.48606,-14.86659],[47.48202,-14.87878],[47.4717,-14.89271],[47.44194,-14.92573],[47.43553,-14.934],[47.42651,-14.94919],[47.4099,-14.96747],[47.40183,-14.98082],[47.40087,-14.98577],[47.40416,-14.99865],[47.40818,-15.0021],[47.41313,-15.01659],[47.41311,-15.03224],[47.41428,-15.03592],[47.40811,-15.04328],[47.40312,-15.0557],[47.40226,-15.06916],[47.39939,-15.08572],[47.40008,-15.0947],[47.39734,-15.10287],[47.40183,-15.11207],[47.4074,-15.11541],[47.41201,-15.11391],[47.42019,-15.11932],[47.42504,-15.11898],[47.4343,-15.1123],[47.43405,-15.12127],[47.42943,-15.13328],[47.43119,-15.13393],[47.43642,-15.1199],[47.44425,-15.11392],[47.45055,-15.10069],[47.46062,-15.09965],[47.47794,-15.08907],[47.48339,-15.08861],[47.4936,-15.07595],[47.48352,-15.07894],[47.48341,-15.07136],[47.49648,-15.0472],[47.49519,-15.03926],[47.49769,-15.03178],[47.50457,-15.02177],[47.51785,-15.00693],[47.522,-14.99961],[47.52757,-14.99417],[47.53682,-14.99151],[47.54274,-14.98622],[47.54606,-14.98668],[47.54557,-15.00761],[47.54154,-15.01337],[47.52589,-15.02534],[47.526,-15.02763],[47.53987,-15.01912],[47.54342,-15.01866],[47.55078,-15.00876],[47.55102,-14.99565],[47.56028,-14.98563],[47.56241,-14.97723],[47.56006,-14.96803],[47.54869,-14.9586],[47.54938,-14.95435],[47.56665,-14.94045],[47.57451,-14.93052],[47.5807,-14.91787],[47.58462,-14.90527],[47.58397,-14.89662],[47.59046,-14.88473],[47.60275,-14.8723],[47.60524,-14.86609],[47.61295,-14.85688],[47.61482,-14.84836],[47.61378,-14.84183],[47.62745,-14.83412],[47.64018,-14.8159],[47.64066,-14.80843],[47.63758,-14.80349],[47.63049,-14.7982],[47.63121,-14.79428],[47.63736,-14.786],[47.64565,-14.77173],[47.65677,-14.75676],[47.66672,-14.74985],[47.67665,-14.74087],[47.6866,-14.7213],[47.67997,-14.71648],[47.68825,-14.70428],[47.69086,-14.69668],[47.69558,-14.69369],[47.69914,-14.69714],[47.70789,-14.69713],[47.71357,-14.69344],[47.72066,-14.68446],[47.72847,-14.67157],[47.7287,-14.65937],[47.73296,-14.64763],[47.74407,-14.63669],[47.74689,-14.62709],[47.73842,-14.6136],[47.7339,-14.61185],[47.73107,-14.60369],[47.72764,-14.60081],[47.72929,-14.59506],[47.72575,-14.58218],[47.72776,-14.57839],[47.72185,-14.57195],[47.71476,-14.57035],[47.71571,-14.55769],[47.71902,-14.55286],[47.73012,-14.54226],[47.7313,-14.53582],[47.72811,-14.51339],[47.71784,-14.50501],[47.71263,-14.49603],[47.71594,-14.49143],[47.7124,-14.48753],[47.70248,-14.48201],[47.70981,-14.47556],[47.70744,-14.4636],[47.69988,-14.45901],[47.70438,-14.45808],[47.70296,-14.4521],[47.6954,-14.45165],[47.69375,-14.43899],[47.69717,-14.42968],[47.69611,-14.42358],[47.69659,-14.40632],[47.70326,-14.39154],[47.70471,-14.37188],[47.7085,-14.35858],[47.71557,-14.3447],[47.71997,-14.34084],[47.72659,-14.3398],[47.7398,-14.32598],[47.75377,-14.31402],[47.77049,-14.30316],[47.7752,-14.29579],[47.77568,-14.28728],[47.76953,-14.27831],[47.76977,-14.26129],[47.76387,-14.2521],[47.76576,-14.24749],[47.77425,-14.24748],[47.7745,-14.237],[47.78322,-14.23435],[47.78652,-14.23803],[47.79336,-14.2387],[47.79914,-14.22777],[47.79713,-14.21915],[47.80385,-14.21878],[47.80975,-14.22212],[47.82168,-14.23314],[47.82522,-14.24073],[47.83372,-14.25015],[47.85048,-14.2584],[47.87113,-14.26217],[47.87951,-14.26157],[47.88399,-14.25375],[47.89142,-14.25062],[47.90356,-14.24013],[47.90381,-14.24887],[47.91207,-14.25875],[47.91972,-14.25938],[47.93495,-14.24352],[47.93683,-14.23603],[47.93376,-14.22994],[47.94129,-14.21003],[47.94573,-14.17746],[47.94925,-14.16664],[47.93627,-14.15608],[47.93154,-14.14275],[47.9254,-14.13563],[47.90747,-14.12255],[47.90133,-14.11681],[47.90605,-14.11335],[47.91216,-14.09562],[47.90709,-14.09413],[47.90438,-14.09863],[47.89613,-14.10141],[47.88775,-14.09648],[47.89659,-14.09174],[47.91003,-14.0885],[47.92277,-14.09698],[47.93598,-14.1004],[47.9505,-14.11234],[47.96241,-14.12037],[47.9597,-14.12474],[47.95086,-14.12155],[47.95369,-14.12637],[47.94588,-14.12506],[47.94969,-14.12909],[47.9543,-14.1427],[47.95761,-14.14421],[47.95358,-14.13086],[47.9643,-14.12496],[47.97161,-14.1238],[47.98271,-14.12883],[47.98907,-14.12721],[47.99899,-14.13455],[47.99546,-14.13939],[48.00207,-14.14926],[48.00328,-14.1656],[47.9922,-14.17552],[47.98209,-14.20407],[47.97704,-14.2157],[47.97517,-14.23343],[47.97154,-14.25793],[47.96613,-14.26738],[47.95999,-14.26969],[47.96814,-14.27312],[47.96567,-14.2828],[47.96616,-14.29614],[47.96381,-14.30466],[47.9553,-14.30261],[47.96453,-14.31662],[47.97021,-14.32834],[47.97659,-14.32948],[47.9825,-14.33683],[47.98134,-14.35927],[47.97356,-14.36584],[47.97735,-14.37808],[47.98492,-14.38629],[47.9899,-14.40146],[47.99131,-14.40077],[47.98823,-14.38904],[47.97971,-14.37962],[47.97853,-14.37433],[47.98561,-14.36972],[47.98253,-14.36352],[47.98524,-14.36006],[47.99008,-14.36349],[47.98818,-14.3566],[47.99314,-14.35084],[47.99278,-14.3429],[47.99974,-14.34599],[47.99265,-14.33957],[47.99158,-14.33116],[47.99737,-14.33587],[48.00481,-14.337],[47.99876,-14.32114],[47.98836,-14.30575],[47.9914,-14.29194],[47.99187,-14.28228],[47.99682,-14.28434],[48.00629,-14.2988],[48.00582,-14.30387],[47.9978,-14.3032],[47.99473,-14.30574],[48.00724,-14.30928],[48.01552,-14.31789],[48.02496,-14.31279],[48.01492,-14.31247],[48.01031,-14.30639],[48.0103,-14.29846],[48.00415,-14.28984],[48.00438,-14.28455],[48.01477,-14.28913],[48.02279,-14.28956],[48.02963,-14.28702],[48.0339,-14.29506],[48.03318,-14.28796],[48.02857,-14.28529],[48.01501,-14.28521],[48.01075,-14.28269],[48.02419,-14.2753],[48.03622,-14.27113],[48.03362,-14.26503],[48.04282,-14.26605],[48.03668,-14.26215],[48.02866,-14.26148],[48.01637,-14.2507],[48.01235,-14.24358],[48.01706,-14.23781],[48.0239,-14.23481],[48.01633,-14.21918],[48.00854,-14.2215],[48.00358,-14.21553],[48.00474,-14.20425],[48.00805,-14.20401],[48.00923,-14.21068],[48.01514,-14.21228],[48.02126,-14.20559],[48.01371,-14.21032],[48.0144,-14.19387],[48.02076,-14.18511],[48.02488,-14.18361],[48.02973,-14.1913],[48.03893,-14.19289],[48.038,-14.19635],[48.03045,-14.20235],[48.0307,-14.20488],[48.03859,-14.19865],[48.04035,-14.19151],[48.02972,-14.18671],[48.03065,-14.17911],[48.03372,-14.17887],[48.04973,-14.18444],[48.05921,-14.18364],[48.06141,-14.17513],[48.0533,-14.18205],[48.04505,-14.17942],[48.04066,-14.16769],[48.03768,-14.1432],[48.04238,-14.13674],[48.04014,-14.13181],[48.04119,-14.12548],[48.04801,-14.11591],[48.04375,-14.10545],[48.03737,-14.09892],[48.02762,-14.10242],[48.01411,-14.10385],[48.01212,-14.0765],[48.02267,-14.06678],[48.03384,-14.05597],[48.03422,-14.04836],[48.02766,-14.04049],[48.02582,-14.03461],[48.02926,-14.02718],[48.04129,-14.0254],[48.05033,-14.02229],[48.0541,-14.01861],[48.07365,-14.01562],[48.07731,-14.0098],[48.07143,-14.00529],[48.07475,-13.99909],[48.08623,-13.99928],[48.08471,-13.99328],[48.07807,-13.98856],[48.07538,-13.98219],[48.07034,-13.9779],[48.07857,-13.9757],[48.07204,-13.97267],[48.07328,-13.96672],[48.08091,-13.96663],[48.08765,-13.96363],[48.09432,-13.96393],[48.09834,-13.96902],[48.10847,-13.95467],[48.1162,-13.94838],[48.12731,-13.9423],[48.13315,-13.94206],[48.15198,-13.91997],[48.16226,-13.91088],[48.17519,-13.91141],[48.18621,-13.90407],[48.19435,-13.89576],[48.22037,-13.88454],[48.23346,-13.87586],[48.24696,-13.8736],[48.26665,-13.88033],[48.27606,-13.89002],[48.29198,-13.90358],[48.29833,-13.90718],[48.31351,-13.91881],[48.31787,-13.93273],[48.32534,-13.97064],[48.32349,-13.98137],[48.3143,-13.98931],[48.31199,-14.0029],[48.3128,-14.01146],[48.30943,-14.04221],[48.31247,-14.08486],[48.31652,-14.09493],[48.31987,-14.09495],[48.32225,-14.1032],[48.32744,-14.10601],[48.33639,-14.12031],[48.34234,-14.1231],[48.35556,-14.11782],[48.35803,-14.11162],[48.3621,-14.11054],[48.36745,-14.11564],[48.36659,-14.12236],[48.37167,-14.13404],[48.3737,-14.14735],[48.37821,-14.15728],[48.37903,-14.16712],[48.388,-14.16388],[48.39697,-14.168],[48.41021,-14.16416],[48.4276,-14.16569],[48.43251,-14.16422],[48.44638,-14.16502],[48.46178,-14.16796],[48.47293,-14.1745],[48.48125,-14.18138],[48.4873,-14.19102],[48.50183,-14.19512],[48.51596,-14.21623],[48.52551,-14.21917],[48.53998,-14.2201],[48.55425,-14.22762],[48.55927,-14.22687],[48.60431,-14.22856],[48.61033,-14.23057],[48.63363,-14.23147],[48.64066,-14.23032],[48.65739,-14.23284],[48.6608,-14.23738],[48.67635,-14.23663],[48.67981,-14.24085],[48.69693,-14.23747],[48.70587,-14.22757],[48.70822,-14.22272],[48.71997,-14.21645],[48.71989,-14.21408],[48.72742,-14.20878],[48.73386,-14.2077],[48.73448,-14.20476],[48.74692,-14.2131],[48.75393,-14.20871],[48.75893,-14.2094],[48.76159,-14.21781],[48.76869,-14.22361],[48.77311,-14.22211],[48.78109,-14.23495],[48.7832,-14.25182],[48.7864,-14.2524],[48.79299,-14.26098],[48.79949,-14.26373],[48.81269,-14.2651],[48.82109,-14.26017],[48.82753,-14.25029],[48.83298,-14.24668],[48.83782,-14.2372],[48.86663,-14.22447],[48.87553,-14.22301],[48.88397,-14.21625],[48.8983,-14.19593],[48.91186,-14.19307],[48.91294,-14.18765],[48.91907,-14.17641],[48.93206,-14.16378],[48.94427,-14.15825],[48.95068,-14.15944],[48.96332,-14.14883],[48.9727,-14.14597],[48.97936,-14.16476],[48.9828,-14.15775],[48.98749,-14.15628],[48.99039,-14.16263],[49.00188,-14.16474],[49.01055,-14.17038],[49.01513,-14.17031],[49.02165,-14.17512],[49.02682,-14.18265],[49.04029,-14.18914],[49.04819,-14.18518],[49.06092,-14.19062],[49.06377,-14.19881],[49.06859,-14.1983],[49.08017,-14.20612],[49.08543,-14.20692],[49.09247,-14.19945],[49.10846,-14.19847],[49.10899,-14.20808]]]]}},{"type":"Feature","properties":{"code_zone":"MG43","nom_zone":"Betsiboka","niveau":"Région","code_parent":null,"nom_parent":null},"geometry":{"type":"Polygon","coordinates":[[[47.43433,-16.41763],[47.44991,-16.42277],[47.46935,-16.42453],[47.48317,-16.43083],[47.50509,-16.43749],[47.51068,-16.43584],[47.51876,-16.43707],[47.52812,-16.43607],[47.53056,-16.43372],[47.52594,-16.41698],[47.53039,-16.40964],[47.54666,-16.41696],[47.55558,-16.4186],[47.56795,-16.41391],[47.56907,-16.41945],[47.57839,-16.42157],[47.59261,-16.42058],[47.59921,-16.4158],[47.60529,-16.41812],[47.61141,-16.41688],[47.61209,-16.42014],[47.62524,-16.41501],[47.63712,-16.41912],[47.64038,-16.42938],[47.65022,-16.42849],[47.65622,-16.43425],[47.66098,-16.43267],[47.66647,-16.43465],[47.67657,-16.43447],[47.67144,-16.43837],[47.67295,-16.45052],[47.66954,-16.45778],[47.6627,-16.46256],[47.66329,-16.47109],[47.66636,-16.47512],[47.66512,-16.48459],[47.6708,-16.48673],[47.66679,-16.49061],[47.6662,-16.49679],[47.67022,-16.49994],[47.66996,-16.50505],[47.67774,-16.50233],[47.68669,-16.50613],[47.70207,-16.5077],[47.71464,-16.51654],[47.71671,-16.52108],[47.72797,-16.52635],[47.73954,-16.53714],[47.74583,-16.53838],[47.74714,-16.54438],[47.75715,-16.54561],[47.7524,-16.55126],[47.75784,-16.54971],[47.76307,-16.5519],[47.76912,-16.54728],[47.76974,-16.54184],[47.77778,-16.53443],[47.78861,-16.53983],[47.79274,-16.54002],[47.80443,-16.5473],[47.80789,-16.55159],[47.81733,-16.55476],[47.8251,-16.5625],[47.82495,-16.56649],[47.83435,-16.56548],[47.84702,-16.56683],[47.85475,-16.56574],[47.8629,-16.56147],[47.8637,-16.56876],[47.87475,-16.57377],[47.88005,-16.57975],[47.88977,-16.58235],[47.89422,-16.5877],[47.90452,-16.58356],[47.92039,-16.59101],[47.92154,-16.6029],[47.92498,-16.60797],[47.93294,-16.61402],[47.93593,-16.62694],[47.94087,-16.63453],[47.94965,-16.64222],[47.94555,-16.64782],[47.94628,-16.65654],[47.93827,-16.66504],[47.93733,-16.67514],[47.94543,-16.69175],[47.94381,-16.70715],[47.9322,-16.71318],[47.92544,-16.72439],[47.92558,-16.7271],[47.93487,-16.73904],[47.94236,-16.746],[47.94459,-16.7559],[47.95742,-16.76893],[47.97066,-16.77188],[47.98035,-16.77889],[47.98756,-16.78995],[47.98831,-16.79744],[47.9995,-16.81563],[48.00459,-16.8209],[48.00721,-16.83047],[48.01129,-16.83294],[48.00971,-16.84021],[48.00534,-16.84637],[48.0038,-16.85417],[48.02594,-16.86358],[48.03504,-16.87404],[48.03296,-16.88264],[48.03552,-16.88928],[48.04081,-16.89089],[48.0441,-16.89556],[48.05309,-16.89555],[48.06325,-16.89982],[48.066,-16.90338],[48.06576,-16.91972],[48.06291,-16.93125],[48.06,-16.93554],[48.05185,-16.93815],[48.0492,-16.94156],[48.04841,-16.95046],[48.05292,-16.95641],[48.05194,-16.96367],[48.05802,-16.96718],[48.06488,-16.96642],[48.071,-16.97191],[48.06288,-16.97465],[48.05277,-16.98584],[48.05383,-16.99218],[48.05798,-16.99353],[48.06436,-17.00176],[48.06517,-17.0057],[48.07309,-17.01108],[48.07813,-17.02265],[48.08464,-17.03028],[48.08396,-17.04144],[48.095,-17.04865],[48.09944,-17.05736],[48.11505,-17.04771],[48.12305,-17.05341],[48.12614,-17.06222],[48.13172,-17.06811],[48.14422,-17.0704],[48.1495,-17.06783],[48.15192,-17.06236],[48.166,-17.05739],[48.17935,-17.05733],[48.18278,-17.0641],[48.18156,-17.07276],[48.17694,-17.08572],[48.17572,-17.09502],[48.18065,-17.09903],[48.17532,-17.12478],[48.17602,-17.1528],[48.18974,-17.16032],[48.18702,-17.16297],[48.19312,-17.17263],[48.19729,-17.18325],[48.18786,-17.19411],[48.18433,-17.20054],[48.18239,-17.21726],[48.17373,-17.22301],[48.17074,-17.2321],[48.16276,-17.22871],[48.15884,-17.23131],[48.14971,-17.23145],[48.15062,-17.23792],[48.14868,-17.24513],[48.14452,-17.24789],[48.14614,-17.25425],[48.13896,-17.26052],[48.14386,-17.26851],[48.14837,-17.28157],[48.1459,-17.29781],[48.14781,-17.30649],[48.14626,-17.31407],[48.15116,-17.32082],[48.13396,-17.33092],[48.13034,-17.33829],[48.12522,-17.33627],[48.11489,-17.33696],[48.11023,-17.33228],[48.10556,-17.33398],[48.09967,-17.35058],[48.09696,-17.36339],[48.09992,-17.36752],[48.10042,-17.37483],[48.10796,-17.38344],[48.10313,-17.40592],[48.09864,-17.4135],[48.08411,-17.41777],[48.07428,-17.42273],[48.0686,-17.41826],[48.06957,-17.40843],[48.06699,-17.40568],[48.06148,-17.41055],[48.05407,-17.4068],[48.04478,-17.40793],[48.04167,-17.40104],[48.03462,-17.39926],[48.03187,-17.39433],[48.02164,-17.39339],[48.01616,-17.40955],[48.00785,-17.41577],[48.00533,-17.42228],[47.9952,-17.4384],[47.99211,-17.44889],[47.98557,-17.44724],[47.98087,-17.44941],[47.97954,-17.44421],[47.97507,-17.44523],[47.96917,-17.44],[47.95777,-17.45753],[47.95182,-17.45844],[47.94458,-17.46291],[47.93672,-17.47134],[47.93205,-17.46939],[47.92869,-17.46196],[47.9219,-17.46411],[47.92172,-17.47285],[47.91853,-17.48009],[47.91912,-17.48621],[47.92303,-17.49244],[47.92785,-17.50938],[47.93061,-17.52368],[47.93479,-17.53134],[47.94361,-17.53293],[47.94444,-17.53999],[47.95054,-17.55036],[47.95626,-17.55051],[47.95498,-17.55684],[47.95897,-17.56079],[47.96963,-17.55597],[47.97703,-17.55432],[47.98283,-17.55687],[47.97671,-17.56526],[47.97234,-17.57597],[47.97444,-17.58551],[47.98575,-17.60033],[47.99966,-17.61308],[48.00958,-17.6184],[48.01063,-17.62454],[48.00439,-17.62831],[48.00936,-17.63392],[48.01994,-17.63745],[48.02019,-17.64311],[48.02475,-17.64482],[48.03722,-17.64506],[48.05186,-17.64963],[48.04727,-17.65675],[48.04549,-17.66998],[48.03996,-17.67937],[48.0333,-17.67667],[48.02777,-17.6778],[48.01809,-17.68384],[48.0104,-17.67992],[48.00417,-17.68624],[47.98941,-17.69306],[47.98986,-17.7021],[47.98656,-17.71493],[47.99686,-17.71659],[48.00009,-17.72124],[47.99884,-17.72742],[47.99193,-17.73103],[47.97751,-17.72964],[47.97574,-17.75272],[47.96356,-17.76324],[47.95706,-17.77941],[47.94979,-17.78486],[47.95405,-17.79714],[47.95973,-17.80695],[47.95988,-17.81234],[47.95074,-17.83003],[47.95145,-17.84064],[47.94437,-17.85578],[47.93619,-17.86421],[47.93659,-17.87447],[47.9391,-17.87985],[47.93142,-17.87963],[47.92636,-17.87877],[47.9234,-17.87457],[47.91782,-17.8741],[47.91324,-17.86116],[47.9041,-17.86113],[47.90409,-17.85669],[47.89741,-17.84845],[47.89319,-17.83802],[47.88655,-17.84878],[47.89553,-17.85822],[47.89443,-17.86353],[47.88155,-17.87438],[47.87452,-17.8763],[47.8637,-17.87318],[47.85992,-17.86217],[47.86268,-17.8557],[47.88233,-17.84695],[47.89039,-17.83726],[47.88715,-17.83354],[47.89581,-17.81977],[47.89407,-17.81076],[47.89459,-17.79745],[47.89051,-17.79457],[47.87628,-17.78954],[47.87161,-17.78427],[47.86313,-17.77018],[47.85655,-17.76614],[47.84899,-17.76462],[47.84524,-17.75881],[47.83642,-17.75076],[47.8233,-17.75476],[47.81104,-17.76178],[47.80359,-17.76173],[47.8019,-17.75524],[47.79625,-17.75104],[47.78955,-17.75132],[47.78401,-17.75697],[47.77228,-17.7731],[47.76124,-17.77886],[47.74374,-17.77814],[47.74005,-17.7763],[47.73865,-17.76986],[47.72289,-17.76528],[47.71574,-17.75926],[47.70075,-17.7645],[47.69672,-17.76314],[47.69153,-17.76607],[47.6826,-17.76414],[47.67753,-17.76068],[47.67533,-17.7665],[47.67685,-17.77608],[47.68059,-17.7854],[47.67649,-17.79375],[47.67393,-17.80934],[47.66667,-17.82152],[47.65899,-17.83155],[47.65264,-17.83104],[47.64759,-17.83859],[47.63929,-17.84407],[47.63217,-17.85584],[47.64516,-17.87144],[47.6544,-17.88062],[47.6555,-17.89192],[47.6542,-17.90583],[47.64755,-17.90945],[47.63545,-17.91083],[47.62153,-17.9108],[47.59985,-17.9169],[47.58285,-17.91915],[47.57945,-17.90583],[47.57955,-17.89637],[47.56971,-17.89687],[47.56318,-17.9032],[47.55593,-17.91578],[47.55041,-17.92109],[47.53332,-17.92769],[47.52581,-17.92721],[47.51742,-17.93489],[47.50713,-17.94123],[47.50098,-17.93273],[47.49994,-17.91568],[47.49616,-17.90941],[47.48782,-17.90939],[47.48113,-17.90393],[47.47083,-17.90435],[47.45821,-17.90794],[47.44621,-17.90448],[47.43574,-17.89841],[47.42606,-17.89787],[47.4282,-17.88505],[47.40347,-17.87903],[47.39983,-17.87594],[47.38815,-17.87192],[47.37708,-17.86508],[47.36671,-17.85575],[47.35017,-17.8335],[47.34271,-17.81181],[47.34498,-17.7924],[47.34757,-17.78914],[47.34611,-17.7829],[47.34942,-17.77825],[47.34358,-17.77458],[47.3447,-17.77896],[47.33676,-17.78363],[47.33373,-17.77834],[47.325,-17.7786],[47.31785,-17.77409],[47.3194,-17.76666],[47.31608,-17.76316],[47.30598,-17.7616],[47.29906,-17.76243],[47.28198,-17.75284],[47.27306,-17.74958],[47.25975,-17.74824],[47.2512,-17.75264],[47.24562,-17.74982],[47.24274,-17.75685],[47.23827,-17.7594],[47.23292,-17.75777],[47.2268,-17.76393],[47.21986,-17.76335],[47.2144,-17.76614],[47.20519,-17.76626],[47.1971,-17.75758],[47.18847,-17.75459],[47.18207,-17.75688],[47.1706,-17.76472],[47.16567,-17.7724],[47.16387,-17.7861],[47.16196,-17.79024],[47.15091,-17.79244],[47.14842,-17.79813],[47.14112,-17.79949],[47.13336,-17.7914],[47.11994,-17.78925],[47.11476,-17.78285],[47.09979,-17.78583],[47.09202,-17.79734],[47.08619,-17.80185],[47.0739,-17.81609],[47.05746,-17.82708],[47.05114,-17.84838],[47.05113,-17.8598],[47.05368,-17.87223],[47.0518,-17.87948],[47.03955,-17.87906],[47.02872,-17.86675],[47.03082,-17.86006],[47.02311,-17.84753],[47.01654,-17.84107],[47.01287,-17.84224],[46.99312,-17.81737],[46.981,-17.83792],[46.96825,-17.83724],[46.96309,-17.83218],[46.95237,-17.83378],[46.94793,-17.83203],[46.94155,-17.83636],[46.93665,-17.83457],[46.92718,-17.84153],[46.92168,-17.83948],[46.91863,-17.83209],[46.91428,-17.82981],[46.90858,-17.83447],[46.90399,-17.82676],[46.88628,-17.82372],[46.88356,-17.81898],[46.87452,-17.8208],[46.87212,-17.81686],[46.8659,-17.81433],[46.85801,-17.81408],[46.84479,-17.82042],[46.84438,-17.82576],[46.83803,-17.83009],[46.8309,-17.82689],[46.82975,-17.8318],[46.82399,-17.83288],[46.81198,-17.84391],[46.80549,-17.84193],[46.79677,-17.82705],[46.79902,-17.81505],[46.79791,-17.79827],[46.79937,-17.78469],[46.79867,-17.77669],[46.80217,-17.75758],[46.80051,-17.74453],[46.79267,-17.72835],[46.78745,-17.72777],[46.78453,-17.71946],[46.77998,-17.713],[46.77285,-17.71046],[46.76424,-17.71017],[46.75144,-17.71577],[46.74465,-17.71437],[46.73176,-17.70819],[46.72949,-17.71325],[46.71949,-17.71373],[46.71052,-17.72278],[46.68991,-17.72561],[46.67884,-17.7318],[46.67139,-17.73285],[46.6659,-17.73845],[46.65759,-17.73906],[46.65268,-17.73643],[46.6515,-17.74241],[46.63325,-17.75518],[46.62866,-17.74975],[46.62266,-17.75193],[46.61797,-17.74668],[46.61051,-17.74326],[46.60222,-17.74504],[46.59396,-17.75143],[46.57351,-17.74688],[46.56724,-17.75053],[46.55802,-17.75129],[46.55395,-17.74666],[46.54566,-17.7504],[46.54251,-17.74668],[46.5419,-17.72935],[46.53905,-17.72817],[46.52956,-17.73292],[46.52566,-17.73777],[46.52641,-17.74604],[46.52202,-17.75224],[46.52208,-17.75915],[46.51801,-17.75859],[46.51501,-17.76298],[46.50659,-17.76248],[46.50458,-17.76778],[46.49796,-17.76158],[46.49238,-17.75927],[46.48601,-17.76396],[46.48268,-17.7616],[46.47439,-17.74801],[46.46281,-17.74554],[46.45861,-17.73879],[46.45191,-17.74912],[46.44705,-17.76034],[46.44074,-17.76301],[46.43724,-17.76766],[46.42925,-17.76872],[46.42377,-17.76052],[46.42161,-17.76644],[46.41415,-17.76758],[46.41033,-17.77177],[46.40046,-17.76607],[46.39532,-17.76883],[46.39552,-17.7744],[46.39039,-17.78052],[46.38261,-17.78155],[46.37956,-17.78759],[46.36921,-17.79385],[46.36788,-17.80311],[46.35854,-17.80508],[46.35391,-17.80315],[46.3494,-17.81559],[46.35405,-17.82737],[46.34983,-17.83292],[46.34332,-17.82952],[46.33779,-17.83178],[46.32339,-17.83304],[46.32287,-17.82644],[46.31552,-17.82228],[46.31256,-17.82517],[46.30255,-17.82132],[46.2827,-17.83278],[46.28159,-17.83974],[46.27298,-17.83999],[46.26797,-17.84229],[46.26714,-17.85081],[46.25804,-17.86135],[46.25201,-17.85471],[46.24632,-17.85498],[46.23587,-17.86216],[46.23434,-17.87576],[46.22694,-17.86716],[46.22053,-17.86343],[46.21498,-17.84682],[46.20856,-17.84413],[46.20319,-17.85288],[46.20357,-17.86235],[46.19526,-17.86175],[46.18832,-17.86352],[46.18252,-17.86981],[46.18017,-17.87994],[46.17509,-17.87816],[46.17219,-17.91447],[46.1518,-17.94323],[46.14217,-17.93128],[46.12606,-17.92991],[46.10467,-17.92395],[46.0889,-17.93116],[46.06646,-17.92949],[46.05733,-17.93019],[46.03462,-17.92883],[46.016,-17.9256],[45.98814,-17.9005],[45.9446,-17.88496],[45.94748,-17.8779],[45.94742,-17.86949],[45.94267,-17.8672],[45.94316,-17.85893],[45.94745,-17.85376],[45.94954,-17.83822],[45.95374,-17.83591],[45.96196,-17.82238],[45.96809,-17.81941],[45.97129,-17.81394],[45.96763,-17.79239],[45.96959,-17.76977],[45.96634,-17.76053],[45.96226,-17.75685],[45.96247,-17.74131],[45.96394,-17.7326],[45.96141,-17.72226],[45.95714,-17.71552],[45.94653,-17.71417],[45.93914,-17.71114],[45.93538,-17.70519],[45.9363,-17.70119],[45.93746,-17.67499],[45.93653,-17.67286],[45.94431,-17.6612],[45.93795,-17.62372],[45.93216,-17.60557],[45.93553,-17.59898],[45.93704,-17.5733],[45.93172,-17.57317],[45.92765,-17.56909],[45.92567,-17.55818],[45.93722,-17.55011],[45.93946,-17.55638],[45.9423,-17.55312],[45.95115,-17.55402],[45.95519,-17.54652],[45.9523,-17.54666],[45.92988,-17.50972],[45.92571,-17.49919],[45.92099,-17.49219],[45.90946,-17.46535],[45.89849,-17.43163],[45.89402,-17.4279],[45.88782,-17.4272],[45.8748,-17.43332],[45.86465,-17.44467],[45.85621,-17.43754],[45.85112,-17.44079],[45.83879,-17.4448],[45.8244,-17.44585],[45.81994,-17.44851],[45.81702,-17.45825],[45.81276,-17.46152],[45.79824,-17.46629],[45.78644,-17.46449],[45.77639,-17.45918],[45.75983,-17.45881],[45.75455,-17.46175],[45.75343,-17.4704],[45.73974,-17.46854],[45.73016,-17.46335],[45.72227,-17.46412],[45.71678,-17.46003],[45.70067,-17.46261],[45.67525,-17.45799],[45.6621,-17.45755],[45.65303,-17.4546],[45.64197,-17.45573],[45.6356,-17.46183],[45.62973,-17.46159],[45.61581,-17.45289],[45.60593,-17.45106],[45.60271,-17.44579],[45.59499,-17.44179],[45.58872,-17.43262],[45.59442,-17.42926],[45.59468,-17.41145],[45.59928,-17.40179],[45.59231,-17.38787],[45.58446,-17.38017],[45.57423,-17.3805],[45.57352,-17.37367],[45.56865,-17.36829],[45.57009,-17.3647],[45.6027,-17.35071],[45.61873,-17.33504],[45.63581,-17.31523],[45.65286,-17.30323],[45.65915,-17.27973],[45.64715,-17.25423],[45.63907,-17.24284],[45.62734,-17.23236],[45.61277,-17.21739],[45.62002,-17.20656],[45.61491,-17.19305],[45.61645,-17.17815],[45.63719,-17.16403],[45.64399,-17.14824],[45.6654,-17.12793],[45.67959,-17.08681],[45.67986,-17.00876],[45.67279,-16.97654],[45.67856,-16.95073],[45.68612,-16.95172],[45.69987,-16.94867],[45.72148,-16.95025],[45.72971,-16.95397],[45.74983,-16.95366],[45.75772,-16.95512],[45.7738,-16.95485],[45.78398,-16.95754],[45.78885,-16.96349],[45.79892,-16.96533],[45.8114,-16.97185],[45.81821,-16.97143],[45.82998,-16.97674],[45.8349,-16.97612],[45.8536,-16.98294],[45.86253,-16.99269],[45.87292,-16.99666],[45.87982,-16.9961],[45.89091,-17.00054],[45.8997,-17.00023],[45.90542,-16.99697],[45.90945,-16.99789],[45.91618,-16.99393],[45.92381,-16.9942],[45.92856,-16.99138],[45.93162,-16.99425],[45.94136,-16.99481],[45.95052,-16.99799],[45.95549,-16.99298],[45.96401,-16.9962],[45.97059,-16.99514],[45.98853,-16.98429],[46.00488,-16.99197],[46.01934,-16.99101],[46.02267,-16.97617],[46.02022,-16.96892],[46.02224,-16.96331],[46.02746,-16.95992],[46.03844,-16.95635],[46.04608,-16.93879],[46.05366,-16.93883],[46.06321,-16.9491],[46.06811,-16.94825],[46.06766,-16.93713],[46.06258,-16.93228],[46.06578,-16.92206],[46.0692,-16.92342],[46.07449,-16.91703],[46.07909,-16.92096],[46.08277,-16.91665],[46.08854,-16.9161],[46.09402,-16.92189],[46.1014,-16.91754],[46.10618,-16.91799],[46.10527,-16.92204],[46.09994,-16.92521],[46.10133,-16.93165],[46.10921,-16.93667],[46.10323,-16.94199],[46.10809,-16.94626],[46.11606,-16.94641],[46.11836,-16.95483],[46.11545,-16.9644],[46.10967,-16.96402],[46.10883,-16.96853],[46.11665,-16.96693],[46.12138,-16.97217],[46.12634,-16.98432],[46.12399,-16.98866],[46.13079,-16.99466],[46.1333,-17.00051],[46.12945,-17.00727],[46.12177,-17.00693],[46.12007,-17.01738],[46.12844,-17.02337],[46.12645,-17.03542],[46.1306,-17.03812],[46.13421,-17.05016],[46.14891,-17.05599],[46.15242,-17.06041],[46.15765,-17.05957],[46.16103,-17.06671],[46.16006,-17.07283],[46.16714,-17.08282],[46.16869,-17.09815],[46.16509,-17.10559],[46.16785,-17.11523],[46.16652,-17.12167],[46.17426,-17.1372],[46.1763,-17.14943],[46.18026,-17.15216],[46.18486,-17.14401],[46.18501,-17.13883],[46.19086,-17.13255],[46.19403,-17.12568],[46.20852,-17.10722],[46.2132,-17.1027],[46.22007,-17.10195],[46.22934,-17.10586],[46.23947,-17.10327],[46.24531,-17.09738],[46.2615,-17.09812],[46.26987,-17.08809],[46.27408,-17.0897],[46.27264,-17.10144],[46.27681,-17.10892],[46.27398,-17.1218],[46.27495,-17.1351],[46.2811,-17.15014],[46.28789,-17.15729],[46.29357,-17.1682],[46.29509,-17.18459],[46.30045,-17.19095],[46.30523,-17.20438],[46.30184,-17.20735],[46.30542,-17.21026],[46.30321,-17.23003],[46.29815,-17.24228],[46.30066,-17.25334],[46.29053,-17.27134],[46.29081,-17.27665],[46.30166,-17.27821],[46.32332,-17.27243],[46.3364,-17.26549],[46.34512,-17.26643],[46.35679,-17.26458],[46.36486,-17.26887],[46.37214,-17.26417],[46.38802,-17.25087],[46.40583,-17.24203],[46.41861,-17.23042],[46.43159,-17.21162],[46.43346,-17.1969],[46.43767,-17.19549],[46.44476,-17.18867],[46.45089,-17.18559],[46.45185,-17.17972],[46.44918,-17.17318],[46.45683,-17.17316],[46.45716,-17.15927],[46.46035,-17.15223],[46.45233,-17.14244],[46.45164,-17.13927],[46.45706,-17.13521],[46.46379,-17.13466],[46.47732,-17.12277],[46.47647,-17.11714],[46.46759,-17.11196],[46.46726,-17.10677],[46.46261,-17.08896],[46.46016,-17.06613],[46.46355,-17.05938],[46.46121,-17.05046],[46.46588,-17.03918],[46.46555,-17.02814],[46.46918,-17.0248],[46.46779,-17.01721],[46.47835,-17.01146],[46.48423,-17.00544],[46.48849,-16.99664],[46.49111,-16.98701],[46.50495,-16.99266],[46.5115,-16.99299],[46.51396,-16.98119],[46.52423,-16.9815],[46.53314,-16.9789],[46.53886,-16.98106],[46.55227,-16.99946],[46.55865,-17.00016],[46.56321,-16.99448],[46.57098,-16.99115],[46.57238,-16.98591],[46.57919,-16.98253],[46.58475,-16.97451],[46.5916,-16.96878],[46.59689,-16.96134],[46.59862,-16.95396],[46.59964,-16.93372],[46.59761,-16.926],[46.59283,-16.92304],[46.59189,-16.91562],[46.59866,-16.91145],[46.60907,-16.90897],[46.62471,-16.90049],[46.62463,-16.89476],[46.62786,-16.89064],[46.62943,-16.87531],[46.63207,-16.87056],[46.62898,-16.85799],[46.61723,-16.8387],[46.61901,-16.83363],[46.62634,-16.82514],[46.65588,-16.80141],[46.65809,-16.79549],[46.6568,-16.78726],[46.65861,-16.77271],[46.65344,-16.76455],[46.65964,-16.75989],[46.66162,-16.75285],[46.65645,-16.74373],[46.65676,-16.72885],[46.66564,-16.72731],[46.67563,-16.7138],[46.67745,-16.70725],[46.67575,-16.69591],[46.67877,-16.68636],[46.67734,-16.67839],[46.67726,-16.66436],[46.67436,-16.65599],[46.67791,-16.64272],[46.67676,-16.63162],[46.67926,-16.62249],[46.68455,-16.61768],[46.68779,-16.6089],[46.69445,-16.60378],[46.70021,-16.60237],[46.71274,-16.6164],[46.71876,-16.62027],[46.75119,-16.62427],[46.75926,-16.62385],[46.76818,-16.6207],[46.78166,-16.61268],[46.79683,-16.61749],[46.79974,-16.62122],[46.81295,-16.62582],[46.81974,-16.62549],[46.82707,-16.63035],[46.82898,-16.63605],[46.834,-16.64078],[46.84525,-16.64634],[46.85225,-16.64663],[46.85971,-16.65342],[46.86634,-16.65446],[46.87195,-16.65249],[46.88301,-16.65318],[46.88885,-16.65101],[46.89539,-16.65214],[46.90141,-16.64886],[46.9073,-16.63176],[46.91158,-16.62858],[46.9227,-16.63366],[46.92947,-16.62103],[46.93553,-16.61671],[46.94009,-16.60214],[46.9466,-16.59571],[46.94951,-16.60688],[46.96369,-16.60348],[47.00228,-16.56382],[47.01178,-16.56115],[47.03004,-16.55965],[47.03957,-16.5652],[47.05241,-16.56156],[47.05969,-16.56279],[47.06958,-16.5678],[47.07962,-16.56807],[47.09295,-16.57867],[47.0959,-16.56625],[47.10647,-16.57177],[47.11248,-16.58453],[47.12331,-16.58378],[47.12713,-16.58959],[47.13514,-16.59158],[47.13735,-16.5947],[47.13829,-16.60609],[47.14151,-16.60846],[47.14877,-16.60346],[47.15433,-16.60237],[47.16051,-16.60904],[47.16971,-16.61316],[47.17513,-16.62132],[47.18204,-16.62358],[47.18508,-16.62135],[47.19389,-16.62157],[47.20003,-16.60991],[47.21178,-16.61267],[47.21714,-16.62158],[47.22419,-16.61944],[47.22777,-16.62301],[47.2335,-16.63482],[47.23775,-16.63889],[47.23768,-16.64649],[47.25056,-16.65315],[47.26621,-16.65083],[47.26624,-16.65544],[47.27408,-16.65505],[47.29146,-16.65868],[47.29415,-16.66577],[47.29237,-16.67372],[47.29653,-16.68648],[47.29978,-16.68956],[47.29581,-16.69956],[47.30544,-16.70853],[47.31074,-16.70423],[47.31085,-16.6928],[47.31964,-16.69313],[47.3243,-16.69051],[47.32493,-16.67966],[47.33183,-16.668],[47.33473,-16.66],[47.34262,-16.65374],[47.33655,-16.64265],[47.33584,-16.63816],[47.34196,-16.631],[47.33905,-16.62276],[47.33367,-16.62385],[47.32966,-16.61928],[47.33066,-16.61305],[47.32444,-16.59848],[47.30938,-16.59656],[47.30739,-16.6053],[47.30227,-16.61234],[47.30115,-16.59988],[47.2991,-16.59751],[47.28487,-16.59501],[47.27839,-16.58617],[47.27102,-16.58416],[47.26846,-16.58037],[47.2554,-16.57549],[47.23668,-16.56636],[47.22923,-16.56142],[47.22155,-16.56429],[47.22052,-16.56982],[47.21721,-16.56971],[47.21517,-16.56368],[47.2186,-16.54948],[47.2111,-16.53906],[47.2008,-16.53583],[47.19755,-16.52986],[47.20116,-16.52762],[47.19598,-16.52242],[47.18283,-16.52766],[47.17932,-16.52195],[47.172,-16.52046],[47.16484,-16.5026],[47.16476,-16.49891],[47.17055,-16.49212],[47.16789,-16.48577],[47.17306,-16.47922],[47.18052,-16.48296],[47.18506,-16.48127],[47.1988,-16.46433],[47.20768,-16.45888],[47.22003,-16.46613],[47.23179,-16.46627],[47.23608,-16.46258],[47.23571,-16.44209],[47.23947,-16.42577],[47.24379,-16.42097],[47.25386,-16.41441],[47.26335,-16.40522],[47.2712,-16.39967],[47.2808,-16.39528],[47.28911,-16.39417],[47.29719,-16.39658],[47.30088,-16.39393],[47.29985,-16.3884],[47.29098,-16.38419],[47.29051,-16.37592],[47.29694,-16.37091],[47.29965,-16.36349],[47.30017,-16.35338],[47.3029,-16.34518],[47.31117,-16.33913],[47.32269,-16.33581],[47.3321,-16.33681],[47.33626,-16.33947],[47.34658,-16.35323],[47.3634,-16.37369],[47.37964,-16.39005],[47.38816,-16.40072],[47.39598,-16.40598],[47.40097,-16.41358],[47.40607,-16.41219],[47.41159,-16.4211],[47.42578,-16.41766],[47.43433,-16.41763]]]}},{"type":"Feature","properties":{"code_zone":"MG44","nom_zone":"Melaky","niveau":"Région","code_parent":null,"nom_parent":null},"geometry":{"type":"MultiPolygon","coordinates":[[[[43.93384,-18.57858],[43.94316,-18.57414],[43.94573,-18.57707],[43.94394,-18.58261],[43.93788,-18.58341],[43.93384,-18.57858]]],[[[43.93755,-18.40707],[43.93892,-18.4126],[43.93496,-18.41745],[43.93755,-18.40707]]],[[[44.88266,-16.2148],[44.88941,-16.22519],[44.89007,-16.23036],[44.89488,-16.23305],[44.89609,-16.23785],[44.90234,-16.24098],[44.90205,-16.24679],[44.90619,-16.24783],[44.9074,-16.24337],[44.91958,-16.2447],[44.91865,-16.25399],[44.92357,-16.2567],[44.92316,-16.26297],[44.91931,-16.2589],[44.91487,-16.26086],[44.91207,-16.26818],[44.90942,-16.28575],[44.91252,-16.30327],[44.91857,-16.32271],[44.92693,-16.33758],[44.92857,-16.34843],[44.92804,-16.37057],[44.92649,-16.38251],[44.91873,-16.40813],[44.92115,-16.41411],[44.9342,-16.42158],[44.94238,-16.4386],[44.94264,-16.46129],[44.93889,-16.47532],[44.94082,-16.48555],[44.95083,-16.50301],[44.96055,-16.50149],[44.97039,-16.50191],[44.97833,-16.50577],[44.9856,-16.51396],[44.99395,-16.51859],[44.99909,-16.513],[45.00306,-16.5176],[45.0019,-16.52743],[45.01032,-16.53439],[45.0083,-16.54966],[44.99949,-16.55838],[44.99506,-16.56609],[45.00087,-16.56788],[45.01911,-16.56792],[45.027,-16.57452],[45.03913,-16.57025],[45.0442,-16.57486],[45.04779,-16.58226],[45.0525,-16.58581],[45.06535,-16.57253],[45.07297,-16.56674],[45.0792,-16.57811],[45.08903,-16.58211],[45.09016,-16.586],[45.10244,-16.59953],[45.1092,-16.6048],[45.12245,-16.60814],[45.12801,-16.61153],[45.12715,-16.62078],[45.13024,-16.62782],[45.13619,-16.62565],[45.14036,-16.63266],[45.15184,-16.63406],[45.16111,-16.62871],[45.16983,-16.63126],[45.17618,-16.62648],[45.18178,-16.62545],[45.18832,-16.63023],[45.18966,-16.63769],[45.20755,-16.65021],[45.20558,-16.65595],[45.21015,-16.66101],[45.2092,-16.66752],[45.21248,-16.67876],[45.21929,-16.67724],[45.22094,-16.68384],[45.22789,-16.67532],[45.2312,-16.67953],[45.23467,-16.67478],[45.23865,-16.68114],[45.24524,-16.67717],[45.25086,-16.67952],[45.25625,-16.67712],[45.26279,-16.68125],[45.26469,-16.67616],[45.26971,-16.67596],[45.27332,-16.68356],[45.27213,-16.69141],[45.26927,-16.6938],[45.26761,-16.70227],[45.27154,-16.70479],[45.2697,-16.70881],[45.26501,-16.70817],[45.2674,-16.71567],[45.27296,-16.71443],[45.26999,-16.73151],[45.26427,-16.73665],[45.26666,-16.73917],[45.26315,-16.74315],[45.26782,-16.74911],[45.26926,-16.75564],[45.27612,-16.75769],[45.27853,-16.76908],[45.28254,-16.77135],[45.27992,-16.77636],[45.28302,-16.77805],[45.28227,-16.79236],[45.28767,-16.79316],[45.29666,-16.80329],[45.30069,-16.79802],[45.30286,-16.80233],[45.31065,-16.80614],[45.32072,-16.8059],[45.34672,-16.81532],[45.36296,-16.82821],[45.36745,-16.84203],[45.37261,-16.85147],[45.38334,-16.85498],[45.40368,-16.8542],[45.41396,-16.8567],[45.42956,-16.86556],[45.44437,-16.87772],[45.4503,-16.88857],[45.45738,-16.91887],[45.45637,-16.93157],[45.46096,-16.94298],[45.47154,-16.95327],[45.46457,-16.96939],[45.46751,-16.98008],[45.48592,-16.98464],[45.4922,-16.9877],[45.50045,-16.98452],[45.5078,-16.9869],[45.50943,-16.9908],[45.51705,-16.99459],[45.52115,-17.00035],[45.50668,-17.01455],[45.50002,-17.02269],[45.50307,-17.0295],[45.49575,-17.03499],[45.48956,-17.03258],[45.48633,-17.03935],[45.48313,-17.035],[45.48132,-17.0447],[45.49171,-17.06949],[45.49176,-17.07349],[45.48558,-17.0852],[45.48123,-17.0895],[45.4956,-17.10938],[45.49493,-17.11615],[45.48797,-17.12058],[45.48993,-17.13091],[45.48413,-17.14043],[45.48445,-17.14593],[45.49338,-17.16684],[45.5011,-17.17943],[45.50803,-17.19488],[45.50513,-17.19697],[45.50837,-17.20481],[45.50586,-17.21342],[45.50899,-17.222],[45.50617,-17.23298],[45.50722,-17.23909],[45.51152,-17.24678],[45.51091,-17.25629],[45.51573,-17.26244],[45.52645,-17.26519],[45.53173,-17.27708],[45.53376,-17.29177],[45.52656,-17.30113],[45.52731,-17.30979],[45.52104,-17.31959],[45.53237,-17.33235],[45.5523,-17.33515],[45.55358,-17.34625],[45.56124,-17.34866],[45.56262,-17.35469],[45.57093,-17.35998],[45.57009,-17.3647],[45.56865,-17.36829],[45.57352,-17.37367],[45.57423,-17.3805],[45.58446,-17.38017],[45.59231,-17.38787],[45.59928,-17.40179],[45.59468,-17.41145],[45.59442,-17.42926],[45.58872,-17.43262],[45.59499,-17.44179],[45.60271,-17.44579],[45.60593,-17.45106],[45.61581,-17.45289],[45.62973,-17.46159],[45.6356,-17.46183],[45.64197,-17.45573],[45.65303,-17.4546],[45.6621,-17.45755],[45.67525,-17.45799],[45.70067,-17.46261],[45.71678,-17.46003],[45.72227,-17.46412],[45.73016,-17.46335],[45.73974,-17.46854],[45.75343,-17.4704],[45.75455,-17.46175],[45.75983,-17.45881],[45.77639,-17.45918],[45.78644,-17.46449],[45.79824,-17.46629],[45.81276,-17.46152],[45.81702,-17.45825],[45.81994,-17.44851],[45.8244,-17.44585],[45.83879,-17.4448],[45.85112,-17.44079],[45.85621,-17.43754],[45.86465,-17.44467],[45.8748,-17.43332],[45.88782,-17.4272],[45.89402,-17.4279],[45.89849,-17.43163],[45.90946,-17.46535],[45.92099,-17.49219],[45.92571,-17.49919],[45.92988,-17.50972],[45.9523,-17.54666],[45.95519,-17.54652],[45.95115,-17.55402],[45.9423,-17.55312],[45.93946,-17.55638],[45.93722,-17.55011],[45.92567,-17.55818],[45.92765,-17.56909],[45.93172,-17.57317],[45.93704,-17.5733],[45.93553,-17.59898],[45.93216,-17.60557],[45.93795,-17.62372],[45.94431,-17.6612],[45.93653,-17.67286],[45.93746,-17.67499],[45.9363,-17.70119],[45.93538,-17.70519],[45.93914,-17.71114],[45.94653,-17.71417],[45.95714,-17.71552],[45.96141,-17.72226],[45.96394,-17.7326],[45.96247,-17.74131],[45.96226,-17.75685],[45.96634,-17.76053],[45.96959,-17.76977],[45.96763,-17.79239],[45.97129,-17.81394],[45.96809,-17.81941],[45.96196,-17.82238],[45.95374,-17.83591],[45.94954,-17.83822],[45.94745,-17.85376],[45.94316,-17.85893],[45.94267,-17.8672],[45.94742,-17.86949],[45.94748,-17.8779],[45.9446,-17.88496],[45.94493,-17.89077],[45.95175,-17.89757],[45.94678,-17.9034],[45.94519,-17.9166],[45.94794,-17.92441],[45.94523,-17.93094],[45.93866,-17.93989],[45.93193,-17.94527],[45.92952,-17.95336],[45.93636,-17.95698],[45.92979,-17.96487],[45.93095,-17.97043],[45.92613,-17.97529],[45.91918,-17.97329],[45.91616,-17.97835],[45.90297,-17.98804],[45.89928,-17.99573],[45.88521,-17.99656],[45.89301,-18.0051],[45.89265,-18.01376],[45.88726,-18.016],[45.88535,-18.01216],[45.867,-18.00748],[45.86018,-18.00911],[45.86085,-18.00029],[45.84226,-17.99799],[45.83881,-18.00613],[45.83354,-18.00926],[45.83391,-18.01342],[45.83012,-18.01986],[45.82452,-18.01629],[45.82233,-18.02158],[45.81746,-18.01738],[45.81326,-18.0226],[45.80507,-18.01871],[45.79515,-18.0237],[45.79883,-18.02994],[45.80085,-18.03868],[45.79323,-18.0327],[45.79499,-18.03864],[45.7895,-18.04545],[45.77745,-18.0426],[45.77005,-18.04556],[45.77622,-18.05074],[45.76937,-18.0532],[45.76676,-18.07378],[45.75973,-18.07394],[45.7544,-18.07055],[45.75302,-18.06618],[45.74586,-18.07634],[45.73709,-18.07421],[45.73705,-18.07845],[45.73259,-18.07972],[45.73046,-18.07471],[45.72208,-18.07204],[45.71937,-18.07852],[45.72421,-18.08193],[45.71545,-18.08163],[45.71146,-18.08453],[45.69777,-18.08056],[45.68486,-18.08697],[45.67993,-18.08493],[45.6798,-18.08105],[45.67172,-18.08106],[45.67355,-18.08574],[45.66292,-18.08467],[45.66699,-18.08821],[45.66667,-18.09399],[45.65942,-18.09354],[45.66415,-18.09841],[45.65381,-18.09793],[45.65235,-18.09287],[45.64897,-18.09511],[45.65132,-18.10156],[45.647,-18.10441],[45.64766,-18.09682],[45.64389,-18.10381],[45.63882,-18.10618],[45.63459,-18.10182],[45.62966,-18.10498],[45.6318,-18.11225],[45.62774,-18.11679],[45.61441,-18.11943],[45.61369,-18.12505],[45.61758,-18.12827],[45.61189,-18.13553],[45.60685,-18.13751],[45.60697,-18.14408],[45.60277,-18.14702],[45.60423,-18.15159],[45.59958,-18.1573],[45.59998,-18.17823],[45.60226,-18.18337],[45.59999,-18.18693],[45.59926,-18.20145],[45.59552,-18.20218],[45.59309,-18.21269],[45.57383,-18.2181],[45.57444,-18.22213],[45.552,-18.23762],[45.55033,-18.24992],[45.5379,-18.25332],[45.52994,-18.24857],[45.52996,-18.24498],[45.51283,-18.23516],[45.50908,-18.23514],[45.49751,-18.24072],[45.48756,-18.24375],[45.48456,-18.25245],[45.48612,-18.26272],[45.48851,-18.26606],[45.49843,-18.26816],[45.49922,-18.27201],[45.49192,-18.28095],[45.48938,-18.29193],[45.48889,-18.30674],[45.49834,-18.30967],[45.50757,-18.31587],[45.50734,-18.32145],[45.50037,-18.32755],[45.49281,-18.32847],[45.48569,-18.34286],[45.47456,-18.35193],[45.45488,-18.36048],[45.44481,-18.36043],[45.43931,-18.35559],[45.42777,-18.3488],[45.4253,-18.3411],[45.4178,-18.33241],[45.41025,-18.33141],[45.40072,-18.32607],[45.3816,-18.32548],[45.36853,-18.32348],[45.36353,-18.31769],[45.36441,-18.30286],[45.35462,-18.29916],[45.34618,-18.28851],[45.3409,-18.28813],[45.3372,-18.28002],[45.33323,-18.27884],[45.32362,-18.28385],[45.31743,-18.28366],[45.30405,-18.2748],[45.29298,-18.2618],[45.28516,-18.26077],[45.2543,-18.24969],[45.24999,-18.23727],[45.24338,-18.23471],[45.23862,-18.22925],[45.2362,-18.22259],[45.22096,-18.21919],[45.21259,-18.21971],[45.1976,-18.21545],[45.19244,-18.20969],[45.18249,-18.21108],[45.17657,-18.20757],[45.17148,-18.20804],[45.16737,-18.21389],[45.16862,-18.2213],[45.16568,-18.22422],[45.1553,-18.22406],[45.14709,-18.23093],[45.14338,-18.24093],[45.13655,-18.23613],[45.13302,-18.23978],[45.12842,-18.23697],[45.12144,-18.24197],[45.11587,-18.24228],[45.11,-18.24596],[45.11195,-18.25216],[45.10494,-18.25617],[45.10395,-18.26186],[45.09555,-18.25848],[45.08759,-18.24784],[45.07667,-18.23948],[45.07725,-18.23197],[45.07191,-18.2247],[45.07318,-18.21621],[45.07085,-18.21171],[45.06125,-18.20686],[45.05321,-18.20496],[45.04946,-18.20852],[45.04493,-18.21843],[45.04083,-18.21353],[45.04516,-18.20539],[45.04524,-18.19934],[45.0391,-18.1945],[45.03741,-18.18941],[45.02577,-18.18946],[45.02026,-18.18643],[45.01311,-18.18615],[45.01035,-18.19278],[45.00489,-18.19481],[45.00036,-18.20888],[45.00084,-18.21504],[44.99222,-18.21079],[44.98515,-18.21067],[44.9766,-18.21652],[44.97247,-18.22576],[44.96727,-18.23277],[44.95265,-18.24244],[44.9455,-18.243],[44.94193,-18.25028],[44.93482,-18.25603],[44.93336,-18.26178],[44.92989,-18.26226],[44.92126,-18.27279],[44.91894,-18.28013],[44.91444,-18.28636],[44.91663,-18.29135],[44.91459,-18.30223],[44.90525,-18.29766],[44.89783,-18.2999],[44.88722,-18.29694],[44.88654,-18.3067],[44.88036,-18.31288],[44.86229,-18.31884],[44.85821,-18.31818],[44.8448,-18.32375],[44.83234,-18.32306],[44.82733,-18.32503],[44.81237,-18.34766],[44.80975,-18.35949],[44.80095,-18.36542],[44.80313,-18.37347],[44.80905,-18.38002],[44.8133,-18.39733],[44.82345,-18.4076],[44.83389,-18.42651],[44.8456,-18.44355],[44.85077,-18.44779],[44.85188,-18.46702],[44.87488,-18.50452],[44.8738,-18.51059],[44.87969,-18.5172],[44.89118,-18.55863],[44.89032,-18.56322],[44.89322,-18.58833],[44.89962,-18.59165],[44.90148,-18.60308],[44.89912,-18.61192],[44.89966,-18.62101],[44.90357,-18.64109],[44.91067,-18.6422],[44.91593,-18.64737],[44.91543,-18.66199],[44.91701,-18.66785],[44.92397,-18.67543],[44.93081,-18.67671],[44.93952,-18.69222],[44.94513,-18.69205],[44.94993,-18.69847],[44.95647,-18.70253],[44.95677,-18.69836],[44.96703,-18.70031],[44.97144,-18.70956],[44.96395,-18.71828],[44.95864,-18.72931],[44.94976,-18.73827],[44.94818,-18.73405],[44.94425,-18.73535],[44.94322,-18.74105],[44.9566,-18.7647],[44.95986,-18.76661],[44.96722,-18.7636],[44.97219,-18.75425],[44.98322,-18.76567],[44.98016,-18.77814],[44.99021,-18.79512],[45.00015,-18.80524],[45.00641,-18.81769],[45.00902,-18.8302],[45.00863,-18.84146],[45.01368,-18.85332],[45.00711,-18.86432],[44.99607,-18.87182],[44.99868,-18.87708],[44.99755,-18.88396],[44.98968,-18.88661],[44.98434,-18.89093],[44.97578,-18.89188],[44.97199,-18.91032],[44.97709,-18.93056],[44.97597,-18.93946],[44.98193,-18.95185],[44.99941,-18.95667],[45.001,-18.95031],[45.00529,-18.94476],[45.0146,-18.94324],[45.03011,-18.96468],[45.03635,-18.98112],[45.04152,-18.98698],[45.04357,-18.99758],[45.0404,-19.01156],[45.04373,-19.03258],[45.04957,-19.04165],[45.05788,-19.04899],[45.05429,-19.06057],[45.063,-19.07623],[45.06288,-19.08691],[45.06032,-19.09356],[45.05446,-19.1],[45.05138,-19.10662],[45.04419,-19.11227],[45.03036,-19.11756],[45.02494,-19.12189],[45.0245,-19.13781],[45.03595,-19.15682],[45.03161,-19.16759],[45.03369,-19.17875],[45.04161,-19.17802],[45.05132,-19.18029],[45.06227,-19.19022],[45.06669,-19.18651],[45.07352,-19.18508],[45.08026,-19.19013],[45.0894,-19.20818],[45.10229,-19.21993],[45.11146,-19.23307],[45.12065,-19.23731],[45.10465,-19.24624],[45.09578,-19.24764],[45.09025,-19.25706],[45.07622,-19.25867],[45.06752,-19.2538],[45.05988,-19.26081],[45.04865,-19.26169],[45.04557,-19.25204],[45.03751,-19.25329],[45.03551,-19.26266],[45.02227,-19.26514],[45.01989,-19.27185],[45.01699,-19.26872],[45.00825,-19.27025],[44.99979,-19.26409],[44.98942,-19.26945],[44.9784,-19.27131],[44.96425,-19.2637],[44.95304,-19.26909],[44.94639,-19.26847],[44.92216,-19.27116],[44.91777,-19.27394],[44.91363,-19.28171],[44.89233,-19.2812],[44.88644,-19.29457],[44.88671,-19.30221],[44.88023,-19.31115],[44.87254,-19.31393],[44.84846,-19.31484],[44.83804,-19.31282],[44.83009,-19.30513],[44.82493,-19.30469],[44.82014,-19.29049],[44.82215,-19.2868],[44.81604,-19.28271],[44.80788,-19.28308],[44.79881,-19.26564],[44.79432,-19.26346],[44.78693,-19.2523],[44.78075,-19.24783],[44.77895,-19.23602],[44.78044,-19.23124],[44.77703,-19.22614],[44.76418,-19.22083],[44.76034,-19.21582],[44.75068,-19.22284],[44.73348,-19.21268],[44.72727,-19.20695],[44.73422,-19.19847],[44.73533,-19.18924],[44.71993,-19.18807],[44.70233,-19.19824],[44.69189,-19.19706],[44.67846,-19.19736],[44.67151,-19.19567],[44.65931,-19.19004],[44.644,-19.18486],[44.63013,-19.17331],[44.60978,-19.16814],[44.58765,-19.16912],[44.58179,-19.16812],[44.57181,-19.17036],[44.55465,-19.17199],[44.5462,-19.16707],[44.5335,-19.16777],[44.53017,-19.16093],[44.52314,-19.1575],[44.51163,-19.15612],[44.50136,-19.1722],[44.49275,-19.16987],[44.48127,-19.17223],[44.47459,-19.16752],[44.44517,-19.16521],[44.43792,-19.16553],[44.4217,-19.16886],[44.41465,-19.16511],[44.40547,-19.17178],[44.40865,-19.17792],[44.40324,-19.17601],[44.39491,-19.17678],[44.38843,-19.17469],[44.38329,-19.17677],[44.38051,-19.17303],[44.36658,-19.16611],[44.34948,-19.1689],[44.34986,-19.16429],[44.34072,-19.17022],[44.32458,-19.17225],[44.31474,-19.16957],[44.30791,-19.16149],[44.2951,-19.1655],[44.28336,-19.16085],[44.27291,-19.15087],[44.28165,-19.14761],[44.27762,-19.14296],[44.27699,-19.13628],[44.28191,-19.13129],[44.2752,-19.12729],[44.27698,-19.12203],[44.28432,-19.11616],[44.28586,-19.1102],[44.28068,-19.11725],[44.27161,-19.12517],[44.27171,-19.13437],[44.27475,-19.14038],[44.273,-19.1445],[44.26623,-19.14418],[44.26808,-19.13501],[44.25917,-19.11673],[44.24928,-19.10049],[44.24962,-19.09406],[44.2535,-19.09343],[44.26279,-19.10184],[44.26666,-19.10212],[44.2605,-19.09398],[44.25403,-19.09045],[44.24217,-19.09188],[44.2347,-19.07523],[44.22856,-19.06618],[44.24104,-19.07164],[44.24853,-19.07175],[44.25635,-19.06588],[44.26132,-19.05745],[44.25183,-19.06122],[44.2419,-19.06293],[44.23547,-19.05732],[44.2361,-19.0633],[44.2325,-19.06164],[44.23045,-19.05402],[44.23656,-19.03435],[44.23732,-19.01735],[44.23479,-19.00904],[44.23703,-18.98976],[44.23445,-18.96949],[44.23326,-18.95316],[44.23399,-18.93754],[44.23705,-18.94241],[44.24018,-18.95878],[44.23886,-18.96565],[44.24427,-18.974],[44.24433,-18.98596],[44.24832,-18.9782],[44.24513,-18.96632],[44.25353,-18.96931],[44.24734,-18.96324],[44.26183,-18.96368],[44.2742,-18.97535],[44.27806,-18.9754],[44.27188,-18.9698],[44.26646,-18.96121],[44.25468,-18.95783],[44.24609,-18.95128],[44.24241,-18.92433],[44.24402,-18.91378],[44.2437,-18.90367],[44.2523,-18.89959],[44.2448,-18.8954],[44.24167,-18.8795],[44.24131,-18.87168],[44.24426,-18.8685],[44.25342,-18.86909],[44.25708,-18.86615],[44.25963,-18.85746],[44.25935,-18.82895],[44.25768,-18.81238],[44.2527,-18.79162],[44.24495,-18.77795],[44.23735,-18.75532],[44.22715,-18.7299],[44.21733,-18.70999],[44.21202,-18.69543],[44.21416,-18.68995],[44.22117,-18.69602],[44.22861,-18.7136],[44.23502,-18.71967],[44.25262,-18.71945],[44.25693,-18.72158],[44.26331,-18.72948],[44.26485,-18.73939],[44.26709,-18.73482],[44.26244,-18.72304],[44.25482,-18.71718],[44.24205,-18.71724],[44.23607,-18.71439],[44.2297,-18.70534],[44.22955,-18.69936],[44.22295,-18.69031],[44.21948,-18.68129],[44.21444,-18.67962],[44.21461,-18.68421],[44.20772,-18.68822],[44.20368,-18.68507],[44.19757,-18.6642],[44.18168,-18.63375],[44.17084,-18.61887],[44.15697,-18.59624],[44.16372,-18.59022],[44.1635,-18.58213],[44.15608,-18.57],[44.14121,-18.55069],[44.1375,-18.54307],[44.1424,-18.54032],[44.14294,-18.53527],[44.13531,-18.5283],[44.13338,-18.52897],[44.14101,-18.53618],[44.14,-18.5403],[44.1347,-18.53956],[44.12881,-18.52778],[44.11954,-18.51689],[44.11896,-18.50539],[44.11377,-18.49591],[44.10353,-18.48547],[44.09112,-18.47477],[44.06879,-18.44903],[44.05442,-18.42245],[44.05941,-18.42204],[44.04568,-18.4088],[44.03959,-18.39517],[44.042,-18.39475],[44.05176,-18.4038],[44.05759,-18.39973],[44.06031,-18.39333],[44.05496,-18.39833],[44.04373,-18.39062],[44.04278,-18.3697],[44.0481,-18.36838],[44.04875,-18.37459],[44.05331,-18.37601],[44.04862,-18.36539],[44.0427,-18.35775],[44.04879,-18.35138],[44.05089,-18.33761],[44.05109,-18.31062],[44.05018,-18.29504],[44.05042,-18.26952],[44.04399,-18.23473],[44.04671,-18.23387],[44.05305,-18.24042],[44.05563,-18.24596],[44.0647,-18.25134],[44.07334,-18.25281],[44.06261,-18.24581],[44.05661,-18.24413],[44.05819,-18.2322],[44.05309,-18.23697],[44.04976,-18.23372],[44.04447,-18.21602],[44.04535,-18.20104],[44.04196,-18.18263],[44.03497,-18.16416],[44.03479,-18.15956],[44.04074,-18.16468],[44.04587,-18.15807],[44.05524,-18.15909],[44.0623,-18.1518],[44.05383,-18.15586],[44.03366,-18.15358],[44.0298,-18.13492],[44.0188,-18.11091],[44.02055,-18.10542],[44.02714,-18.11721],[44.02816,-18.12692],[44.03397,-18.12785],[44.03818,-18.12492],[44.03068,-18.1216],[44.03034,-18.11126],[44.02605,-18.10777],[44.02634,-18.1034],[44.02111,-18.09898],[44.02082,-18.08335],[44.02391,-18.08569],[44.02447,-18.07971],[44.01973,-18.07294],[44.01369,-18.03755],[44.01273,-18.01846],[44.01427,-18.00998],[44.01304,-17.9925],[44.01198,-17.96193],[44.00997,-17.94973],[44.0099,-17.93548],[44.01254,-17.93574],[44.01368,-17.96034],[44.01692,-17.95049],[44.01498,-17.93277],[44.01155,-17.91918],[44.01114,-17.91206],[44.01776,-17.90132],[44.03409,-17.90103],[44.0164,-17.89533],[44.01548,-17.89142],[44.01874,-17.88019],[44.02031,-17.86917],[44.03044,-17.86515],[44.03386,-17.86058],[44.03755,-17.83327],[44.03601,-17.82131],[44.03847,-17.80802],[44.02871,-17.77557],[44.02405,-17.76536],[44.01579,-17.75777],[44.00267,-17.74216],[43.99128,-17.74308],[43.97418,-17.73795],[43.96111,-17.72693],[43.95219,-17.71132],[43.95252,-17.70331],[43.95693,-17.6993],[43.95375,-17.68382],[43.95441,-17.664],[43.95135,-17.6521],[43.95353,-17.64785],[43.94894,-17.64095],[43.94127,-17.61974],[43.93915,-17.60368],[43.93524,-17.5852],[43.93516,-17.57461],[43.92983,-17.55787],[43.93008,-17.53981],[43.93184,-17.53576],[43.92952,-17.51137],[43.93031,-17.50563],[43.93462,-17.50522],[43.941,-17.51241],[43.94931,-17.51847],[43.94998,-17.52238],[43.94603,-17.53153],[43.94695,-17.53521],[43.95336,-17.53942],[43.96124,-17.54111],[43.95613,-17.54772],[43.95942,-17.55304],[43.9649,-17.55585],[43.9733,-17.5548],[43.97034,-17.56212],[43.97616,-17.55574],[43.97452,-17.55251],[43.96421,-17.55309],[43.95972,-17.54799],[43.96507,-17.54207],[43.96367,-17.53861],[43.95248,-17.53252],[43.95365,-17.51598],[43.93046,-17.49369],[43.93774,-17.48595],[43.94518,-17.46443],[43.95474,-17.4466],[43.95894,-17.43516],[43.97044,-17.41115],[43.97719,-17.40099],[43.98118,-17.40919],[43.98601,-17.38861],[44.00045,-17.35057],[44.00609,-17.34142],[44.01005,-17.34461],[44.01699,-17.35602],[44.01697,-17.3625],[44.02006,-17.35762],[44.0295,-17.35609],[44.03214,-17.35156],[44.03204,-17.33502],[44.02981,-17.33802],[44.02887,-17.35258],[44.02404,-17.35462],[44.01868,-17.34892],[44.02084,-17.33174],[44.02002,-17.32691],[44.0317,-17.31366],[44.0569,-17.27461],[44.07219,-17.25489],[44.07225,-17.25983],[44.06506,-17.26622],[44.06345,-17.27356],[44.07316,-17.2628],[44.08614,-17.24072],[44.08436,-17.23641],[44.09058,-17.22868],[44.09777,-17.20969],[44.09842,-17.19355],[44.10136,-17.18552],[44.11316,-17.17572],[44.11406,-17.18374],[44.11839,-17.1839],[44.11883,-17.17568],[44.11415,-17.16793],[44.10518,-17.17338],[44.09602,-17.18546],[44.1003,-17.16392],[44.09938,-17.15792],[44.11155,-17.15336],[44.12244,-17.14658],[44.11731,-17.14724],[44.12772,-17.12281],[44.13445,-17.10903],[44.14418,-17.09578],[44.14668,-17.10491],[44.15425,-17.10439],[44.16407,-17.0934],[44.18275,-17.06915],[44.19981,-17.03713],[44.20776,-17.03593],[44.2113,-17.03205],[44.22755,-17.00253],[44.23252,-16.99031],[44.23817,-16.98062],[44.24287,-16.96932],[44.24882,-16.96653],[44.2512,-16.95667],[44.25602,-16.94801],[44.26246,-16.9464],[44.26536,-16.93992],[44.27496,-16.9252],[44.2814,-16.91137],[44.28426,-16.89995],[44.29074,-16.89079],[44.30056,-16.87033],[44.30342,-16.86982],[44.31062,-16.85934],[44.31379,-16.85009],[44.32045,-16.84251],[44.32969,-16.83609],[44.33722,-16.82269],[44.34203,-16.80644],[44.34203,-16.8012],[44.34763,-16.7888],[44.34996,-16.79181],[44.35812,-16.78853],[44.37468,-16.77463],[44.38573,-16.74958],[44.40035,-16.73168],[44.41216,-16.72109],[44.41586,-16.72179],[44.42344,-16.71824],[44.43068,-16.70635],[44.43317,-16.69847],[44.4293,-16.69816],[44.43455,-16.69313],[44.4354,-16.67202],[44.43783,-16.6691],[44.43637,-16.65653],[44.43345,-16.6499],[44.42935,-16.62654],[44.42152,-16.60848],[44.41641,-16.59964],[44.40698,-16.57797],[44.40606,-16.57308],[44.41505,-16.54888],[44.41804,-16.54408],[44.42284,-16.54303],[44.42397,-16.55345],[44.42074,-16.56155],[44.41974,-16.57418],[44.42385,-16.57334],[44.43255,-16.56011],[44.44374,-16.55302],[44.45453,-16.5507],[44.45706,-16.54597],[44.46122,-16.52346],[44.46889,-16.49813],[44.46726,-16.48775],[44.45584,-16.46443],[44.44611,-16.45375],[44.44379,-16.44561],[44.43806,-16.4362],[44.44239,-16.43728],[44.43965,-16.43078],[44.42661,-16.40766],[44.42601,-16.39836],[44.42029,-16.38598],[44.40676,-16.36962],[44.40186,-16.35679],[44.40329,-16.337],[44.40536,-16.33486],[44.40275,-16.32547],[44.4034,-16.32018],[44.41059,-16.3046],[44.41896,-16.304],[44.42544,-16.29393],[44.43305,-16.27475],[44.43504,-16.26285],[44.43959,-16.25034],[44.43919,-16.2426],[44.43414,-16.23985],[44.44243,-16.23503],[44.4414,-16.23028],[44.44559,-16.22987],[44.44292,-16.22511],[44.44408,-16.21559],[44.43894,-16.21062],[44.44137,-16.19685],[44.43689,-16.19564],[44.4395,-16.19231],[44.45076,-16.1872],[44.45483,-16.18971],[44.457,-16.18326],[44.46469,-16.18462],[44.47497,-16.18218],[44.48144,-16.17592],[44.49083,-16.18075],[44.50238,-16.18266],[44.51364,-16.18295],[44.51884,-16.18111],[44.52334,-16.18358],[44.55815,-16.18832],[44.57502,-16.18854],[44.60852,-16.19146],[44.61713,-16.18889],[44.62781,-16.19877],[44.6351,-16.19963],[44.65062,-16.19856],[44.65288,-16.19998],[44.66988,-16.19635],[44.67695,-16.1961],[44.6856,-16.20011],[44.70959,-16.20408],[44.72167,-16.20175],[44.73541,-16.20383],[44.76952,-16.20065],[44.78342,-16.20045],[44.79281,-16.20287],[44.79624,-16.20106],[44.80212,-16.21175],[44.79582,-16.21763],[44.79679,-16.22604],[44.80834,-16.228],[44.80905,-16.22444],[44.81538,-16.22745],[44.81545,-16.22026],[44.81928,-16.22357],[44.82244,-16.21725],[44.83236,-16.2171],[44.83459,-16.21997],[44.84303,-16.21403],[44.84969,-16.21819],[44.85849,-16.2085],[44.86678,-16.20823],[44.86898,-16.20038],[44.88266,-16.2148]]]]}},{"type":"Feature","properties":{"code_zone":"MG51","nom_zone":"Atsimo Andrefana","niveau":"Région","code_parent":null,"nom_parent":null},"geometry":{"type":"MultiPolygon","coordinates":[[[[43.23726,-22.18139],[43.23773,-22.17563],[43.24412,-22.16695],[43.25332,-22.16898],[43.25098,-22.17437],[43.25582,-22.1772],[43.24979,-22.18208],[43.23726,-22.18139]]],[[[43.17802,-22.12132],[43.17692,-22.1061],[43.18002,-22.09238],[43.17865,-22.08949],[43.18563,-22.078],[43.19343,-22.07681],[43.19646,-22.09592],[43.19575,-22.10172],[43.19071,-22.11218],[43.19097,-22.12211],[43.18357,-22.12653],[43.17802,-22.12132]]],[[[43.18726,-22.06113],[43.19545,-22.05547],[43.19574,-22.06827],[43.18648,-22.07023],[43.18726,-22.06113]]],[[[43.23415,-22.03085],[43.229,-22.02911],[43.23114,-22.02207],[43.23605,-22.02251],[43.23415,-22.03085]]],[[[43.23677,-22.02313],[43.23787,-22.02164],[43.23801,-22.02367],[43.23677,-22.02313]]],[[[43.23595,-22.02052],[43.23764,-22.01766],[43.23846,-22.02009],[43.23595,-22.02052]]],[[[43.24127,-22.01475],[43.24238,-22.01477],[43.24156,-22.01592],[43.24127,-22.01475]]],[[[43.2333,-22.00868],[43.23423,-22.00814],[43.23437,-22.01022],[43.2333,-22.00868]]],[[[43.24022,-21.99489],[43.24313,-21.99803],[43.24039,-21.99824],[43.24022,-21.99489]]],[[[43.20639,-21.95196],[43.21025,-21.95341],[43.20566,-21.95835],[43.20639,-21.95196]]],[[[43.27357,-21.91499],[43.27437,-21.91503],[43.27367,-21.91561],[43.27357,-21.91499]]],[[[43.27352,-21.91236],[43.27428,-21.91248],[43.27359,-21.91284],[43.27352,-21.91236]]],[[[43.28699,-21.88691],[43.28756,-21.88592],[43.28771,-21.88675],[43.28699,-21.88691]]],[[[43.28781,-21.88311],[43.28872,-21.88311],[43.28794,-21.88369],[43.28781,-21.88311]]],[[[43.30928,-21.87592],[43.30988,-21.87361],[43.31007,-21.87683],[43.30928,-21.87592]]],[[[43.28862,-21.86904],[43.28981,-21.86662],[43.29114,-21.86919],[43.28862,-21.86904]]],[[[43.2977,-21.85481],[43.29808,-21.85555],[43.2975,-21.85584],[43.2977,-21.85481]]],[[[43.29977,-21.83723],[43.30021,-21.83688],[43.30043,-21.83743],[43.29977,-21.83723]]],[[[43.29268,-21.83905],[43.29386,-21.83663],[43.29519,-21.83919],[43.29268,-21.83905]]],[[[43.30013,-21.83566],[43.30015,-21.83441],[43.3007,-21.83526],[43.30013,-21.83566]]],[[[43.30091,-21.83188],[43.30188,-21.83233],[43.30046,-21.83364],[43.30091,-21.83188]]],[[[43.29956,-21.8276],[43.30007,-21.82773],[43.29967,-21.82827],[43.29956,-21.8276]]],[[[43.29171,-21.82042],[43.29332,-21.82035],[43.29698,-21.83314],[43.29171,-21.82042]]],[[[45.77688,-20.93662],[45.78046,-20.9445],[45.78023,-20.9493],[45.77621,-20.95298],[45.77476,-20.95895],[45.77985,-20.95936],[45.78539,-20.96348],[45.78696,-20.97248],[45.79049,-20.9753],[45.79477,-20.99088],[45.79367,-20.99563],[45.78387,-21.00642],[45.78816,-21.00985],[45.79198,-21.01894],[45.78715,-21.01892],[45.77511,-21.0235],[45.77013,-21.03891],[45.76057,-21.04738],[45.75419,-21.0562],[45.75367,-21.06668],[45.74934,-21.07203],[45.73913,-21.07381],[45.73321,-21.07915],[45.7383,-21.09126],[45.73506,-21.10085],[45.73665,-21.11033],[45.74454,-21.11883],[45.7508,-21.12798],[45.75186,-21.13256],[45.75179,-21.15271],[45.7446,-21.16331],[45.75056,-21.17293],[45.75191,-21.17953],[45.7502,-21.18711],[45.75555,-21.19549],[45.75254,-21.20319],[45.75265,-21.21151],[45.74765,-21.22146],[45.75128,-21.23045],[45.74902,-21.23935],[45.74093,-21.24527],[45.73217,-21.24754],[45.70549,-21.25714],[45.70316,-21.26293],[45.69347,-21.26569],[45.68438,-21.26444],[45.68092,-21.27267],[45.66481,-21.27203],[45.65779,-21.26946],[45.65182,-21.27403],[45.66118,-21.28707],[45.66092,-21.28977],[45.652,-21.29068],[45.65086,-21.28445],[45.64139,-21.28014],[45.63445,-21.28494],[45.62842,-21.29229],[45.62223,-21.29653],[45.62186,-21.30271],[45.61774,-21.31723],[45.60239,-21.31681],[45.59836,-21.31864],[45.59268,-21.31592],[45.58456,-21.31891],[45.58431,-21.32641],[45.58036,-21.33768],[45.58067,-21.3496],[45.58403,-21.36035],[45.57476,-21.36913],[45.57255,-21.37542],[45.57628,-21.38667],[45.5746,-21.39047],[45.56491,-21.39819],[45.57158,-21.40586],[45.56479,-21.41916],[45.56278,-21.43034],[45.54687,-21.44206],[45.53984,-21.44942],[45.53446,-21.45031],[45.52569,-21.46037],[45.52449,-21.46966],[45.52927,-21.47735],[45.53667,-21.48416],[45.53982,-21.49678],[45.53541,-21.50323],[45.53914,-21.51158],[45.53434,-21.51351],[45.52771,-21.50492],[45.52166,-21.50647],[45.5225,-21.52609],[45.52569,-21.53552],[45.52796,-21.55257],[45.53257,-21.57044],[45.53347,-21.5787],[45.54344,-21.59775],[45.54591,-21.60825],[45.55159,-21.612],[45.54838,-21.61921],[45.5442,-21.6155],[45.53843,-21.61525],[45.53302,-21.6195],[45.52531,-21.61936],[45.51171,-21.62342],[45.50885,-21.6309],[45.51477,-21.63734],[45.51653,-21.64665],[45.52286,-21.65088],[45.5272,-21.65695],[45.5271,-21.66275],[45.53966,-21.67975],[45.53758,-21.68152],[45.52734,-21.67763],[45.52219,-21.67829],[45.50497,-21.67691],[45.50035,-21.68023],[45.49383,-21.6786],[45.48103,-21.6699],[45.46989,-21.67861],[45.47109,-21.68353],[45.45764,-21.6926],[45.44565,-21.69161],[45.42914,-21.69588],[45.42941,-21.69278],[45.4238,-21.68571],[45.41851,-21.68297],[45.41285,-21.68467],[45.4072,-21.69141],[45.41,-21.70202],[45.40601,-21.7145],[45.38921,-21.73],[45.37459,-21.75279],[45.36306,-21.76455],[45.34987,-21.78487],[45.3442,-21.80043],[45.34301,-21.81083],[45.35401,-21.82961],[45.35389,-21.84625],[45.35223,-21.85989],[45.34739,-21.86204],[45.33976,-21.87699],[45.33146,-21.87913],[45.32684,-21.88851],[45.3317,-21.89544],[45.32396,-21.90072],[45.3187,-21.89827],[45.30938,-21.89844],[45.3075,-21.89602],[45.29159,-21.89609],[45.28728,-21.8896],[45.27629,-21.88872],[45.26949,-21.89343],[45.25791,-21.89386],[45.24974,-21.89964],[45.23954,-21.89878],[45.234,-21.89305],[45.2336,-21.88834],[45.22785,-21.88396],[45.20298,-21.89935],[45.20078,-21.90472],[45.20181,-21.91544],[45.20832,-21.93648],[45.21583,-21.96913],[45.22576,-21.97085],[45.23606,-21.96955],[45.24014,-21.97431],[45.24686,-21.97142],[45.2508,-21.96138],[45.25902,-21.95189],[45.26344,-21.95151],[45.26322,-21.95842],[45.2662,-21.96555],[45.26803,-21.98274],[45.27256,-21.98633],[45.2782,-21.99586],[45.28059,-22.00373],[45.28261,-22.02038],[45.2818,-22.03301],[45.27956,-22.04103],[45.26939,-22.05505],[45.26519,-22.06265],[45.26577,-22.06638],[45.27896,-22.07085],[45.281,-22.08832],[45.27913,-22.10287],[45.28335,-22.11155],[45.28843,-22.1299],[45.29582,-22.13269],[45.29925,-22.13969],[45.30481,-22.13929],[45.30376,-22.15202],[45.29547,-22.15976],[45.28386,-22.16771],[45.27642,-22.16977],[45.27392,-22.18093],[45.28717,-22.19549],[45.28767,-22.21089],[45.2866,-22.21471],[45.27856,-22.22232],[45.27655,-22.23519],[45.27169,-22.23304],[45.26337,-22.23483],[45.25646,-22.22712],[45.25144,-22.23317],[45.24364,-22.23777],[45.24145,-22.24586],[45.24671,-22.25109],[45.2483,-22.2568],[45.24497,-22.25984],[45.23718,-22.25695],[45.23254,-22.26014],[45.23379,-22.26583],[45.23251,-22.27634],[45.22755,-22.28044],[45.23316,-22.28243],[45.22979,-22.29491],[45.23246,-22.30398],[45.22975,-22.30648],[45.22343,-22.30493],[45.23591,-22.32599],[45.24096,-22.32949],[45.23746,-22.33229],[45.23972,-22.33756],[45.23592,-22.35343],[45.22659,-22.35831],[45.21767,-22.36077],[45.21121,-22.3571],[45.21113,-22.36306],[45.20556,-22.36785],[45.19985,-22.3765],[45.20205,-22.37959],[45.19158,-22.38903],[45.19621,-22.38802],[45.19572,-22.40576],[45.19262,-22.40944],[45.19631,-22.41151],[45.19632,-22.41813],[45.18811,-22.42089],[45.18261,-22.43197],[45.17343,-22.4371],[45.16463,-22.45593],[45.16352,-22.46726],[45.1563,-22.47948],[45.1446,-22.48034],[45.12931,-22.48542],[45.1242,-22.48869],[45.11608,-22.48988],[45.11305,-22.50155],[45.10766,-22.50988],[45.09775,-22.51334],[45.09118,-22.53771],[45.09032,-22.55026],[45.08044,-22.5569],[45.07738,-22.55691],[45.07093,-22.57477],[45.07316,-22.58099],[45.07048,-22.59159],[45.06888,-22.60987],[45.07189,-22.61918],[45.06656,-22.63425],[45.05291,-22.64304],[45.0375,-22.66803],[45.03141,-22.67357],[45.0281,-22.67969],[45.02932,-22.68691],[45.03506,-22.69397],[45.03793,-22.70901],[45.04113,-22.71248],[45.04,-22.72023],[45.03543,-22.72666],[45.044,-22.73158],[45.04597,-22.74071],[45.04398,-22.74737],[45.0392,-22.75187],[45.02419,-22.75883],[45.01939,-22.76399],[45.01893,-22.76904],[45.03066,-22.78567],[45.02847,-22.80069],[45.04288,-22.81111],[45.0596,-22.81607],[45.05992,-22.83772],[45.06695,-22.86572],[45.07615,-22.87532],[45.07639,-22.88515],[45.06966,-22.89554],[45.06434,-22.89796],[45.05306,-22.89787],[45.04405,-22.90425],[45.02843,-22.90811],[45.0052,-22.911],[44.98893,-22.91132],[44.98775,-22.92832],[44.9849,-22.94338],[44.97773,-22.9494],[44.9852,-22.96541],[44.99029,-22.96853],[44.9916,-22.97716],[44.99858,-22.98349],[45.00379,-22.99392],[45.01403,-22.99316],[45.02073,-22.99736],[45.02983,-23.0071],[45.03502,-23.0068],[45.04086,-23.01118],[45.04523,-23.01927],[45.05061,-23.02405],[45.06498,-23.03247],[45.06479,-23.03672],[45.06933,-23.04134],[45.07523,-23.05281],[45.10445,-23.0592],[45.11924,-23.04946],[45.12993,-23.04999],[45.14714,-23.05655],[45.15397,-23.06133],[45.16427,-23.05978],[45.17681,-23.06428],[45.19073,-23.06343],[45.20698,-23.071],[45.22325,-23.07674],[45.23234,-23.08538],[45.23684,-23.09772],[45.24018,-23.09931],[45.26362,-23.08989],[45.26293,-23.09736],[45.27137,-23.10237],[45.28201,-23.1044],[45.28968,-23.10964],[45.29654,-23.10895],[45.30347,-23.11422],[45.30943,-23.11374],[45.3161,-23.10896],[45.32113,-23.10812],[45.32355,-23.1116],[45.33298,-23.11703],[45.34498,-23.11855],[45.34749,-23.12076],[45.35289,-23.13824],[45.34937,-23.15526],[45.35309,-23.16494],[45.34864,-23.16977],[45.33659,-23.19098],[45.33017,-23.19636],[45.32836,-23.20613],[45.32977,-23.20887],[45.32647,-23.21903],[45.32714,-23.23322],[45.31803,-23.25766],[45.31352,-23.26566],[45.31229,-23.27657],[45.30654,-23.30061],[45.29933,-23.30989],[45.29277,-23.32577],[45.28497,-23.33302],[45.2871,-23.34001],[45.2751,-23.35633],[45.27658,-23.36296],[45.25976,-23.37069],[45.24996,-23.37161],[45.2423,-23.37626],[45.23769,-23.38335],[45.22604,-23.38843],[45.22054,-23.38829],[45.21925,-23.39535],[45.21303,-23.41159],[45.20559,-23.41114],[45.20061,-23.41707],[45.2038,-23.42361],[45.20022,-23.43957],[45.20205,-23.44843],[45.20598,-23.45545],[45.21113,-23.45409],[45.21617,-23.45877],[45.23949,-23.46724],[45.25175,-23.46682],[45.27125,-23.46135],[45.27947,-23.46392],[45.2939,-23.46494],[45.3037,-23.46744],[45.30686,-23.47483],[45.31516,-23.47313],[45.32131,-23.46869],[45.32553,-23.45968],[45.32942,-23.44163],[45.34029,-23.43519],[45.35218,-23.43165],[45.35757,-23.42805],[45.36284,-23.42945],[45.36836,-23.44046],[45.37105,-23.45206],[45.37688,-23.45465],[45.38618,-23.45221],[45.39699,-23.45998],[45.39712,-23.4708],[45.40639,-23.47274],[45.41514,-23.47902],[45.42316,-23.47943],[45.43091,-23.47545],[45.44216,-23.48026],[45.44656,-23.51201],[45.45228,-23.51948],[45.45896,-23.52316],[45.45983,-23.52686],[45.45587,-23.53819],[45.45939,-23.54182],[45.45255,-23.54999],[45.43268,-23.55943],[45.42769,-23.56646],[45.42672,-23.57683],[45.43202,-23.59305],[45.41526,-23.6079],[45.40569,-23.62403],[45.40836,-23.62944],[45.42045,-23.63989],[45.43571,-23.64993],[45.44706,-23.65527],[45.4469,-23.66096],[45.45055,-23.66973],[45.45073,-23.68806],[45.46136,-23.69422],[45.46709,-23.70117],[45.4471,-23.7078],[45.43415,-23.71922],[45.42776,-23.72212],[45.42482,-23.74533],[45.42567,-23.75965],[45.42876,-23.76442],[45.42257,-23.77636],[45.41723,-23.7795],[45.38688,-23.77981],[45.37385,-23.78243],[45.35499,-23.78291],[45.34049,-23.78851],[45.33048,-23.78746],[45.32182,-23.78407],[45.30773,-23.77575],[45.2954,-23.77208],[45.28906,-23.77204],[45.28042,-23.77588],[45.25741,-23.76631],[45.25095,-23.76103],[45.23842,-23.76719],[45.24842,-23.77683],[45.25296,-23.78465],[45.25652,-23.79547],[45.26883,-23.80187],[45.27047,-23.80685],[45.25709,-23.80622],[45.24818,-23.81129],[45.24782,-23.81608],[45.23171,-23.81563],[45.22499,-23.81695],[45.21989,-23.82113],[45.21065,-23.81915],[45.20818,-23.8211],[45.20533,-23.83478],[45.20277,-23.83799],[45.18932,-23.84324],[45.18904,-23.83725],[45.18529,-23.83277],[45.17955,-23.83496],[45.17469,-23.83345],[45.17784,-23.83989],[45.17605,-23.84578],[45.18313,-23.84836],[45.17997,-23.8513],[45.18829,-23.8559],[45.18688,-23.86037],[45.19391,-23.86061],[45.19142,-23.86896],[45.17822,-23.88411],[45.16985,-23.89569],[45.16926,-23.90456],[45.17622,-23.91291],[45.17755,-23.92623],[45.17543,-23.94368],[45.1822,-23.94991],[45.18519,-23.96513],[45.18533,-23.98035],[45.17479,-23.98876],[45.17244,-23.99421],[45.15985,-23.99658],[45.1548,-24.00236],[45.15536,-24.00715],[45.16407,-24.00932],[45.1651,-24.02033],[45.16043,-24.02832],[45.15913,-24.04343],[45.15286,-24.06098],[45.15407,-24.07581],[45.14714,-24.08701],[45.14954,-24.09612],[45.14891,-24.10594],[45.15139,-24.11913],[45.14733,-24.13162],[45.14531,-24.15016],[45.14569,-24.15806],[45.15031,-24.17485],[45.13367,-24.19206],[45.12448,-24.21073],[45.12182,-24.22037],[45.11685,-24.22496],[45.10273,-24.23339],[45.09087,-24.2537],[45.07797,-24.25967],[45.06821,-24.27586],[45.06431,-24.29444],[45.06447,-24.29974],[45.05733,-24.3059],[45.04706,-24.30935],[45.0559,-24.3208],[45.05709,-24.32494],[45.05436,-24.3403],[45.05121,-24.34411],[45.05332,-24.35005],[45.04981,-24.36351],[45.05053,-24.37832],[45.05454,-24.38653],[45.05443,-24.39478],[45.0586,-24.40175],[45.05235,-24.40951],[45.05823,-24.42505],[45.06389,-24.43203],[45.06205,-24.44351],[45.06545,-24.45034],[45.07308,-24.45861],[45.06855,-24.46938],[45.0717,-24.47783],[45.07811,-24.47944],[45.08529,-24.48453],[45.08711,-24.49336],[45.08276,-24.49551],[45.08369,-24.50804],[45.09194,-24.51125],[45.09648,-24.51874],[45.09054,-24.52833],[45.09141,-24.53769],[45.08719,-24.54609],[45.09095,-24.5525],[45.09447,-24.56356],[45.08157,-24.5699],[45.08087,-24.57369],[45.06743,-24.58603],[45.05916,-24.58804],[45.05763,-24.59228],[45.06206,-24.59492],[45.05895,-24.60039],[45.05336,-24.61682],[45.05548,-24.62394],[45.06318,-24.63987],[45.06749,-24.64644],[45.06857,-24.65884],[45.06227,-24.67032],[45.05093,-24.68535],[45.05019,-24.69406],[45.05559,-24.70011],[45.05594,-24.70392],[45.05203,-24.71478],[45.0473,-24.7226],[45.04275,-24.72369],[45.04717,-24.73339],[45.04778,-24.73904],[45.04512,-24.74742],[45.03232,-24.74757],[45.02912,-24.74971],[45.02289,-24.76084],[45.02842,-24.77583],[45.01769,-24.78014],[45.01149,-24.77982],[44.99822,-24.77084],[44.99081,-24.7728],[44.99368,-24.77864],[44.99062,-24.78209],[44.98075,-24.77625],[44.97506,-24.77893],[44.97972,-24.79434],[44.97283,-24.79983],[44.9738,-24.80485],[44.96664,-24.824],[44.96546,-24.83244],[44.95221,-24.8447],[44.94575,-24.84839],[44.94214,-24.85465],[44.93726,-24.85795],[44.93198,-24.86542],[44.9214,-24.87578],[44.91528,-24.87914],[44.91279,-24.88534],[44.91529,-24.89121],[44.91053,-24.89686],[44.90468,-24.91136],[44.89682,-24.9173],[44.88667,-24.91526],[44.88669,-24.90904],[44.88256,-24.90671],[44.87204,-24.90769],[44.8658,-24.91379],[44.86292,-24.91964],[44.84856,-24.92375],[44.84544,-24.92887],[44.83904,-24.92815],[44.83054,-24.93404],[44.82123,-24.93664],[44.80852,-24.9376],[44.80231,-24.95083],[44.79348,-24.95806],[44.77702,-24.95755],[44.77752,-24.96602],[44.77476,-24.97181],[44.76603,-24.98009],[44.7604,-24.98279],[44.75456,-24.99096],[44.74448,-24.99453],[44.73104,-25.00179],[44.72886,-25.01246],[44.72564,-25.01845],[44.71722,-25.02505],[44.70682,-25.02696],[44.69125,-25.02707],[44.68594,-25.03091],[44.68652,-25.04215],[44.68497,-25.0493],[44.68043,-25.05294],[44.67132,-25.05257],[44.66494,-25.05508],[44.66196,-25.06893],[44.65932,-25.07396],[44.64796,-25.08204],[44.6327,-25.08978],[44.62662,-25.09522],[44.61942,-25.10898],[44.60343,-25.12053],[44.59948,-25.12818],[44.59295,-25.13357],[44.57573,-25.13798],[44.57849,-25.14536],[44.57294,-25.15038],[44.55905,-25.15409],[44.55729,-25.16376],[44.55389,-25.16663],[44.54621,-25.16768],[44.5385,-25.16317],[44.53135,-25.16429],[44.53121,-25.16987],[44.53488,-25.17748],[44.52953,-25.18508],[44.52321,-25.18154],[44.51801,-25.18584],[44.51234,-25.20435],[44.50979,-25.20841],[44.49679,-25.24193],[44.49695,-25.25144],[44.50012,-25.26405],[44.50751,-25.27489],[44.51652,-25.28397],[44.51769,-25.28983],[44.50945,-25.28927],[44.49101,-25.28457],[44.45736,-25.27428],[44.43688,-25.2708],[44.41018,-25.26801],[44.37502,-25.26643],[44.35194,-25.26702],[44.35949,-25.25216],[44.35974,-25.24266],[44.35515,-25.22622],[44.34846,-25.2121],[44.33692,-25.19254],[44.32753,-25.18269],[44.31241,-25.16959],[44.30096,-25.1629],[44.28244,-25.14542],[44.26223,-25.13119],[44.25747,-25.12969],[44.24627,-25.1203],[44.23408,-25.10827],[44.22371,-25.10267],[44.21771,-25.09636],[44.19722,-25.08284],[44.16805,-25.07111],[44.15869,-25.06972],[44.14437,-25.06985],[44.13773,-25.07214],[44.12435,-25.08063],[44.11262,-25.08096],[44.10318,-25.07286],[44.10042,-25.07771],[44.11054,-25.08592],[44.11382,-25.09729],[44.10585,-25.09442],[44.09895,-25.08873],[44.09121,-25.0793],[44.07209,-25.06275],[44.05929,-25.05409],[44.05881,-25.04876],[44.07414,-25.05618],[44.07399,-25.05142],[44.06616,-25.04498],[44.06332,-25.02175],[44.0558,-25.01048],[44.03635,-25.00511],[44.03333,-25.01256],[44.025,-25.01722],[44.02089,-25.01237],[44.01728,-24.99305],[44.02316,-24.98901],[44.02251,-24.98186],[44.03098,-24.977],[44.03553,-24.96772],[44.03121,-24.94156],[44.02682,-24.93559],[44.01873,-24.92028],[44.01701,-24.91427],[44.01817,-24.90445],[44.02197,-24.88842],[44.01982,-24.87483],[44.01663,-24.8676],[44.00726,-24.8576],[43.98973,-24.84371],[43.97267,-24.83195],[43.95769,-24.81503],[43.95532,-24.80935],[43.95315,-24.7962],[43.95309,-24.78708],[43.94847,-24.77605],[43.93607,-24.76244],[43.93347,-24.75607],[43.92586,-24.74806],[43.92021,-24.7375],[43.91797,-24.72321],[43.91993,-24.71154],[43.92694,-24.70162],[43.93526,-24.69897],[43.94031,-24.69315],[43.94287,-24.68596],[43.94212,-24.68031],[43.93524,-24.66386],[43.93763,-24.65327],[43.93487,-24.63756],[43.92418,-24.61765],[43.91679,-24.6083],[43.9169,-24.60332],[43.91033,-24.59699],[43.88914,-24.57061],[43.87079,-24.55631],[43.86303,-24.55147],[43.85554,-24.54198],[43.8526,-24.53358],[43.83634,-24.51574],[43.80569,-24.49159],[43.78376,-24.47902],[43.76271,-24.46832],[43.75357,-24.46135],[43.74634,-24.45256],[43.73616,-24.44395],[43.73554,-24.43944],[43.71557,-24.421],[43.70464,-24.40601],[43.69696,-24.39809],[43.69303,-24.39025],[43.68274,-24.37615],[43.67911,-24.36301],[43.67729,-24.34842],[43.67008,-24.33642],[43.66575,-24.31445],[43.66771,-24.28928],[43.66579,-24.27786],[43.66572,-24.26789],[43.65935,-24.24041],[43.66339,-24.2197],[43.66515,-24.20544],[43.66135,-24.19131],[43.66528,-24.17926],[43.6662,-24.17002],[43.66423,-24.15172],[43.66751,-24.14405],[43.6706,-24.11631],[43.66801,-24.09614],[43.67336,-24.05767],[43.67278,-24.04885],[43.67626,-24.04121],[43.6714,-24.02406],[43.66018,-24.00112],[43.66688,-23.98648],[43.6663,-23.98082],[43.66076,-23.96937],[43.6594,-23.9624],[43.66212,-23.95704],[43.66326,-23.94376],[43.65967,-23.92299],[43.66026,-23.91242],[43.66617,-23.91212],[43.67254,-23.90464],[43.67215,-23.8911],[43.66777,-23.87871],[43.66332,-23.85836],[43.65343,-23.84661],[43.64996,-23.83827],[43.65238,-23.83203],[43.65506,-23.83299],[43.66069,-23.82646],[43.66302,-23.8198],[43.66129,-23.81157],[43.65631,-23.80317],[43.65066,-23.79808],[43.6496,-23.79003],[43.64348,-23.77926],[43.64461,-23.77643],[43.63673,-23.75664],[43.63224,-23.74952],[43.64127,-23.748],[43.64249,-23.75361],[43.64597,-23.74716],[43.64689,-23.73646],[43.63975,-23.72016],[43.64465,-23.71644],[43.64762,-23.70639],[43.64178,-23.69261],[43.6511,-23.68141],[43.64478,-23.671],[43.63614,-23.66819],[43.6477,-23.65544],[43.65154,-23.64377],[43.65048,-23.6345],[43.65521,-23.61699],[43.65949,-23.6111],[43.68652,-23.59725],[43.69888,-23.59626],[43.70977,-23.59271],[43.72691,-23.5931],[43.73039,-23.58786],[43.74359,-23.58177],[43.75269,-23.57019],[43.75883,-23.56899],[43.7611,-23.56107],[43.75821,-23.56089],[43.75498,-23.54997],[43.74957,-23.54672],[43.7445,-23.55328],[43.74515,-23.53683],[43.73373,-23.52252],[43.73152,-23.5162],[43.73283,-23.51014],[43.73898,-23.52195],[43.74209,-23.52319],[43.74268,-23.53347],[43.74532,-23.53231],[43.75827,-23.50481],[43.75939,-23.49434],[43.76426,-23.4889],[43.76542,-23.4815],[43.7636,-23.46777],[43.76594,-23.46037],[43.75909,-23.4466],[43.74808,-23.43458],[43.73524,-23.42845],[43.72781,-23.42308],[43.72128,-23.41366],[43.71169,-23.40268],[43.71355,-23.39706],[43.70921,-23.3862],[43.70325,-23.3813],[43.69687,-23.3811],[43.69693,-23.38405],[43.68764,-23.38144],[43.68943,-23.38743],[43.68,-23.37803],[43.67417,-23.3752],[43.67048,-23.3633],[43.66207,-23.35257],[43.6538,-23.35378],[43.64328,-23.34817],[43.63553,-23.34215],[43.63666,-23.35171],[43.64459,-23.35861],[43.64102,-23.36321],[43.63157,-23.35141],[43.62966,-23.34186],[43.6302,-23.33368],[43.62419,-23.32413],[43.61469,-23.31528],[43.61852,-23.30334],[43.61769,-23.29506],[43.61971,-23.27693],[43.61848,-23.27325],[43.61938,-23.26116],[43.62238,-23.25518],[43.62602,-23.27442],[43.63136,-23.28207],[43.63061,-23.28733],[43.63478,-23.28256],[43.63459,-23.26481],[43.63061,-23.25681],[43.62756,-23.25791],[43.62635,-23.2456],[43.61912,-23.23826],[43.61789,-23.2282],[43.62364,-23.20487],[43.61788,-23.19658],[43.61835,-23.18678],[43.61554,-23.17973],[43.60765,-23.16704],[43.60697,-23.16104],[43.61202,-23.15705],[43.61005,-23.14381],[43.60482,-23.13535],[43.60446,-23.12934],[43.60838,-23.12391],[43.60996,-23.10614],[43.60879,-23.10209],[43.5907,-23.06581],[43.56775,-23.04658],[43.56093,-23.04235],[43.55074,-23.03867],[43.54511,-23.0331],[43.53552,-23.02951],[43.53001,-23.02095],[43.52045,-23.01601],[43.51172,-23.00873],[43.49999,-23.00778],[43.48987,-23.00975],[43.4845,-23.00128],[43.48346,-22.98509],[43.4735,-22.97779],[43.46851,-22.97717],[43.46664,-22.97139],[43.45267,-22.95483],[43.44947,-22.95355],[43.45091,-22.94834],[43.4491,-22.94211],[43.43897,-22.92078],[43.417,-22.90208],[43.41313,-22.90125],[43.39007,-22.87746],[43.38068,-22.87212],[43.36816,-22.86805],[43.3524,-22.86086],[43.34599,-22.85632],[43.34315,-22.85085],[43.34417,-22.84068],[43.35412,-22.81676],[43.35576,-22.80966],[43.34803,-22.77946],[43.35154,-22.77449],[43.34879,-22.76546],[43.34763,-22.7508],[43.33977,-22.73597],[43.3393,-22.72389],[43.33687,-22.71882],[43.33743,-22.70874],[43.3316,-22.6954],[43.33018,-22.68604],[43.31776,-22.66682],[43.32005,-22.66496],[43.31636,-22.6542],[43.30771,-22.64289],[43.30536,-22.63661],[43.30523,-22.6283],[43.30059,-22.61663],[43.30034,-22.6104],[43.29086,-22.59322],[43.29171,-22.58667],[43.28673,-22.58096],[43.28677,-22.56383],[43.28305,-22.55376],[43.28578,-22.55169],[43.288,-22.54335],[43.28752,-22.52137],[43.28461,-22.509],[43.28804,-22.50331],[43.28835,-22.49576],[43.28606,-22.48891],[43.27404,-22.47661],[43.27439,-22.47157],[43.26882,-22.446],[43.27062,-22.43923],[43.26851,-22.43188],[43.26482,-22.40137],[43.26478,-22.39289],[43.25911,-22.38061],[43.25844,-22.3677],[43.24957,-22.35947],[43.23553,-22.33488],[43.22824,-22.32399],[43.23036,-22.30968],[43.22743,-22.30124],[43.23512,-22.29606],[43.23868,-22.29013],[43.23715,-22.27722],[43.23354,-22.27231],[43.22464,-22.26961],[43.22244,-22.26648],[43.22593,-22.26064],[43.2208,-22.25178],[43.22196,-22.24773],[43.22735,-22.24661],[43.2272,-22.23838],[43.23648,-22.2344],[43.23912,-22.22407],[43.24995,-22.22232],[43.28431,-22.22359],[43.29184,-22.22908],[43.29632,-22.23922],[43.30889,-22.22507],[43.31149,-22.21825],[43.31182,-22.2079],[43.29666,-22.19633],[43.27354,-22.1908],[43.25643,-22.18563],[43.26046,-22.1768],[43.26062,-22.15694],[43.2511,-22.13028],[43.24322,-22.12108],[43.24205,-22.111],[43.23504,-22.09917],[43.2387,-22.09153],[43.24454,-22.09021],[43.24793,-22.08241],[43.23927,-22.0816],[43.23407,-22.07428],[43.2394,-22.06609],[43.23859,-22.04996],[43.24236,-22.03738],[43.25137,-22.02068],[43.25429,-22.01829],[43.25529,-22.01095],[43.25928,-22.00807],[43.26356,-21.99761],[43.26532,-21.98826],[43.26134,-21.97194],[43.25711,-21.96555],[43.26156,-21.94803],[43.26547,-21.93834],[43.26973,-21.93354],[43.27221,-21.91893],[43.27803,-21.91266],[43.27628,-21.90526],[43.28535,-21.89698],[43.28589,-21.88925],[43.29421,-21.88626],[43.2983,-21.87782],[43.29715,-21.87076],[43.30321,-21.86263],[43.30536,-21.86393],[43.30647,-21.87464],[43.31129,-21.88089],[43.309,-21.8944],[43.31275,-21.90553],[43.31161,-21.91084],[43.31727,-21.91449],[43.32925,-21.90409],[43.33316,-21.9034],[43.33309,-21.91062],[43.34092,-21.90565],[43.34494,-21.89325],[43.34162,-21.88343],[43.33687,-21.8767],[43.32795,-21.87163],[43.33243,-21.84898],[43.33263,-21.82605],[43.3316,-21.80359],[43.33275,-21.79361],[43.34757,-21.75385],[43.34768,-21.7492],[43.35256,-21.74457],[43.36621,-21.73933],[43.38691,-21.72462],[43.40073,-21.70778],[43.40624,-21.69535],[43.41379,-21.68778],[43.42725,-21.66704],[43.42911,-21.65426],[43.43602,-21.65187],[43.43618,-21.65651],[43.44737,-21.65459],[43.45657,-21.64437],[43.46484,-21.64139],[43.47261,-21.61698],[43.47532,-21.61434],[43.47248,-21.60707],[43.474,-21.59104],[43.4715,-21.57915],[43.46362,-21.55791],[43.46549,-21.54605],[43.45822,-21.5446],[43.45602,-21.53566],[43.45931,-21.52995],[43.45744,-21.52183],[43.45869,-21.51201],[43.46418,-21.51001],[43.46028,-21.50665],[43.45966,-21.49854],[43.46545,-21.48455],[43.46872,-21.48165],[43.46665,-21.47673],[43.4634,-21.48191],[43.45801,-21.48266],[43.4571,-21.47845],[43.46371,-21.46732],[43.46637,-21.45678],[43.46737,-21.43788],[43.46671,-21.4128],[43.46821,-21.39948],[43.46589,-21.37577],[43.46369,-21.36825],[43.46844,-21.34235],[43.47419,-21.33673],[43.47809,-21.32975],[43.48861,-21.32025],[43.50189,-21.311],[43.50616,-21.33265],[43.51229,-21.33178],[43.5142,-21.31401],[43.53274,-21.30514],[43.54019,-21.2989],[43.54677,-21.30098],[43.55932,-21.32036],[43.57235,-21.33101],[43.58677,-21.34759],[43.59671,-21.3627],[43.59853,-21.37794],[43.59806,-21.38785],[43.59542,-21.39947],[43.59726,-21.40722],[43.60617,-21.4201],[43.60634,-21.42423],[43.60006,-21.42975],[43.59979,-21.43351],[43.60763,-21.43878],[43.61227,-21.43928],[43.62274,-21.44543],[43.63571,-21.44817],[43.63898,-21.45076],[43.63785,-21.45916],[43.64163,-21.46898],[43.65316,-21.4749],[43.66418,-21.48646],[43.67517,-21.50278],[43.68213,-21.5088],[43.68686,-21.52254],[43.71727,-21.54711],[43.71741,-21.55609],[43.72583,-21.56572],[43.73433,-21.57124],[43.73627,-21.57556],[43.73226,-21.58499],[43.74207,-21.59232],[43.74696,-21.61349],[43.75802,-21.63406],[43.76367,-21.67305],[43.77168,-21.70547],[43.77486,-21.71193],[43.78338,-21.72122],[43.79558,-21.72855],[43.80961,-21.74248],[43.81792,-21.75477],[43.83413,-21.77494],[43.8422,-21.78384],[43.85337,-21.80233],[43.8731,-21.83069],[43.88043,-21.85607],[43.88021,-21.86637],[43.89235,-21.87637],[43.89978,-21.87757],[43.91338,-21.87654],[43.92766,-21.87845],[43.93906,-21.88204],[43.94914,-21.89099],[43.95279,-21.90056],[43.96456,-21.90103],[43.98317,-21.90588],[43.99547,-21.90738],[44.02164,-21.90544],[44.03651,-21.90192],[44.04817,-21.89538],[44.05744,-21.8847],[44.05885,-21.87473],[44.06522,-21.8621],[44.08304,-21.84088],[44.09086,-21.83586],[44.09716,-21.83526],[44.10761,-21.83873],[44.11952,-21.83881],[44.12656,-21.83622],[44.13105,-21.83183],[44.1419,-21.81448],[44.15728,-21.80492],[44.16449,-21.80282],[44.17992,-21.80141],[44.19253,-21.80564],[44.19952,-21.80572],[44.20717,-21.80902],[44.21439,-21.80912],[44.22167,-21.81279],[44.22932,-21.82194],[44.23316,-21.84073],[44.24009,-21.85386],[44.25,-21.86072],[44.25706,-21.86082],[44.26747,-21.85179],[44.27399,-21.83894],[44.27543,-21.83256],[44.27362,-21.82092],[44.27773,-21.81629],[44.28776,-21.82009],[44.29984,-21.83174],[44.30916,-21.83663],[44.31145,-21.84595],[44.30869,-21.85428],[44.31613,-21.85962],[44.32566,-21.85685],[44.3418,-21.83919],[44.34938,-21.83598],[44.35929,-21.83526],[44.37099,-21.83737],[44.38143,-21.84349],[44.39558,-21.84306],[44.41669,-21.83679],[44.43452,-21.83676],[44.44834,-21.82674],[44.45849,-21.82467],[44.4626,-21.82102],[44.47773,-21.8142],[44.49738,-21.8087],[44.51735,-21.80208],[44.52624,-21.79631],[44.53582,-21.79435],[44.55979,-21.79676],[44.56647,-21.79584],[44.57943,-21.78488],[44.58386,-21.77692],[44.58836,-21.77337],[44.59028,-21.7662],[44.59995,-21.75373],[44.61254,-21.74861],[44.62223,-21.74954],[44.64979,-21.74528],[44.68322,-21.74649],[44.69749,-21.74527],[44.70538,-21.74151],[44.7306,-21.73984],[44.74501,-21.73684],[44.75076,-21.73093],[44.74624,-21.72716],[44.74638,-21.71492],[44.74445,-21.7064],[44.74748,-21.69696],[44.75429,-21.66556],[44.7514,-21.65467],[44.74544,-21.64623],[44.73773,-21.63951],[44.73536,-21.63122],[44.73307,-21.63227],[44.73036,-21.62053],[44.72479,-21.60982],[44.70848,-21.59262],[44.69769,-21.58828],[44.69501,-21.58255],[44.69943,-21.57418],[44.68934,-21.56841],[44.68098,-21.55522],[44.68335,-21.54836],[44.69457,-21.54402],[44.68423,-21.53236],[44.68002,-21.52218],[44.67993,-21.50648],[44.67684,-21.49913],[44.68185,-21.49211],[44.6845,-21.47995],[44.67824,-21.47866],[44.67703,-21.47529],[44.68247,-21.46954],[44.67935,-21.46245],[44.68421,-21.46295],[44.69271,-21.44568],[44.69031,-21.4434],[44.69692,-21.44016],[44.69592,-21.43604],[44.6997,-21.42814],[44.6965,-21.42847],[44.69642,-21.41201],[44.70138,-21.40831],[44.69743,-21.40236],[44.7005,-21.39855],[44.6972,-21.39434],[44.69783,-21.38008],[44.68888,-21.36884],[44.68641,-21.3547],[44.68217,-21.33922],[44.68152,-21.32992],[44.68418,-21.32677],[44.68281,-21.31643],[44.68685,-21.29735],[44.69553,-21.2845],[44.70258,-21.28477],[44.70927,-21.27765],[44.71433,-21.27888],[44.71497,-21.26403],[44.71056,-21.2562],[44.71252,-21.24978],[44.72184,-21.24917],[44.73821,-21.24534],[44.7475,-21.2401],[44.75698,-21.21757],[44.77057,-21.19888],[44.77837,-21.19624],[44.79546,-21.19614],[44.81446,-21.20456],[44.83844,-21.21049],[44.87246,-21.2106],[44.88878,-21.21712],[44.9021,-21.22594],[44.90791,-21.22795],[44.91538,-21.23638],[44.91629,-21.245],[44.9214,-21.25038],[44.92605,-21.26724],[44.93383,-21.27593],[44.93578,-21.28499],[44.94105,-21.28722],[44.95008,-21.28526],[44.95695,-21.28636],[44.97426,-21.29488],[44.97957,-21.29404],[44.98401,-21.28774],[45.01954,-21.29698],[45.02896,-21.29077],[45.04067,-21.28724],[45.04505,-21.28862],[45.05459,-21.2859],[45.07137,-21.28752],[45.07916,-21.28678],[45.08709,-21.2908],[45.09671,-21.28834],[45.09896,-21.28515],[45.09834,-21.26701],[45.10292,-21.25691],[45.11701,-21.24346],[45.11576,-21.23723],[45.11766,-21.23093],[45.13589,-21.22209],[45.13926,-21.21486],[45.14337,-21.21238],[45.15143,-21.21347],[45.15944,-21.20093],[45.16532,-21.19945],[45.17894,-21.19926],[45.18312,-21.18881],[45.20149,-21.17575],[45.21098,-21.16679],[45.21747,-21.15612],[45.22442,-21.15235],[45.22653,-21.14706],[45.23924,-21.14564],[45.24811,-21.148],[45.25456,-21.14374],[45.26767,-21.14335],[45.27663,-21.14551],[45.28745,-21.14451],[45.29427,-21.14685],[45.30279,-21.14646],[45.31534,-21.14098],[45.31409,-21.14951],[45.31892,-21.15802],[45.3285,-21.15619],[45.33704,-21.16621],[45.33376,-21.16807],[45.33225,-21.17757],[45.34449,-21.17802],[45.34919,-21.17409],[45.35329,-21.16641],[45.34872,-21.16166],[45.34843,-21.15544],[45.35282,-21.15287],[45.35985,-21.15529],[45.37382,-21.14742],[45.36852,-21.14021],[45.37202,-21.13548],[45.37766,-21.13666],[45.37791,-21.13152],[45.38431,-21.12353],[45.3896,-21.12106],[45.38976,-21.1174],[45.39652,-21.10949],[45.40633,-21.10425],[45.41185,-21.10376],[45.41933,-21.09079],[45.4314,-21.08596],[45.4324,-21.08332],[45.44589,-21.08268],[45.44775,-21.07725],[45.44287,-21.07437],[45.43788,-21.06709],[45.4411,-21.06126],[45.44772,-21.05771],[45.45309,-21.04989],[45.46059,-21.04905],[45.46654,-21.05093],[45.47171,-21.04832],[45.4743,-21.04294],[45.48624,-21.04264],[45.49418,-21.02343],[45.50104,-21.02341],[45.50414,-21.02028],[45.5017,-21.01092],[45.50492,-21.00722],[45.50245,-20.99694],[45.49809,-20.99194],[45.49956,-20.98494],[45.50693,-20.9776],[45.51849,-20.98034],[45.53323,-20.98642],[45.55195,-20.9791],[45.55954,-20.98737],[45.56307,-20.98673],[45.57034,-20.99157],[45.57554,-20.98748],[45.59306,-20.98256],[45.5964,-20.97663],[45.60964,-20.9718],[45.6174,-20.97373],[45.61795,-20.98282],[45.62165,-20.98961],[45.63061,-20.99145],[45.6478,-20.98414],[45.65546,-20.97622],[45.66402,-20.96434],[45.66329,-20.95901],[45.65849,-20.9509],[45.66574,-20.93985],[45.66781,-20.92393],[45.67977,-20.91294],[45.68482,-20.9101],[45.70693,-20.90872],[45.71163,-20.9124],[45.72102,-20.91366],[45.72816,-20.91254],[45.7531,-20.91415],[45.75968,-20.91105],[45.76891,-20.913],[45.76918,-20.91799],[45.7757,-20.92576],[45.77688,-20.93662]]]]}},{"type":"Feature","properties":{"code_zone":"MG52","nom_zone":"Androy","niveau":"Région","code_parent":null,"nom_parent":null},"geometry":{"type":"Polygon","coordinates":[[[45.43317,-23.77775],[45.44141,-23.77889],[45.44782,-23.78646],[45.45032,-23.79653],[45.4472,-23.8016],[45.44912,-23.80664],[45.45472,-23.80683],[45.46317,-23.81485],[45.47136,-23.83098],[45.47715,-23.83578],[45.48464,-23.83784],[45.51446,-23.83731],[45.51498,-23.84236],[45.49953,-23.8523],[45.49049,-23.86596],[45.49077,-23.86978],[45.50425,-23.87155],[45.50002,-23.88231],[45.49098,-23.88533],[45.48426,-23.89514],[45.47924,-23.89921],[45.47358,-23.9099],[45.47224,-23.92784],[45.46709,-23.93664],[45.47938,-23.93899],[45.48268,-23.94394],[45.48573,-23.95624],[45.48033,-23.96612],[45.47818,-23.97371],[45.48093,-23.98147],[45.48763,-23.98134],[45.49377,-23.98919],[45.50355,-23.99537],[45.51526,-23.99596],[45.53103,-24.00386],[45.53545,-24.00257],[45.54913,-23.99206],[45.55859,-23.98784],[45.5633,-23.98375],[45.57112,-23.98954],[45.57424,-23.99687],[45.58123,-23.99917],[45.59061,-23.99089],[45.5953,-23.9799],[45.60187,-23.97936],[45.61356,-23.98271],[45.6181,-23.98095],[45.63155,-23.96907],[45.64544,-23.96804],[45.65124,-23.96457],[45.66122,-23.94717],[45.66676,-23.94586],[45.67604,-23.95105],[45.68178,-23.94796],[45.68737,-23.93604],[45.69586,-23.93036],[45.70168,-23.93007],[45.7069,-23.93817],[45.70479,-23.94605],[45.70142,-23.98649],[45.70544,-23.98985],[45.70928,-23.98829],[45.71459,-23.98088],[45.7201,-23.97944],[45.73668,-23.98006],[45.7394,-23.98243],[45.73927,-23.989],[45.74214,-23.99494],[45.75109,-23.99703],[45.74926,-24.00282],[45.74958,-24.02526],[45.7475,-24.03722],[45.74785,-24.05068],[45.75516,-24.05781],[45.7543,-24.06865],[45.74816,-24.07798],[45.74483,-24.09517],[45.7501,-24.10192],[45.77163,-24.11844],[45.78708,-24.12747],[45.79235,-24.13346],[45.81228,-24.14549],[45.82118,-24.13842],[45.82679,-24.14658],[45.83256,-24.1506],[45.84014,-24.14646],[45.83609,-24.16286],[45.83062,-24.17116],[45.83162,-24.17704],[45.82431,-24.19083],[45.82372,-24.19901],[45.81384,-24.20874],[45.81556,-24.21762],[45.82797,-24.22995],[45.84792,-24.24574],[45.85527,-24.24765],[45.87833,-24.26013],[45.88891,-24.26287],[45.90012,-24.26763],[45.91726,-24.27879],[45.92673,-24.28849],[45.91838,-24.29618],[45.90066,-24.30679],[45.90075,-24.32096],[45.90336,-24.33117],[45.90642,-24.33431],[45.91938,-24.33625],[45.92496,-24.3432],[45.93632,-24.34334],[45.93734,-24.33903],[45.95364,-24.345],[45.96042,-24.35136],[45.96047,-24.36404],[45.97154,-24.36986],[45.97354,-24.37567],[45.97048,-24.38104],[45.96017,-24.38386],[45.961,-24.38997],[45.95821,-24.40006],[45.9643,-24.40305],[45.97226,-24.40198],[45.97703,-24.41154],[45.98314,-24.41405],[45.98543,-24.43109],[45.98294,-24.43692],[45.98818,-24.44743],[45.99899,-24.45481],[46.00344,-24.46987],[46.01028,-24.47925],[46.00875,-24.48256],[46.00206,-24.48348],[46.00178,-24.48799],[45.9891,-24.50711],[45.97944,-24.51151],[45.96933,-24.50666],[45.95625,-24.49801],[45.94821,-24.49568],[45.94499,-24.49736],[45.93531,-24.51038],[45.92884,-24.52214],[45.92625,-24.52392],[45.9296,-24.53782],[45.93645,-24.54949],[45.93994,-24.5627],[45.94814,-24.56969],[45.95071,-24.5798],[45.95491,-24.58459],[45.96154,-24.58338],[45.96583,-24.59122],[45.96747,-24.5999],[45.96616,-24.6095],[45.95802,-24.61346],[45.95425,-24.62156],[45.93832,-24.623],[45.93469,-24.62837],[45.92745,-24.63351],[45.92751,-24.6445],[45.93055,-24.65134],[45.93724,-24.65408],[45.937,-24.66049],[45.94964,-24.66055],[45.95478,-24.66374],[45.97116,-24.66175],[45.98754,-24.68525],[45.98931,-24.69308],[45.98016,-24.69519],[45.98013,-24.70713],[45.97844,-24.71391],[45.98014,-24.72345],[45.98679,-24.72863],[45.99642,-24.73037],[45.99516,-24.73758],[46.0014,-24.74059],[46.00687,-24.73987],[46.01434,-24.74619],[46.02218,-24.75623],[46.02997,-24.77981],[46.01995,-24.78587],[46.02308,-24.79447],[46.03305,-24.80005],[46.03772,-24.8005],[46.03345,-24.80401],[46.01632,-24.80614],[46.00843,-24.80943],[46.00065,-24.81534],[45.98176,-24.81934],[45.98004,-24.82382],[45.99785,-24.82573],[46.02373,-24.83007],[46.03301,-24.83661],[46.04732,-24.84275],[46.05234,-24.84636],[46.06209,-24.84693],[46.06529,-24.8493],[46.06665,-24.85652],[46.07227,-24.87168],[46.07516,-24.87561],[46.08527,-24.87617],[46.09457,-24.89151],[46.09744,-24.89366],[46.10739,-24.88699],[46.11864,-24.88413],[46.1291,-24.88557],[46.12988,-24.89464],[46.13376,-24.96502],[46.13577,-24.96783],[46.14113,-24.95545],[46.14794,-24.94931],[46.16109,-24.94347],[46.16092,-24.96406],[46.16179,-24.97652],[46.16092,-24.98712],[46.16615,-25.00091],[46.17197,-24.99441],[46.17284,-24.98726],[46.18273,-24.9813],[46.19116,-24.98143],[46.19479,-24.99057],[46.19886,-24.99521],[46.19465,-24.99866],[46.19072,-25.00714],[46.21355,-25.01641],[46.21719,-25.00634],[46.22504,-24.99243],[46.2326,-24.99044],[46.24146,-24.98354],[46.25048,-24.98341],[46.2627,-24.99957],[46.27725,-25.02129],[46.28395,-25.03441],[46.28904,-25.03878],[46.28701,-25.04461],[46.27525,-25.05146],[46.26491,-25.0667],[46.26398,-25.07066],[46.2741,-25.08772],[46.27605,-25.09545],[46.264,-25.10935],[46.2666,-25.129],[46.26283,-25.1339],[46.27039,-25.15686],[46.2648,-25.161],[46.27466,-25.16977],[46.27236,-25.17651],[46.26601,-25.17868],[46.26231,-25.18323],[46.25442,-25.18571],[46.24465,-25.19395],[46.24668,-25.19898],[46.25825,-25.20685],[46.221,-25.21799],[46.20405,-25.22406],[46.18285,-25.23332],[46.13334,-25.25228],[46.09693,-25.26301],[46.07087,-25.27292],[46.04458,-25.28495],[46.03876,-25.28665],[45.97606,-25.31549],[45.96142,-25.32112],[45.94544,-25.32904],[45.91105,-25.34814],[45.896,-25.35326],[45.87233,-25.36482],[45.84894,-25.38138],[45.83762,-25.38693],[45.82299,-25.39717],[45.82129,-25.39972],[45.80462,-25.40804],[45.77831,-25.42673],[45.77315,-25.42769],[45.76305,-25.43516],[45.74813,-25.44234],[45.74591,-25.44549],[45.73283,-25.45074],[45.72983,-25.45363],[45.71761,-25.45923],[45.70787,-25.46724],[45.70489,-25.47249],[45.69365,-25.48263],[45.68983,-25.48808],[45.6801,-25.4947],[45.68035,-25.49716],[45.66966,-25.50561],[45.65822,-25.51292],[45.63371,-25.52667],[45.62304,-25.53133],[45.61425,-25.5377],[45.59431,-25.54767],[45.57596,-25.55228],[45.57344,-25.55483],[45.56126,-25.55942],[45.55494,-25.55884],[45.53963,-25.56425],[45.53173,-25.56871],[45.50716,-25.5746],[45.49504,-25.57483],[45.47834,-25.5781],[45.44686,-25.57824],[45.42264,-25.58008],[45.41016,-25.57871],[45.38639,-25.57772],[45.36904,-25.57934],[45.35608,-25.57846],[45.35105,-25.58182],[45.33403,-25.58273],[45.31583,-25.58244],[45.30859,-25.5807],[45.30389,-25.58332],[45.29669,-25.58208],[45.289,-25.58407],[45.27686,-25.58411],[45.25798,-25.59039],[45.24952,-25.5906],[45.2275,-25.59731],[45.22183,-25.59752],[45.21044,-25.60112],[45.19276,-25.60355],[45.18895,-25.60529],[45.16769,-25.60522],[45.14556,-25.59913],[45.13845,-25.59454],[45.13602,-25.58432],[45.12989,-25.57519],[45.13328,-25.56269],[45.13333,-25.55533],[45.12653,-25.54434],[45.11914,-25.53774],[45.10649,-25.52888],[45.09558,-25.52339],[45.06924,-25.51403],[45.03598,-25.50098],[45.02049,-25.49753],[45.00494,-25.48862],[44.98158,-25.47916],[44.97455,-25.47766],[44.96775,-25.47075],[44.96174,-25.46816],[44.95426,-25.45302],[44.94599,-25.44556],[44.94149,-25.43844],[44.93865,-25.42962],[44.93824,-25.42014],[44.93312,-25.41735],[44.91374,-25.40199],[44.88687,-25.38382],[44.86021,-25.36923],[44.8307,-25.35655],[44.81306,-25.34691],[44.80918,-25.34171],[44.78306,-25.3322],[44.73048,-25.31778],[44.71279,-25.31243],[44.69913,-25.31089],[44.65231,-25.3029],[44.62467,-25.30004],[44.60136,-25.29688],[44.57066,-25.29467],[44.53753,-25.29094],[44.51769,-25.28983],[44.51652,-25.28397],[44.50751,-25.27489],[44.50012,-25.26405],[44.49695,-25.25144],[44.49679,-25.24193],[44.50979,-25.20841],[44.51234,-25.20435],[44.51801,-25.18584],[44.52321,-25.18154],[44.52953,-25.18508],[44.53488,-25.17748],[44.53121,-25.16987],[44.53135,-25.16429],[44.5385,-25.16317],[44.54621,-25.16768],[44.55389,-25.16663],[44.55729,-25.16376],[44.55905,-25.15409],[44.57294,-25.15038],[44.57849,-25.14536],[44.57573,-25.13798],[44.59295,-25.13357],[44.59948,-25.12818],[44.60343,-25.12053],[44.61942,-25.10898],[44.62662,-25.09522],[44.6327,-25.08978],[44.64796,-25.08204],[44.65932,-25.07396],[44.66196,-25.06893],[44.66494,-25.05508],[44.67132,-25.05257],[44.68043,-25.05294],[44.68497,-25.0493],[44.68652,-25.04215],[44.68594,-25.03091],[44.69125,-25.02707],[44.70682,-25.02696],[44.71722,-25.02505],[44.72564,-25.01845],[44.72886,-25.01246],[44.73104,-25.00179],[44.74448,-24.99453],[44.75456,-24.99096],[44.7604,-24.98279],[44.76603,-24.98009],[44.77476,-24.97181],[44.77752,-24.96602],[44.77702,-24.95755],[44.79348,-24.95806],[44.80231,-24.95083],[44.80852,-24.9376],[44.82123,-24.93664],[44.83054,-24.93404],[44.83904,-24.92815],[44.84544,-24.92887],[44.84856,-24.92375],[44.86292,-24.91964],[44.8658,-24.91379],[44.87204,-24.90769],[44.88256,-24.90671],[44.88669,-24.90904],[44.88667,-24.91526],[44.89682,-24.9173],[44.90468,-24.91136],[44.91053,-24.89686],[44.91529,-24.89121],[44.91279,-24.88534],[44.91528,-24.87914],[44.9214,-24.87578],[44.93198,-24.86542],[44.93726,-24.85795],[44.94214,-24.85465],[44.94575,-24.84839],[44.95221,-24.8447],[44.96546,-24.83244],[44.96664,-24.824],[44.9738,-24.80485],[44.97283,-24.79983],[44.97972,-24.79434],[44.97506,-24.77893],[44.98075,-24.77625],[44.99062,-24.78209],[44.99368,-24.77864],[44.99081,-24.7728],[44.99822,-24.77084],[45.01149,-24.77982],[45.01769,-24.78014],[45.02842,-24.77583],[45.02289,-24.76084],[45.02912,-24.74971],[45.03232,-24.74757],[45.04512,-24.74742],[45.04778,-24.73904],[45.04717,-24.73339],[45.04275,-24.72369],[45.0473,-24.7226],[45.05203,-24.71478],[45.05594,-24.70392],[45.05559,-24.70011],[45.05019,-24.69406],[45.05093,-24.68535],[45.06227,-24.67032],[45.06857,-24.65884],[45.06749,-24.64644],[45.06318,-24.63987],[45.05548,-24.62394],[45.05336,-24.61682],[45.05895,-24.60039],[45.06206,-24.59492],[45.05763,-24.59228],[45.05916,-24.58804],[45.06743,-24.58603],[45.08087,-24.57369],[45.08157,-24.5699],[45.09447,-24.56356],[45.09095,-24.5525],[45.08719,-24.54609],[45.09141,-24.53769],[45.09054,-24.52833],[45.09648,-24.51874],[45.09194,-24.51125],[45.08369,-24.50804],[45.08276,-24.49551],[45.08711,-24.49336],[45.08529,-24.48453],[45.07811,-24.47944],[45.0717,-24.47783],[45.06855,-24.46938],[45.07308,-24.45861],[45.06545,-24.45034],[45.06205,-24.44351],[45.06389,-24.43203],[45.05823,-24.42505],[45.05235,-24.40951],[45.0586,-24.40175],[45.05443,-24.39478],[45.05454,-24.38653],[45.05053,-24.37832],[45.04981,-24.36351],[45.05332,-24.35005],[45.05121,-24.34411],[45.05436,-24.3403],[45.05709,-24.32494],[45.0559,-24.3208],[45.04706,-24.30935],[45.05733,-24.3059],[45.06447,-24.29974],[45.06431,-24.29444],[45.06821,-24.27586],[45.07797,-24.25967],[45.09087,-24.2537],[45.10273,-24.23339],[45.11685,-24.22496],[45.12182,-24.22037],[45.12448,-24.21073],[45.13367,-24.19206],[45.15031,-24.17485],[45.14569,-24.15806],[45.14531,-24.15016],[45.14733,-24.13162],[45.15139,-24.11913],[45.14891,-24.10594],[45.14954,-24.09612],[45.14714,-24.08701],[45.15407,-24.07581],[45.15286,-24.06098],[45.15913,-24.04343],[45.16043,-24.02832],[45.1651,-24.02033],[45.16407,-24.00932],[45.15536,-24.00715],[45.1548,-24.00236],[45.15985,-23.99658],[45.17244,-23.99421],[45.17479,-23.98876],[45.18533,-23.98035],[45.18519,-23.96513],[45.1822,-23.94991],[45.17543,-23.94368],[45.17755,-23.92623],[45.17622,-23.91291],[45.16926,-23.90456],[45.16985,-23.89569],[45.17822,-23.88411],[45.19142,-23.86896],[45.19391,-23.86061],[45.18688,-23.86037],[45.18829,-23.8559],[45.17997,-23.8513],[45.18313,-23.84836],[45.17605,-23.84578],[45.17784,-23.83989],[45.17469,-23.83345],[45.17955,-23.83496],[45.18529,-23.83277],[45.18904,-23.83725],[45.18932,-23.84324],[45.20277,-23.83799],[45.20533,-23.83478],[45.20818,-23.8211],[45.21065,-23.81915],[45.21989,-23.82113],[45.22499,-23.81695],[45.23171,-23.81563],[45.24782,-23.81608],[45.24818,-23.81129],[45.25709,-23.80622],[45.27047,-23.80685],[45.26883,-23.80187],[45.25652,-23.79547],[45.25296,-23.78465],[45.24842,-23.77683],[45.23842,-23.76719],[45.25095,-23.76103],[45.25741,-23.76631],[45.28042,-23.77588],[45.28906,-23.77204],[45.2954,-23.77208],[45.30773,-23.77575],[45.32182,-23.78407],[45.33048,-23.78746],[45.34049,-23.78851],[45.35499,-23.78291],[45.37385,-23.78243],[45.38688,-23.77981],[45.41723,-23.7795],[45.42257,-23.77636],[45.42876,-23.76442],[45.43317,-23.77775]]]}},{"type":"Feature","properties":{"code_zone":"MG53","nom_zone":"Anosy","niveau":"Région","code_parent":null,"nom_parent":null},"geometry":{"type":"Polygon","coordinates":[[[46.50019,-23.61946],[46.49161,-23.62846],[46.49058,-23.63345],[46.48571,-23.63946],[46.48682,-23.64469],[46.4818,-23.66305],[46.47867,-23.66514],[46.46741,-23.66437],[46.46022,-23.67041],[46.45486,-23.67239],[46.44888,-23.68394],[46.44582,-23.69507],[46.44912,-23.7036],[46.44564,-23.70937],[46.43775,-23.7139],[46.43793,-23.72234],[46.43425,-23.72737],[46.42055,-23.73227],[46.41241,-23.7407],[46.41205,-23.74707],[46.41635,-23.75611],[46.41744,-23.76351],[46.41251,-23.76749],[46.40465,-23.77829],[46.40365,-23.78862],[46.40051,-23.79262],[46.39354,-23.81109],[46.39706,-23.83105],[46.4098,-23.83468],[46.41632,-23.82943],[46.42705,-23.83003],[46.44354,-23.84707],[46.43982,-23.85864],[46.45023,-23.86188],[46.45958,-23.86792],[46.47461,-23.86797],[46.47672,-23.87556],[46.48458,-23.87807],[46.49029,-23.8878],[46.49803,-23.89137],[46.49961,-23.89813],[46.50556,-23.9064],[46.50141,-23.91769],[46.50688,-23.9248],[46.5178,-23.91994],[46.52384,-23.92097],[46.52306,-23.92784],[46.52871,-23.93624],[46.53779,-23.93923],[46.54578,-23.93516],[46.56005,-23.93492],[46.56587,-23.93613],[46.57577,-23.93357],[46.5832,-23.92598],[46.58952,-23.93379],[46.58733,-23.93974],[46.59002,-23.94236],[46.59773,-23.94184],[46.59996,-23.94475],[46.6108,-23.9437],[46.61768,-23.94504],[46.62251,-23.95549],[46.6251,-23.95029],[46.62798,-23.95365],[46.6267,-23.96],[46.64072,-23.96964],[46.64191,-23.96518],[46.65153,-23.96328],[46.65174,-23.96961],[46.66031,-23.96942],[46.66716,-23.97334],[46.66496,-23.9816],[46.66624,-23.98591],[46.67183,-23.9804],[46.68438,-23.97688],[46.68484,-23.9885],[46.69117,-23.98734],[46.70124,-23.98966],[46.70545,-23.99401],[46.71808,-24.00001],[46.71763,-24.00548],[46.71257,-24.01016],[46.71136,-24.01978],[46.70607,-24.02945],[46.71523,-24.0406],[46.72148,-24.0432],[46.72624,-24.05137],[46.7242,-24.05819],[46.73238,-24.08264],[46.73467,-24.09613],[46.7312,-24.10729],[46.7473,-24.11353],[46.76204,-24.10819],[46.77606,-24.11272],[46.78302,-24.11959],[46.78874,-24.11927],[46.79511,-24.11517],[46.80217,-24.11498],[46.81073,-24.10907],[46.81926,-24.10534],[46.82908,-24.10393],[46.84433,-24.11337],[46.85274,-24.11385],[46.85617,-24.12117],[46.86627,-24.13467],[46.87214,-24.14847],[46.87953,-24.15448],[46.88322,-24.16007],[46.87779,-24.17944],[46.87487,-24.19344],[46.87315,-24.21072],[46.88157,-24.22056],[46.8885,-24.22463],[46.88327,-24.23166],[46.87914,-24.24447],[46.88509,-24.25905],[46.88341,-24.26439],[46.88397,-24.27887],[46.88669,-24.28832],[46.88712,-24.29705],[46.89212,-24.29482],[46.90005,-24.29519],[46.90654,-24.29294],[46.92778,-24.28997],[46.93542,-24.29035],[46.94879,-24.28398],[46.95263,-24.27848],[46.968,-24.28137],[46.97846,-24.27832],[46.98095,-24.27272],[46.98587,-24.27332],[47.00272,-24.25715],[47.00373,-24.2443],[47.00696,-24.23567],[47.01372,-24.23842],[47.01749,-24.22967],[47.02536,-24.22315],[47.03217,-24.22618],[47.03749,-24.22291],[47.03929,-24.217],[47.03462,-24.19421],[47.04041,-24.19277],[47.04229,-24.18332],[47.03779,-24.17638],[47.03747,-24.16741],[47.02333,-24.1519],[47.01226,-24.14604],[47.00968,-24.13426],[47.01709,-24.11808],[47.02175,-24.11586],[47.02302,-24.10633],[47.02635,-24.10266],[47.04334,-24.09665],[47.0504,-24.08588],[47.06005,-24.09462],[47.06733,-24.09477],[47.07413,-24.08808],[47.08259,-24.09092],[47.08665,-24.07899],[47.09964,-24.07801],[47.1057,-24.08499],[47.10741,-24.07838],[47.11368,-24.07275],[47.11963,-24.07523],[47.12187,-24.0718],[47.1145,-24.06461],[47.11247,-24.05984],[47.11399,-24.05403],[47.11049,-24.04773],[47.11865,-24.04891],[47.12737,-24.044],[47.12907,-24.03368],[47.13183,-24.03063],[47.12598,-24.02673],[47.11486,-24.0133],[47.11646,-23.993],[47.10848,-23.9853],[47.11149,-23.98181],[47.12384,-23.97478],[47.13953,-23.98119],[47.14972,-23.99367],[47.15909,-23.99663],[47.1644,-23.99637],[47.17125,-24.00028],[47.18035,-24.00185],[47.19474,-23.99944],[47.20006,-24.00103],[47.20585,-23.99845],[47.2084,-24.00122],[47.21477,-24.00021],[47.21884,-24.01066],[47.22711,-24.01902],[47.23774,-24.03338],[47.24484,-24.03703],[47.25224,-24.03155],[47.26352,-24.02983],[47.27276,-24.03204],[47.27693,-24.04432],[47.27618,-24.04802],[47.28164,-24.05638],[47.28262,-24.06475],[47.30342,-24.0721],[47.3071,-24.06466],[47.31324,-24.06056],[47.32651,-24.07105],[47.32971,-24.085],[47.33378,-24.08588],[47.33174,-24.09146],[47.34807,-24.08724],[47.34979,-24.09444],[47.35347,-24.09265],[47.36923,-24.09418],[47.37546,-24.09793],[47.38128,-24.09835],[47.385,-24.10738],[47.39371,-24.11897],[47.39532,-24.12327],[47.40266,-24.12553],[47.407,-24.1358],[47.41436,-24.13902],[47.41269,-24.14737],[47.40457,-24.16032],[47.40043,-24.1727],[47.39966,-24.18261],[47.40192,-24.18388],[47.39731,-24.19394],[47.39019,-24.21466],[47.38912,-24.22446],[47.38029,-24.24554],[47.38105,-24.25044],[47.37259,-24.2596],[47.36881,-24.26805],[47.35749,-24.28277],[47.34733,-24.30059],[47.34511,-24.30961],[47.34428,-24.32111],[47.33928,-24.32664],[47.33237,-24.34616],[47.32034,-24.37516],[47.31717,-24.38631],[47.31811,-24.38933],[47.31399,-24.396],[47.30426,-24.42719],[47.30588,-24.43361],[47.30205,-24.4404],[47.30412,-24.4487],[47.30139,-24.45809],[47.30431,-24.4636],[47.30153,-24.4692],[47.28965,-24.50295],[47.28603,-24.51858],[47.28168,-24.53051],[47.28144,-24.53774],[47.27507,-24.55051],[47.26879,-24.56713],[47.26139,-24.5793],[47.25906,-24.58684],[47.25263,-24.59482],[47.23999,-24.62049],[47.23312,-24.63994],[47.22444,-24.66918],[47.21962,-24.67322],[47.20966,-24.68649],[47.20596,-24.69717],[47.20221,-24.70125],[47.19481,-24.71411],[47.19153,-24.72304],[47.18853,-24.73757],[47.1896,-24.75269],[47.19312,-24.76157],[47.2013,-24.7736],[47.19796,-24.7796],[47.19908,-24.78477],[47.19492,-24.78229],[47.19265,-24.78844],[47.19487,-24.79213],[47.17883,-24.79377],[47.17328,-24.79668],[47.16049,-24.80882],[47.14848,-24.82857],[47.13128,-24.85015],[47.12468,-24.86663],[47.1214,-24.87944],[47.12018,-24.89118],[47.12201,-24.90126],[47.12899,-24.90879],[47.13724,-24.909],[47.13844,-24.92153],[47.13332,-24.93056],[47.12843,-24.93077],[47.12696,-24.92633],[47.11706,-24.93777],[47.11023,-24.93948],[47.1036,-24.94657],[47.10872,-24.95347],[47.1053,-24.95902],[47.10571,-24.96538],[47.10244,-24.97419],[47.09799,-24.97855],[47.10228,-24.9796],[47.09909,-24.9924],[47.09605,-24.99444],[47.09111,-24.98811],[47.0932,-24.97763],[47.08825,-24.97341],[47.07539,-24.9714],[47.06122,-24.97176],[47.04055,-24.9764],[47.0276,-24.98135],[47.01533,-24.98792],[47.00605,-24.99479],[46.99516,-25.00622],[46.99132,-25.01666],[46.99277,-25.02504],[46.99726,-25.02827],[47.00159,-25.02665],[46.99809,-25.03452],[46.99966,-25.04006],[46.99635,-25.04487],[46.99519,-25.03852],[46.98778,-25.03457],[46.97526,-25.0368],[46.9649,-25.04473],[46.95977,-25.05253],[46.95775,-25.06168],[46.9613,-25.06727],[46.96492,-25.06603],[46.96422,-25.07217],[46.95997,-25.07657],[46.95277,-25.07553],[46.95351,-25.07043],[46.94339,-25.06775],[46.92164,-25.06826],[46.90362,-25.07226],[46.87835,-25.08072],[46.85127,-25.09239],[46.83968,-25.09897],[46.83217,-25.10739],[46.83259,-25.11296],[46.82775,-25.12259],[46.80936,-25.12062],[46.80087,-25.12308],[46.79443,-25.13508],[46.78562,-25.13724],[46.77984,-25.14432],[46.78012,-25.14962],[46.76843,-25.15895],[46.75742,-25.15925],[46.75784,-25.15061],[46.75474,-25.14685],[46.74432,-25.14857],[46.73942,-25.15328],[46.7384,-25.16185],[46.7453,-25.16369],[46.73408,-25.17121],[46.72803,-25.17297],[46.72002,-25.18033],[46.70552,-25.1793],[46.69251,-25.18019],[46.679,-25.18645],[46.65779,-25.18989],[46.65442,-25.18879],[46.65271,-25.19541],[46.63628,-25.20063],[46.63004,-25.1994],[46.62665,-25.19332],[46.62737,-25.18746],[46.61439,-25.18293],[46.58276,-25.18435],[46.56865,-25.18423],[46.54797,-25.17671],[46.54121,-25.17274],[46.51751,-25.16686],[46.49293,-25.16503],[46.47311,-25.16667],[46.44578,-25.17302],[46.4098,-25.17492],[46.38748,-25.17671],[46.36139,-25.18074],[46.34761,-25.18448],[46.33515,-25.18617],[46.28459,-25.19893],[46.27703,-25.20196],[46.25825,-25.20685],[46.24668,-25.19898],[46.24465,-25.19395],[46.25442,-25.18571],[46.26231,-25.18323],[46.26601,-25.17868],[46.27236,-25.17651],[46.27466,-25.16977],[46.2648,-25.161],[46.27039,-25.15686],[46.26283,-25.1339],[46.2666,-25.129],[46.264,-25.10935],[46.27605,-25.09545],[46.2741,-25.08772],[46.26398,-25.07066],[46.26491,-25.0667],[46.27525,-25.05146],[46.28701,-25.04461],[46.28904,-25.03878],[46.28395,-25.03441],[46.27725,-25.02129],[46.2627,-24.99957],[46.25048,-24.98341],[46.24146,-24.98354],[46.2326,-24.99044],[46.22504,-24.99243],[46.21719,-25.00634],[46.21355,-25.01641],[46.19072,-25.00714],[46.19465,-24.99866],[46.19886,-24.99521],[46.19479,-24.99057],[46.19116,-24.98143],[46.18273,-24.9813],[46.17284,-24.98726],[46.17197,-24.99441],[46.16615,-25.00091],[46.16092,-24.98712],[46.16179,-24.97652],[46.16092,-24.96406],[46.16109,-24.94347],[46.14794,-24.94931],[46.14113,-24.95545],[46.13577,-24.96783],[46.13376,-24.96502],[46.12988,-24.89464],[46.1291,-24.88557],[46.11864,-24.88413],[46.10739,-24.88699],[46.09744,-24.89366],[46.09457,-24.89151],[46.08527,-24.87617],[46.07516,-24.87561],[46.07227,-24.87168],[46.06665,-24.85652],[46.06529,-24.8493],[46.06209,-24.84693],[46.05234,-24.84636],[46.04732,-24.84275],[46.03301,-24.83661],[46.02373,-24.83007],[45.99785,-24.82573],[45.98004,-24.82382],[45.98176,-24.81934],[46.00065,-24.81534],[46.00843,-24.80943],[46.01632,-24.80614],[46.03345,-24.80401],[46.03772,-24.8005],[46.03305,-24.80005],[46.02308,-24.79447],[46.01995,-24.78587],[46.02997,-24.77981],[46.02218,-24.75623],[46.01434,-24.74619],[46.00687,-24.73987],[46.0014,-24.74059],[45.99516,-24.73758],[45.99642,-24.73037],[45.98679,-24.72863],[45.98014,-24.72345],[45.97844,-24.71391],[45.98013,-24.70713],[45.98016,-24.69519],[45.98931,-24.69308],[45.98754,-24.68525],[45.97116,-24.66175],[45.95478,-24.66374],[45.94964,-24.66055],[45.937,-24.66049],[45.93724,-24.65408],[45.93055,-24.65134],[45.92751,-24.6445],[45.92745,-24.63351],[45.93469,-24.62837],[45.93832,-24.623],[45.95425,-24.62156],[45.95802,-24.61346],[45.96616,-24.6095],[45.96747,-24.5999],[45.96583,-24.59122],[45.96154,-24.58338],[45.95491,-24.58459],[45.95071,-24.5798],[45.94814,-24.56969],[45.93994,-24.5627],[45.93645,-24.54949],[45.9296,-24.53782],[45.92625,-24.52392],[45.92884,-24.52214],[45.93531,-24.51038],[45.94499,-24.49736],[45.94821,-24.49568],[45.95625,-24.49801],[45.96933,-24.50666],[45.97944,-24.51151],[45.9891,-24.50711],[46.00178,-24.48799],[46.00206,-24.48348],[46.00875,-24.48256],[46.01028,-24.47925],[46.00344,-24.46987],[45.99899,-24.45481],[45.98818,-24.44743],[45.98294,-24.43692],[45.98543,-24.43109],[45.98314,-24.41405],[45.97703,-24.41154],[45.97226,-24.40198],[45.9643,-24.40305],[45.95821,-24.40006],[45.961,-24.38997],[45.96017,-24.38386],[45.97048,-24.38104],[45.97354,-24.37567],[45.97154,-24.36986],[45.96047,-24.36404],[45.96042,-24.35136],[45.95364,-24.345],[45.93734,-24.33903],[45.93632,-24.34334],[45.92496,-24.3432],[45.91938,-24.33625],[45.90642,-24.33431],[45.90336,-24.33117],[45.90075,-24.32096],[45.90066,-24.30679],[45.91838,-24.29618],[45.92673,-24.28849],[45.91726,-24.27879],[45.90012,-24.26763],[45.88891,-24.26287],[45.87833,-24.26013],[45.85527,-24.24765],[45.84792,-24.24574],[45.82797,-24.22995],[45.81556,-24.21762],[45.81384,-24.20874],[45.82372,-24.19901],[45.82431,-24.19083],[45.83162,-24.17704],[45.83062,-24.17116],[45.83609,-24.16286],[45.84014,-24.14646],[45.83256,-24.1506],[45.82679,-24.14658],[45.82118,-24.13842],[45.81228,-24.14549],[45.79235,-24.13346],[45.78708,-24.12747],[45.77163,-24.11844],[45.7501,-24.10192],[45.74483,-24.09517],[45.74816,-24.07798],[45.7543,-24.06865],[45.75516,-24.05781],[45.74785,-24.05068],[45.7475,-24.03722],[45.74958,-24.02526],[45.74926,-24.00282],[45.75109,-23.99703],[45.74214,-23.99494],[45.73927,-23.989],[45.7394,-23.98243],[45.73668,-23.98006],[45.7201,-23.97944],[45.71459,-23.98088],[45.70928,-23.98829],[45.70544,-23.98985],[45.70142,-23.98649],[45.70479,-23.94605],[45.7069,-23.93817],[45.70168,-23.93007],[45.69586,-23.93036],[45.68737,-23.93604],[45.68178,-23.94796],[45.67604,-23.95105],[45.66676,-23.94586],[45.66122,-23.94717],[45.65124,-23.96457],[45.64544,-23.96804],[45.63155,-23.96907],[45.6181,-23.98095],[45.61356,-23.98271],[45.60187,-23.97936],[45.5953,-23.9799],[45.59061,-23.99089],[45.58123,-23.99917],[45.57424,-23.99687],[45.57112,-23.98954],[45.5633,-23.98375],[45.55859,-23.98784],[45.54913,-23.99206],[45.53545,-24.00257],[45.53103,-24.00386],[45.51526,-23.99596],[45.50355,-23.99537],[45.49377,-23.98919],[45.48763,-23.98134],[45.48093,-23.98147],[45.47818,-23.97371],[45.48033,-23.96612],[45.48573,-23.95624],[45.48268,-23.94394],[45.47938,-23.93899],[45.46709,-23.93664],[45.47224,-23.92784],[45.47358,-23.9099],[45.47924,-23.89921],[45.48426,-23.89514],[45.49098,-23.88533],[45.50002,-23.88231],[45.50425,-23.87155],[45.49077,-23.86978],[45.49049,-23.86596],[45.49953,-23.8523],[45.51498,-23.84236],[45.51446,-23.83731],[45.48464,-23.83784],[45.47715,-23.83578],[45.47136,-23.83098],[45.46317,-23.81485],[45.45472,-23.80683],[45.44912,-23.80664],[45.4472,-23.8016],[45.45032,-23.79653],[45.44782,-23.78646],[45.44141,-23.77889],[45.43317,-23.77775],[45.42876,-23.76442],[45.42567,-23.75965],[45.42482,-23.74533],[45.42776,-23.72212],[45.43415,-23.71922],[45.4471,-23.7078],[45.46709,-23.70117],[45.46136,-23.69422],[45.45073,-23.68806],[45.45055,-23.66973],[45.4469,-23.66096],[45.44706,-23.65527],[45.43571,-23.64993],[45.42045,-23.63989],[45.40836,-23.62944],[45.40569,-23.62403],[45.41526,-23.6079],[45.43202,-23.59305],[45.42672,-23.57683],[45.42769,-23.56646],[45.43268,-23.55943],[45.45255,-23.54999],[45.45939,-23.54182],[45.45587,-23.53819],[45.45983,-23.52686],[45.45896,-23.52316],[45.45228,-23.51948],[45.44656,-23.51201],[45.44216,-23.48026],[45.43091,-23.47545],[45.42316,-23.47943],[45.41514,-23.47902],[45.40639,-23.47274],[45.39712,-23.4708],[45.39699,-23.45998],[45.38618,-23.45221],[45.37688,-23.45465],[45.37105,-23.45206],[45.36836,-23.44046],[45.36284,-23.42945],[45.35757,-23.42805],[45.35218,-23.43165],[45.34029,-23.43519],[45.32942,-23.44163],[45.32553,-23.45968],[45.32131,-23.46869],[45.31516,-23.47313],[45.30686,-23.47483],[45.3037,-23.46744],[45.2939,-23.46494],[45.27947,-23.46392],[45.27125,-23.46135],[45.25175,-23.46682],[45.23949,-23.46724],[45.21617,-23.45877],[45.21113,-23.45409],[45.20598,-23.45545],[45.20205,-23.44843],[45.20022,-23.43957],[45.2038,-23.42361],[45.20061,-23.41707],[45.20559,-23.41114],[45.21303,-23.41159],[45.21925,-23.39535],[45.22054,-23.38829],[45.22604,-23.38843],[45.23769,-23.38335],[45.2423,-23.37626],[45.24996,-23.37161],[45.25976,-23.37069],[45.27658,-23.36296],[45.2751,-23.35633],[45.2871,-23.34001],[45.28497,-23.33302],[45.29277,-23.32577],[45.29933,-23.30989],[45.30654,-23.30061],[45.31229,-23.27657],[45.31352,-23.26566],[45.31803,-23.25766],[45.32714,-23.23322],[45.32647,-23.21903],[45.32977,-23.20887],[45.32836,-23.20613],[45.33017,-23.19636],[45.33659,-23.19098],[45.34864,-23.16977],[45.35309,-23.16494],[45.34937,-23.15526],[45.35289,-23.13824],[45.34749,-23.12076],[45.34498,-23.11855],[45.33724,-23.10982],[45.35252,-23.10903],[45.35671,-23.11873],[45.3624,-23.11547],[45.36759,-23.09651],[45.36262,-23.08787],[45.3606,-23.0734],[45.3631,-23.06698],[45.36118,-23.05979],[45.3646,-23.05063],[45.36008,-23.04278],[45.36273,-23.03611],[45.3598,-23.02569],[45.36252,-22.99934],[45.36114,-22.99374],[45.36788,-22.9871],[45.36897,-22.97931],[45.36669,-22.96593],[45.37158,-22.95636],[45.37041,-22.94426],[45.37268,-22.93162],[45.36981,-22.92602],[45.37534,-22.91882],[45.38062,-22.91785],[45.38835,-22.92169],[45.39436,-22.91707],[45.38697,-22.90541],[45.38697,-22.89978],[45.3971,-22.89358],[45.39072,-22.88886],[45.39175,-22.88391],[45.39665,-22.88803],[45.4009,-22.88221],[45.39644,-22.87573],[45.40331,-22.86037],[45.40658,-22.86053],[45.41336,-22.86999],[45.41996,-22.86733],[45.42134,-22.86093],[45.43216,-22.85743],[45.43601,-22.85419],[45.43309,-22.83821],[45.43492,-22.83596],[45.44082,-22.84303],[45.45248,-22.84558],[45.46745,-22.84715],[45.47028,-22.84428],[45.47039,-22.83225],[45.47515,-22.82599],[45.48185,-22.82271],[45.49307,-22.82746],[45.49934,-22.8196],[45.5042,-22.81693],[45.51648,-22.81677],[45.51455,-22.81279],[45.51583,-22.80557],[45.52151,-22.79943],[45.52485,-22.80248],[45.53425,-22.80268],[45.5439,-22.79316],[45.55693,-22.79471],[45.55671,-22.78787],[45.56194,-22.78244],[45.56931,-22.78515],[45.57423,-22.78292],[45.57402,-22.77934],[45.5799,-22.7718],[45.58088,-22.76375],[45.58975,-22.76426],[45.59407,-22.76688],[45.6102,-22.76213],[45.61863,-22.76142],[45.62863,-22.7539],[45.63337,-22.7529],[45.63598,-22.74848],[45.64175,-22.74913],[45.64429,-22.75491],[45.64908,-22.75041],[45.64578,-22.74757],[45.64762,-22.74019],[45.65403,-22.74497],[45.65525,-22.75079],[45.66187,-22.75057],[45.65927,-22.74294],[45.66178,-22.73928],[45.66598,-22.74157],[45.68042,-22.74254],[45.6841,-22.74688],[45.68838,-22.74518],[45.68896,-22.73731],[45.69963,-22.73881],[45.70267,-22.73683],[45.7014,-22.72987],[45.70451,-22.72578],[45.70977,-22.73087],[45.71846,-22.72865],[45.72189,-22.72063],[45.72744,-22.72086],[45.73036,-22.72432],[45.73115,-22.73261],[45.73921,-22.73446],[45.74611,-22.73048],[45.75247,-22.73115],[45.75776,-22.71816],[45.77385,-22.7106],[45.77964,-22.7036],[45.78752,-22.70316],[45.79006,-22.69821],[45.79487,-22.70151],[45.79864,-22.69311],[45.80193,-22.69137],[45.81298,-22.69858],[45.82344,-22.69567],[45.81999,-22.68879],[45.82729,-22.68991],[45.83168,-22.68772],[45.84241,-22.68668],[45.84904,-22.68782],[45.85477,-22.68455],[45.85548,-22.67879],[45.86548,-22.68097],[45.87253,-22.67474],[45.87741,-22.67927],[45.88637,-22.67825],[45.89011,-22.68066],[45.89209,-22.68798],[45.90328,-22.68961],[45.90577,-22.68151],[45.90907,-22.68096],[45.91002,-22.68648],[45.91385,-22.68579],[45.91688,-22.67786],[45.92636,-22.67497],[45.93195,-22.68425],[45.94235,-22.68523],[45.94714,-22.68084],[45.94647,-22.67456],[45.9508,-22.67516],[45.95562,-22.68039],[45.95006,-22.68803],[45.95691,-22.68678],[45.96217,-22.68939],[45.9723,-22.69057],[45.97748,-22.68037],[45.9821,-22.68242],[45.9787,-22.69346],[45.98254,-22.69718],[45.98923,-22.69485],[45.99976,-22.69895],[46.00282,-22.69387],[46.00921,-22.69799],[46.00981,-22.70455],[46.01873,-22.70848],[46.02377,-22.71483],[46.03536,-22.72537],[46.04513,-22.72499],[46.0571,-22.72937],[46.05947,-22.73869],[46.06578,-22.74093],[46.06102,-22.74456],[46.06693,-22.74741],[46.06956,-22.74338],[46.07862,-22.74515],[46.08016,-22.76193],[46.08575,-22.79231],[46.09252,-22.79912],[46.1099,-22.80455],[46.11458,-22.81441],[46.11819,-22.81353],[46.12022,-22.823],[46.13058,-22.83004],[46.1388,-22.82164],[46.14792,-22.82201],[46.16413,-22.82831],[46.16865,-22.83667],[46.17283,-22.83886],[46.17907,-22.83765],[46.19478,-22.84674],[46.20033,-22.84581],[46.20422,-22.84137],[46.21053,-22.84057],[46.21961,-22.84586],[46.21881,-22.8631],[46.2288,-22.88256],[46.23129,-22.8966],[46.23365,-22.90174],[46.24325,-22.91042],[46.24592,-22.92378],[46.25178,-22.93149],[46.25706,-22.94504],[46.26571,-22.95671],[46.26763,-22.96302],[46.26295,-22.96283],[46.2656,-22.97317],[46.27147,-22.98244],[46.27018,-22.98753],[46.2832,-22.99807],[46.27759,-23.00259],[46.28012,-23.01002],[46.28868,-23.01303],[46.29203,-23.02182],[46.29692,-23.02599],[46.29796,-23.03207],[46.30327,-23.03479],[46.30734,-23.04196],[46.30958,-23.05111],[46.3196,-23.05604],[46.31942,-23.06368],[46.32536,-23.06974],[46.33251,-23.08134],[46.34038,-23.08408],[46.34176,-23.09235],[46.33788,-23.09909],[46.33361,-23.10038],[46.34429,-23.10434],[46.35131,-23.09897],[46.34898,-23.10563],[46.34381,-23.10891],[46.34334,-23.11465],[46.34746,-23.12076],[46.34628,-23.12481],[46.35053,-23.12742],[46.35122,-23.13505],[46.36003,-23.13938],[46.36867,-23.13819],[46.36606,-23.14378],[46.37031,-23.15225],[46.37636,-23.15102],[46.38351,-23.15383],[46.38952,-23.16407],[46.39579,-23.16895],[46.39942,-23.16642],[46.41707,-23.16189],[46.42137,-23.16569],[46.43771,-23.16416],[46.44174,-23.17505],[46.44449,-23.17747],[46.45411,-23.17868],[46.46454,-23.18676],[46.46355,-23.1951],[46.46611,-23.19938],[46.47349,-23.20275],[46.46637,-23.20911],[46.46472,-23.22188],[46.46688,-23.22847],[46.4732,-23.23153],[46.47043,-23.24752],[46.46613,-23.25642],[46.46762,-23.27061],[46.46396,-23.27616],[46.46878,-23.28292],[46.46558,-23.28656],[46.45801,-23.28891],[46.44977,-23.28698],[46.44459,-23.29974],[46.44689,-23.30506],[46.45548,-23.30708],[46.45346,-23.31139],[46.45546,-23.31749],[46.44991,-23.32521],[46.4597,-23.3292],[46.46301,-23.33705],[46.45911,-23.34361],[46.46303,-23.35135],[46.47446,-23.35552],[46.47742,-23.36331],[46.47376,-23.36439],[46.473,-23.36977],[46.46026,-23.3726],[46.45116,-23.37246],[46.44749,-23.37918],[46.44783,-23.39079],[46.44376,-23.39323],[46.44812,-23.39608],[46.44716,-23.40104],[46.44001,-23.41029],[46.42673,-23.41507],[46.42158,-23.41325],[46.42075,-23.42033],[46.40688,-23.43021],[46.40059,-23.43689],[46.40291,-23.44246],[46.40034,-23.44994],[46.40545,-23.45924],[46.41034,-23.46055],[46.41717,-23.47022],[46.42155,-23.48063],[46.41379,-23.48684],[46.41436,-23.49179],[46.42013,-23.49083],[46.42445,-23.49604],[46.43428,-23.49746],[46.44488,-23.49682],[46.48588,-23.50276],[46.49271,-23.50307],[46.49477,-23.50811],[46.4914,-23.53615],[46.49176,-23.55411],[46.49349,-23.56293],[46.49419,-23.57837],[46.49695,-23.59443],[46.49662,-23.60137],[46.50013,-23.61636],[46.50019,-23.61946]]]}},{"type":"Feature","properties":{"code_zone":"MG54","nom_zone":"Menabe","niveau":"Région","code_parent":null,"nom_parent":null},"geometry":{"type":"MultiPolygon","coordinates":[[[[44.40669,-19.73034],[44.40455,-19.73756],[44.39628,-19.75185],[44.39676,-19.74195],[44.40211,-19.73311],[44.40704,-19.72139],[44.4178,-19.71623],[44.41632,-19.72055],[44.40669,-19.73034]]],[[[44.40983,-19.65115],[44.4012,-19.64806],[44.40124,-19.64384],[44.40932,-19.64376],[44.40983,-19.65115]]],[[[44.41253,-19.63113],[44.40565,-19.63223],[44.40678,-19.62562],[44.41248,-19.61771],[44.40736,-19.6283],[44.41253,-19.63113]]],[[[44.41545,-19.60567],[44.41069,-19.61129],[44.40552,-19.62466],[44.403,-19.63714],[44.39974,-19.63323],[44.40504,-19.62063],[44.40844,-19.60793],[44.41422,-19.60269],[44.42378,-19.60131],[44.42118,-19.60585],[44.41545,-19.60567]]],[[[45.51262,-18.34302],[45.52489,-18.35458],[45.53189,-18.36279],[45.54193,-18.36813],[45.55598,-18.3778],[45.5686,-18.37065],[45.5782,-18.36349],[45.58387,-18.3628],[45.58758,-18.37002],[45.5869,-18.37998],[45.58967,-18.38265],[45.58634,-18.38932],[45.5886,-18.39267],[45.58855,-18.40613],[45.58304,-18.41273],[45.57534,-18.41618],[45.56348,-18.42735],[45.56883,-18.43362],[45.57482,-18.43379],[45.57267,-18.43806],[45.58264,-18.43867],[45.58048,-18.44131],[45.58308,-18.45398],[45.59064,-18.452],[45.58937,-18.45897],[45.59264,-18.46069],[45.5898,-18.47035],[45.58523,-18.46998],[45.59233,-18.47605],[45.58444,-18.47837],[45.59087,-18.48493],[45.59277,-18.4921],[45.59077,-18.49573],[45.59853,-18.5024],[45.58967,-18.50228],[45.59514,-18.507],[45.59439,-18.51045],[45.59856,-18.52017],[45.59348,-18.52548],[45.5944,-18.53355],[45.58816,-18.54284],[45.59154,-18.54818],[45.59074,-18.55264],[45.5847,-18.54992],[45.57976,-18.56252],[45.58547,-18.56038],[45.594,-18.56367],[45.596,-18.55777],[45.6002,-18.55845],[45.60432,-18.56433],[45.60323,-18.56876],[45.6061,-18.57377],[45.59971,-18.57613],[45.59663,-18.5714],[45.59432,-18.578],[45.59507,-18.58388],[45.58912,-18.58496],[45.59358,-18.58924],[45.58859,-18.6003],[45.57816,-18.60089],[45.56618,-18.6214],[45.56847,-18.62567],[45.55989,-18.62496],[45.55476,-18.61934],[45.54148,-18.63221],[45.54389,-18.63932],[45.5415,-18.64021],[45.54353,-18.64971],[45.53912,-18.65155],[45.53123,-18.65035],[45.52837,-18.66179],[45.53032,-18.66573],[45.51335,-18.66394],[45.51103,-18.66762],[45.51477,-18.67664],[45.50874,-18.67845],[45.50862,-18.68293],[45.50165,-18.67858],[45.49844,-18.68423],[45.50604,-18.68491],[45.50343,-18.69608],[45.48624,-18.69958],[45.48433,-18.70448],[45.47758,-18.70033],[45.47075,-18.71258],[45.46607,-18.71561],[45.46913,-18.71865],[45.46583,-18.72384],[45.46949,-18.74116],[45.47402,-18.74282],[45.47409,-18.74983],[45.48146,-18.7614],[45.47683,-18.76733],[45.48153,-18.76889],[45.48336,-18.78067],[45.48208,-18.78607],[45.48924,-18.79566],[45.48841,-18.80732],[45.49571,-18.81847],[45.50007,-18.81946],[45.51019,-18.82626],[45.51265,-18.83447],[45.50679,-18.8427],[45.51079,-18.85465],[45.50563,-18.87574],[45.50535,-18.88188],[45.48366,-18.89],[45.48317,-18.89823],[45.47839,-18.90954],[45.47729,-18.91804],[45.48319,-18.92139],[45.48468,-18.93179],[45.49151,-18.93459],[45.49592,-18.92922],[45.50176,-18.93052],[45.50687,-18.93825],[45.51233,-18.94037],[45.51788,-18.94606],[45.52352,-18.95556],[45.52526,-18.96227],[45.54158,-18.96788],[45.54953,-18.97897],[45.54518,-18.98181],[45.54839,-18.99064],[45.54436,-18.99745],[45.5446,-19.02068],[45.55207,-19.02609],[45.55815,-19.0279],[45.5627,-19.03419],[45.57347,-19.03475],[45.5758,-19.03227],[45.58751,-19.0345],[45.58837,-19.04012],[45.58519,-19.0507],[45.59311,-19.06517],[45.59131,-19.07777],[45.58179,-19.0785],[45.57538,-19.08199],[45.56506,-19.07731],[45.56165,-19.08216],[45.56048,-19.09586],[45.55434,-19.11025],[45.55479,-19.1189],[45.56182,-19.12951],[45.57494,-19.13486],[45.59405,-19.15562],[45.59906,-19.16478],[45.59245,-19.17148],[45.57319,-19.17908],[45.56099,-19.19055],[45.55284,-19.20061],[45.55228,-19.21166],[45.55372,-19.22513],[45.54902,-19.25202],[45.54732,-19.27119],[45.56133,-19.27998],[45.60166,-19.27307],[45.61065,-19.27568],[45.6214,-19.28427],[45.63666,-19.29203],[45.64383,-19.2989],[45.6573,-19.30579],[45.66185,-19.29385],[45.66996,-19.29217],[45.67261,-19.30244],[45.68247,-19.31273],[45.69415,-19.31705],[45.71393,-19.32141],[45.72785,-19.3189],[45.73824,-19.32065],[45.75798,-19.30992],[45.77338,-19.31223],[45.78247,-19.28834],[45.78353,-19.24903],[45.79266,-19.21488],[45.80169,-19.20565],[45.79936,-19.21656],[45.80272,-19.22429],[45.80049,-19.237],[45.80144,-19.24272],[45.80849,-19.24827],[45.81113,-19.26619],[45.80984,-19.27091],[45.81434,-19.27911],[45.81339,-19.29542],[45.82132,-19.29954],[45.8235,-19.30502],[45.81761,-19.31057],[45.82127,-19.31337],[45.8194,-19.31924],[45.83126,-19.33106],[45.83191,-19.3392],[45.82707,-19.34363],[45.82455,-19.34068],[45.82189,-19.3473],[45.82591,-19.34964],[45.818,-19.35437],[45.82872,-19.35813],[45.82702,-19.36614],[45.81816,-19.37061],[45.81736,-19.37432],[45.82199,-19.37945],[45.81903,-19.38293],[45.81639,-19.39224],[45.81937,-19.39734],[45.81691,-19.4049],[45.82206,-19.40903],[45.81974,-19.41507],[45.82266,-19.42217],[45.82275,-19.43643],[45.8193,-19.43818],[45.81526,-19.43364],[45.80651,-19.43491],[45.80435,-19.44068],[45.79991,-19.44083],[45.79325,-19.44537],[45.79283,-19.45143],[45.78781,-19.45139],[45.78411,-19.45576],[45.78174,-19.47141],[45.78563,-19.47485],[45.78846,-19.48302],[45.79614,-19.48708],[45.79685,-19.49524],[45.79251,-19.51651],[45.78776,-19.52024],[45.78089,-19.53605],[45.784,-19.54295],[45.79085,-19.54907],[45.79218,-19.55694],[45.79597,-19.56459],[45.80561,-19.56155],[45.81186,-19.56555],[45.82025,-19.56586],[45.82595,-19.56939],[45.83074,-19.58391],[45.82836,-19.59019],[45.82321,-19.59443],[45.81781,-19.60962],[45.82334,-19.61734],[45.82492,-19.62773],[45.8309,-19.63102],[45.83134,-19.63775],[45.83757,-19.64555],[45.83536,-19.64751],[45.83479,-19.65668],[45.83201,-19.66182],[45.83566,-19.67252],[45.83999,-19.67773],[45.83013,-19.68136],[45.82857,-19.69193],[45.82041,-19.70199],[45.80618,-19.70915],[45.80309,-19.71876],[45.80505,-19.73703],[45.81209,-19.75388],[45.82271,-19.76593],[45.82959,-19.77586],[45.82764,-19.77957],[45.8309,-19.78278],[45.82792,-19.78923],[45.81853,-19.79466],[45.81577,-19.80003],[45.80391,-19.80973],[45.80366,-19.81865],[45.7981,-19.82639],[45.80032,-19.83001],[45.79662,-19.83848],[45.80055,-19.84752],[45.79906,-19.85483],[45.78573,-19.86234],[45.77642,-19.86497],[45.77441,-19.87592],[45.77153,-19.88141],[45.76851,-19.88135],[45.75848,-19.89888],[45.7612,-19.90808],[45.76524,-19.91269],[45.76034,-19.92214],[45.75143,-19.92859],[45.74792,-19.93584],[45.74571,-19.94775],[45.75201,-19.95123],[45.75437,-19.96016],[45.75262,-19.9666],[45.75448,-19.97801],[45.75978,-19.97773],[45.7664,-19.98308],[45.77215,-19.9985],[45.78429,-20.00035],[45.793,-20.00697],[45.78558,-20.01161],[45.78228,-20.01621],[45.78472,-20.0206],[45.78512,-20.0288],[45.79158,-20.03057],[45.79436,-20.04227],[45.78628,-20.04342],[45.7803,-20.04103],[45.76993,-20.04842],[45.76966,-20.05191],[45.76221,-20.04978],[45.75927,-20.04304],[45.755,-20.04038],[45.75082,-20.04491],[45.75539,-20.05152],[45.75651,-20.05852],[45.76145,-20.06547],[45.76159,-20.07172],[45.76665,-20.07196],[45.76547,-20.08029],[45.76922,-20.09003],[45.7629,-20.09344],[45.76419,-20.10083],[45.75803,-20.11003],[45.76323,-20.12537],[45.77276,-20.13181],[45.77463,-20.13814],[45.77184,-20.14822],[45.77208,-20.15506],[45.77644,-20.16608],[45.78076,-20.16794],[45.79069,-20.1806],[45.79489,-20.19206],[45.79486,-20.19808],[45.7983,-20.20223],[45.79444,-20.21009],[45.80008,-20.21653],[45.79762,-20.22537],[45.80471,-20.23566],[45.80865,-20.24799],[45.80564,-20.25233],[45.80657,-20.26257],[45.80482,-20.26938],[45.81357,-20.27716],[45.80981,-20.28561],[45.81222,-20.28902],[45.80963,-20.29655],[45.81006,-20.30548],[45.81675,-20.31148],[45.82648,-20.32947],[45.83342,-20.33199],[45.83476,-20.33832],[45.83201,-20.34902],[45.82354,-20.37388],[45.82273,-20.38087],[45.81776,-20.38465],[45.81731,-20.38925],[45.82048,-20.40044],[45.82505,-20.40741],[45.82958,-20.40817],[45.82841,-20.41289],[45.83192,-20.42079],[45.8286,-20.42397],[45.82876,-20.43022],[45.83256,-20.43544],[45.82854,-20.44717],[45.83076,-20.45875],[45.8251,-20.46914],[45.81981,-20.46948],[45.81695,-20.47358],[45.81672,-20.48324],[45.82289,-20.49966],[45.82047,-20.5016],[45.81179,-20.51996],[45.80661,-20.524],[45.78996,-20.52502],[45.78535,-20.52987],[45.78447,-20.535],[45.79132,-20.54422],[45.80574,-20.55217],[45.81269,-20.55865],[45.81949,-20.56173],[45.81853,-20.56818],[45.82413,-20.58035],[45.82521,-20.59438],[45.82128,-20.60073],[45.82728,-20.61299],[45.82587,-20.62446],[45.83062,-20.6275],[45.82292,-20.64058],[45.828,-20.65078],[45.82818,-20.65662],[45.83361,-20.65931],[45.8334,-20.66967],[45.83099,-20.67589],[45.83384,-20.68163],[45.83831,-20.68281],[45.84228,-20.69197],[45.84007,-20.69935],[45.8415,-20.71474],[45.82962,-20.71537],[45.82429,-20.71311],[45.82,-20.71709],[45.81039,-20.71755],[45.78996,-20.72314],[45.78415,-20.73624],[45.78619,-20.74267],[45.78422,-20.74533],[45.79181,-20.75756],[45.7886,-20.76211],[45.78387,-20.76153],[45.77709,-20.76766],[45.78042,-20.77305],[45.77308,-20.78349],[45.77201,-20.79012],[45.77561,-20.79393],[45.77319,-20.80322],[45.77475,-20.8081],[45.7748,-20.82388],[45.76549,-20.83865],[45.76768,-20.85101],[45.77182,-20.85733],[45.77075,-20.86052],[45.78076,-20.87676],[45.77633,-20.87821],[45.77145,-20.88995],[45.76698,-20.89481],[45.77329,-20.90189],[45.77066,-20.90917],[45.78107,-20.91686],[45.7757,-20.92576],[45.76918,-20.91799],[45.76891,-20.913],[45.75968,-20.91105],[45.7531,-20.91415],[45.72816,-20.91254],[45.72102,-20.91366],[45.71163,-20.9124],[45.70693,-20.90872],[45.68482,-20.9101],[45.67977,-20.91294],[45.66781,-20.92393],[45.66574,-20.93985],[45.65849,-20.9509],[45.66329,-20.95901],[45.66402,-20.96434],[45.65546,-20.97622],[45.6478,-20.98414],[45.63061,-20.99145],[45.62165,-20.98961],[45.61795,-20.98282],[45.6174,-20.97373],[45.60964,-20.9718],[45.5964,-20.97663],[45.59306,-20.98256],[45.57554,-20.98748],[45.57034,-20.99157],[45.56307,-20.98673],[45.55954,-20.98737],[45.55195,-20.9791],[45.53323,-20.98642],[45.51849,-20.98034],[45.50693,-20.9776],[45.49956,-20.98494],[45.49809,-20.99194],[45.50245,-20.99694],[45.50492,-21.00722],[45.5017,-21.01092],[45.50414,-21.02028],[45.50104,-21.02341],[45.49418,-21.02343],[45.48624,-21.04264],[45.4743,-21.04294],[45.47171,-21.04832],[45.46654,-21.05093],[45.46059,-21.04905],[45.45309,-21.04989],[45.44772,-21.05771],[45.4411,-21.06126],[45.43788,-21.06709],[45.44287,-21.07437],[45.44775,-21.07725],[45.44589,-21.08268],[45.4324,-21.08332],[45.4314,-21.08596],[45.41933,-21.09079],[45.41185,-21.10376],[45.40633,-21.10425],[45.39652,-21.10949],[45.38976,-21.1174],[45.3896,-21.12106],[45.38431,-21.12353],[45.37791,-21.13152],[45.37766,-21.13666],[45.37202,-21.13548],[45.36852,-21.14021],[45.37382,-21.14742],[45.35985,-21.15529],[45.35282,-21.15287],[45.34843,-21.15544],[45.34872,-21.16166],[45.35329,-21.16641],[45.34919,-21.17409],[45.34449,-21.17802],[45.33225,-21.17757],[45.33376,-21.16807],[45.33704,-21.16621],[45.3285,-21.15619],[45.31892,-21.15802],[45.31409,-21.14951],[45.31534,-21.14098],[45.30279,-21.14646],[45.29427,-21.14685],[45.28745,-21.14451],[45.27663,-21.14551],[45.26767,-21.14335],[45.25456,-21.14374],[45.24811,-21.148],[45.23924,-21.14564],[45.22653,-21.14706],[45.22442,-21.15235],[45.21747,-21.15612],[45.21098,-21.16679],[45.20149,-21.17575],[45.18312,-21.18881],[45.17894,-21.19926],[45.16532,-21.19945],[45.15944,-21.20093],[45.15143,-21.21347],[45.14337,-21.21238],[45.13926,-21.21486],[45.13589,-21.22209],[45.11766,-21.23093],[45.11576,-21.23723],[45.11701,-21.24346],[45.10292,-21.25691],[45.09834,-21.26701],[45.09896,-21.28515],[45.09671,-21.28834],[45.08709,-21.2908],[45.07916,-21.28678],[45.07137,-21.28752],[45.05459,-21.2859],[45.04505,-21.28862],[45.04067,-21.28724],[45.02896,-21.29077],[45.01954,-21.29698],[44.98401,-21.28774],[44.97957,-21.29404],[44.97426,-21.29488],[44.95695,-21.28636],[44.95008,-21.28526],[44.94105,-21.28722],[44.93578,-21.28499],[44.93383,-21.27593],[44.92605,-21.26724],[44.9214,-21.25038],[44.91629,-21.245],[44.91538,-21.23638],[44.90791,-21.22795],[44.9021,-21.22594],[44.88878,-21.21712],[44.87246,-21.2106],[44.83844,-21.21049],[44.81446,-21.20456],[44.79546,-21.19614],[44.77837,-21.19624],[44.77057,-21.19888],[44.75698,-21.21757],[44.7475,-21.2401],[44.73821,-21.24534],[44.72184,-21.24917],[44.71252,-21.24978],[44.71056,-21.2562],[44.71497,-21.26403],[44.71433,-21.27888],[44.70927,-21.27765],[44.70258,-21.28477],[44.69553,-21.2845],[44.68685,-21.29735],[44.68281,-21.31643],[44.68418,-21.32677],[44.68152,-21.32992],[44.68217,-21.33922],[44.68641,-21.3547],[44.68888,-21.36884],[44.69783,-21.38008],[44.6972,-21.39434],[44.7005,-21.39855],[44.69743,-21.40236],[44.70138,-21.40831],[44.69642,-21.41201],[44.6965,-21.42847],[44.6997,-21.42814],[44.69592,-21.43604],[44.69692,-21.44016],[44.69031,-21.4434],[44.69271,-21.44568],[44.68421,-21.46295],[44.67935,-21.46245],[44.68247,-21.46954],[44.67703,-21.47529],[44.67824,-21.47866],[44.6845,-21.47995],[44.68185,-21.49211],[44.67684,-21.49913],[44.67993,-21.50648],[44.68002,-21.52218],[44.68423,-21.53236],[44.69457,-21.54402],[44.68335,-21.54836],[44.68098,-21.55522],[44.68934,-21.56841],[44.69943,-21.57418],[44.69501,-21.58255],[44.69769,-21.58828],[44.70848,-21.59262],[44.72479,-21.60982],[44.73036,-21.62053],[44.73307,-21.63227],[44.73536,-21.63122],[44.73773,-21.63951],[44.74544,-21.64623],[44.7514,-21.65467],[44.75429,-21.66556],[44.74748,-21.69696],[44.74445,-21.7064],[44.74638,-21.71492],[44.74624,-21.72716],[44.75076,-21.73093],[44.74501,-21.73684],[44.7306,-21.73984],[44.70538,-21.74151],[44.69749,-21.74527],[44.68322,-21.74649],[44.64979,-21.74528],[44.62223,-21.74954],[44.61254,-21.74861],[44.59995,-21.75373],[44.59028,-21.7662],[44.58836,-21.77337],[44.58386,-21.77692],[44.57943,-21.78488],[44.56647,-21.79584],[44.55979,-21.79676],[44.53582,-21.79435],[44.52624,-21.79631],[44.51735,-21.80208],[44.49738,-21.8087],[44.47773,-21.8142],[44.4626,-21.82102],[44.45849,-21.82467],[44.44834,-21.82674],[44.43452,-21.83676],[44.41669,-21.83679],[44.39558,-21.84306],[44.38143,-21.84349],[44.37099,-21.83737],[44.35929,-21.83526],[44.34938,-21.83598],[44.3418,-21.83919],[44.32566,-21.85685],[44.31613,-21.85962],[44.30869,-21.85428],[44.31145,-21.84595],[44.30916,-21.83663],[44.29984,-21.83174],[44.28776,-21.82009],[44.27773,-21.81629],[44.27362,-21.82092],[44.27543,-21.83256],[44.27399,-21.83894],[44.26747,-21.85179],[44.25706,-21.86082],[44.25,-21.86072],[44.24009,-21.85386],[44.23316,-21.84073],[44.22932,-21.82194],[44.22167,-21.81279],[44.21439,-21.80912],[44.20717,-21.80902],[44.19952,-21.80572],[44.19253,-21.80564],[44.17992,-21.80141],[44.16449,-21.80282],[44.15728,-21.80492],[44.1419,-21.81448],[44.13105,-21.83183],[44.12656,-21.83622],[44.11952,-21.83881],[44.10761,-21.83873],[44.09716,-21.83526],[44.09086,-21.83586],[44.08304,-21.84088],[44.06522,-21.8621],[44.05885,-21.87473],[44.05744,-21.8847],[44.04817,-21.89538],[44.03651,-21.90192],[44.02164,-21.90544],[43.99547,-21.90738],[43.98317,-21.90588],[43.96456,-21.90103],[43.95279,-21.90056],[43.94914,-21.89099],[43.93906,-21.88204],[43.92766,-21.87845],[43.91338,-21.87654],[43.89978,-21.87757],[43.89235,-21.87637],[43.88021,-21.86637],[43.88043,-21.85607],[43.8731,-21.83069],[43.85337,-21.80233],[43.8422,-21.78384],[43.83413,-21.77494],[43.81792,-21.75477],[43.80961,-21.74248],[43.79558,-21.72855],[43.78338,-21.72122],[43.77486,-21.71193],[43.77168,-21.70547],[43.76367,-21.67305],[43.75802,-21.63406],[43.74696,-21.61349],[43.74207,-21.59232],[43.73226,-21.58499],[43.73627,-21.57556],[43.73433,-21.57124],[43.72583,-21.56572],[43.71741,-21.55609],[43.71727,-21.54711],[43.68686,-21.52254],[43.68213,-21.5088],[43.67517,-21.50278],[43.66418,-21.48646],[43.65316,-21.4749],[43.64163,-21.46898],[43.63785,-21.45916],[43.63898,-21.45076],[43.63571,-21.44817],[43.62274,-21.44543],[43.61227,-21.43928],[43.60763,-21.43878],[43.59979,-21.43351],[43.60006,-21.42975],[43.60634,-21.42423],[43.60617,-21.4201],[43.59726,-21.40722],[43.59542,-21.39947],[43.59806,-21.38785],[43.59853,-21.37794],[43.59671,-21.3627],[43.58677,-21.34759],[43.57235,-21.33101],[43.55932,-21.32036],[43.54677,-21.30098],[43.54019,-21.2989],[43.54633,-21.29486],[43.56019,-21.28912],[43.57027,-21.28112],[43.58598,-21.28619],[43.59602,-21.28116],[43.61109,-21.28004],[43.6167,-21.28147],[43.62745,-21.28087],[43.63342,-21.28469],[43.6446,-21.27709],[43.65937,-21.27136],[43.68132,-21.26773],[43.69251,-21.27019],[43.71088,-21.27932],[43.71687,-21.28425],[43.72296,-21.2835],[43.73129,-21.27679],[43.7423,-21.2727],[43.76373,-21.26078],[43.77582,-21.25044],[43.78593,-21.24438],[43.7934,-21.23533],[43.80469,-21.22412],[43.80414,-21.2104],[43.80822,-21.18278],[43.81583,-21.1581],[43.83133,-21.13723],[43.83691,-21.12397],[43.8384,-21.11419],[43.8445,-21.10763],[43.84853,-21.08966],[43.85328,-21.06098],[43.85221,-21.05123],[43.86175,-21.03296],[43.86881,-21.01153],[43.87308,-20.98828],[43.87391,-20.97652],[43.8723,-20.9595],[43.87077,-20.95461],[43.87856,-20.93771],[43.87992,-20.92322],[43.88306,-20.90453],[43.8911,-20.89069],[43.89596,-20.87983],[43.89784,-20.86974],[43.90243,-20.85741],[43.90211,-20.84738],[43.90988,-20.8436],[43.90644,-20.8411],[43.92426,-20.81776],[43.92932,-20.80537],[43.94006,-20.78569],[43.94991,-20.77874],[43.9576,-20.77139],[43.95824,-20.76168],[43.96658,-20.7592],[43.96765,-20.75356],[43.95911,-20.74425],[43.96611,-20.74157],[43.97304,-20.7353],[43.98309,-20.73076],[43.98816,-20.7356],[43.9922,-20.73428],[43.99103,-20.72875],[44.00291,-20.72788],[44.01249,-20.7221],[44.01691,-20.72194],[44.02708,-20.71744],[44.03975,-20.70842],[44.04947,-20.69817],[44.06527,-20.66213],[44.06913,-20.63735],[44.07368,-20.63368],[44.079,-20.62223],[44.0815,-20.61262],[44.08518,-20.60641],[44.08491,-20.58871],[44.08652,-20.58533],[44.08671,-20.56358],[44.0996,-20.54522],[44.10504,-20.5254],[44.10407,-20.51504],[44.10664,-20.50625],[44.11248,-20.4988],[44.11316,-20.48328],[44.12769,-20.48455],[44.13188,-20.48234],[44.13772,-20.48714],[44.14023,-20.48329],[44.14188,-20.46966],[44.15212,-20.45663],[44.16112,-20.44097],[44.16968,-20.43546],[44.18818,-20.42966],[44.19415,-20.43107],[44.19831,-20.42886],[44.19941,-20.42303],[44.20425,-20.42071],[44.21029,-20.41364],[44.21983,-20.40627],[44.22329,-20.39203],[44.23075,-20.38275],[44.23877,-20.37872],[44.24653,-20.36804],[44.25003,-20.35885],[44.25706,-20.32829],[44.25677,-20.31884],[44.2649,-20.30273],[44.26937,-20.29089],[44.27878,-20.28533],[44.2843,-20.27883],[44.29403,-20.26252],[44.29757,-20.24236],[44.31217,-20.23034],[44.32043,-20.21414],[44.3237,-20.2036],[44.33322,-20.18132],[44.34901,-20.17052],[44.35549,-20.15455],[44.36135,-20.15434],[44.35858,-20.14781],[44.36467,-20.14401],[44.3684,-20.13751],[44.37106,-20.12721],[44.37875,-20.12353],[44.37641,-20.11983],[44.38106,-20.11655],[44.38872,-20.10626],[44.39542,-20.10342],[44.40262,-20.08955],[44.41232,-20.08437],[44.41259,-20.08156],[44.42008,-20.07608],[44.4262,-20.05397],[44.43144,-20.05327],[44.43393,-20.04929],[44.42855,-20.04781],[44.43197,-20.0433],[44.438,-20.04548],[44.44517,-20.03193],[44.45425,-20.00953],[44.45875,-19.98943],[44.46501,-19.97139],[44.47584,-19.97824],[44.47852,-19.97492],[44.47646,-19.96321],[44.48476,-19.95899],[44.47523,-19.91919],[44.46905,-19.90362],[44.46449,-19.88469],[44.46563,-19.87867],[44.47301,-19.87801],[44.468,-19.87455],[44.46928,-19.86644],[44.46222,-19.86725],[44.46194,-19.87108],[44.4524,-19.87695],[44.44692,-19.87682],[44.44851,-19.86928],[44.44316,-19.86828],[44.43785,-19.86389],[44.44008,-19.85232],[44.44552,-19.85043],[44.44341,-19.84605],[44.43272,-19.84542],[44.44329,-19.83624],[44.43705,-19.83132],[44.42311,-19.83597],[44.41291,-19.84733],[44.40972,-19.84009],[44.4018,-19.83645],[44.39874,-19.83216],[44.38357,-19.79846],[44.38293,-19.78973],[44.37883,-19.77224],[44.38637,-19.77336],[44.3856,-19.76472],[44.3891,-19.76361],[44.39806,-19.75394],[44.40155,-19.75405],[44.40226,-19.7456],[44.4109,-19.72884],[44.41285,-19.7366],[44.41423,-19.73115],[44.42041,-19.72406],[44.42176,-19.71583],[44.41791,-19.70777],[44.4154,-19.68887],[44.41092,-19.67111],[44.41025,-19.66162],[44.41311,-19.65853],[44.40991,-19.64506],[44.41257,-19.64232],[44.42331,-19.64423],[44.42648,-19.63905],[44.42059,-19.63803],[44.42352,-19.63421],[44.4197,-19.62934],[44.4221,-19.6127],[44.41855,-19.61126],[44.42905,-19.60298],[44.43727,-19.58322],[44.4408,-19.58032],[44.44758,-19.55066],[44.45212,-19.54938],[44.45514,-19.54421],[44.45147,-19.53856],[44.4561,-19.53599],[44.46134,-19.54385],[44.4634,-19.55488],[44.46902,-19.55344],[44.47772,-19.54021],[44.47673,-19.53208],[44.46789,-19.52692],[44.47095,-19.53312],[44.45988,-19.52432],[44.45484,-19.51572],[44.45477,-19.51092],[44.45889,-19.4999],[44.46288,-19.47466],[44.45769,-19.43258],[44.44912,-19.41078],[44.43597,-19.38631],[44.4152,-19.35683],[44.40706,-19.35021],[44.40679,-19.34543],[44.39929,-19.33453],[44.38794,-19.32206],[44.38132,-19.322],[44.37937,-19.32563],[44.37499,-19.32093],[44.36844,-19.31909],[44.3615,-19.29942],[44.36129,-19.29168],[44.35883,-19.28813],[44.35931,-19.2795],[44.35206,-19.27021],[44.34274,-19.25429],[44.32849,-19.23398],[44.30751,-19.20727],[44.30146,-19.19806],[44.28009,-19.17275],[44.27297,-19.16323],[44.2706,-19.15665],[44.27291,-19.15087],[44.28336,-19.16085],[44.2951,-19.1655],[44.30791,-19.16149],[44.31474,-19.16957],[44.32458,-19.17225],[44.34072,-19.17022],[44.34986,-19.16429],[44.34948,-19.1689],[44.36658,-19.16611],[44.38051,-19.17303],[44.38329,-19.17677],[44.38843,-19.17469],[44.39491,-19.17678],[44.40324,-19.17601],[44.40865,-19.17792],[44.40547,-19.17178],[44.41465,-19.16511],[44.4217,-19.16886],[44.43792,-19.16553],[44.44517,-19.16521],[44.47459,-19.16752],[44.48127,-19.17223],[44.49275,-19.16987],[44.50136,-19.1722],[44.51163,-19.15612],[44.52314,-19.1575],[44.53017,-19.16093],[44.5335,-19.16777],[44.5462,-19.16707],[44.55465,-19.17199],[44.57181,-19.17036],[44.58179,-19.16812],[44.58765,-19.16912],[44.60978,-19.16814],[44.63013,-19.17331],[44.644,-19.18486],[44.65931,-19.19004],[44.67151,-19.19567],[44.67846,-19.19736],[44.69189,-19.19706],[44.70233,-19.19824],[44.71993,-19.18807],[44.73533,-19.18924],[44.73422,-19.19847],[44.72727,-19.20695],[44.73348,-19.21268],[44.75068,-19.22284],[44.76034,-19.21582],[44.76418,-19.22083],[44.77703,-19.22614],[44.78044,-19.23124],[44.77895,-19.23602],[44.78075,-19.24783],[44.78693,-19.2523],[44.79432,-19.26346],[44.79881,-19.26564],[44.80788,-19.28308],[44.81604,-19.28271],[44.82215,-19.2868],[44.82014,-19.29049],[44.82493,-19.30469],[44.83009,-19.30513],[44.83804,-19.31282],[44.84846,-19.31484],[44.87254,-19.31393],[44.88023,-19.31115],[44.88671,-19.30221],[44.88644,-19.29457],[44.89233,-19.2812],[44.91363,-19.28171],[44.91777,-19.27394],[44.92216,-19.27116],[44.94639,-19.26847],[44.95304,-19.26909],[44.96425,-19.2637],[44.9784,-19.27131],[44.98942,-19.26945],[44.99979,-19.26409],[45.00825,-19.27025],[45.01699,-19.26872],[45.01989,-19.27185],[45.02227,-19.26514],[45.03551,-19.26266],[45.03751,-19.25329],[45.04557,-19.25204],[45.04865,-19.26169],[45.05988,-19.26081],[45.06752,-19.2538],[45.07622,-19.25867],[45.09025,-19.25706],[45.09578,-19.24764],[45.10465,-19.24624],[45.12065,-19.23731],[45.11146,-19.23307],[45.10229,-19.21993],[45.0894,-19.20818],[45.08026,-19.19013],[45.07352,-19.18508],[45.06669,-19.18651],[45.06227,-19.19022],[45.05132,-19.18029],[45.04161,-19.17802],[45.03369,-19.17875],[45.03161,-19.16759],[45.03595,-19.15682],[45.0245,-19.13781],[45.02494,-19.12189],[45.03036,-19.11756],[45.04419,-19.11227],[45.05138,-19.10662],[45.05446,-19.1],[45.06032,-19.09356],[45.06288,-19.08691],[45.063,-19.07623],[45.05429,-19.06057],[45.05788,-19.04899],[45.04957,-19.04165],[45.04373,-19.03258],[45.0404,-19.01156],[45.04357,-18.99758],[45.04152,-18.98698],[45.03635,-18.98112],[45.03011,-18.96468],[45.0146,-18.94324],[45.00529,-18.94476],[45.001,-18.95031],[44.99941,-18.95667],[44.98193,-18.95185],[44.97597,-18.93946],[44.97709,-18.93056],[44.97199,-18.91032],[44.97578,-18.89188],[44.98434,-18.89093],[44.98968,-18.88661],[44.99755,-18.88396],[44.99868,-18.87708],[44.99607,-18.87182],[45.00711,-18.86432],[45.01368,-18.85332],[45.00863,-18.84146],[45.00902,-18.8302],[45.00641,-18.81769],[45.00015,-18.80524],[44.99021,-18.79512],[44.98016,-18.77814],[44.98322,-18.76567],[44.97219,-18.75425],[44.96722,-18.7636],[44.95986,-18.76661],[44.9566,-18.7647],[44.94322,-18.74105],[44.94425,-18.73535],[44.94818,-18.73405],[44.94976,-18.73827],[44.95864,-18.72931],[44.96395,-18.71828],[44.97144,-18.70956],[44.96703,-18.70031],[44.95677,-18.69836],[44.95647,-18.70253],[44.94993,-18.69847],[44.94513,-18.69205],[44.93952,-18.69222],[44.93081,-18.67671],[44.92397,-18.67543],[44.91701,-18.66785],[44.91543,-18.66199],[44.91593,-18.64737],[44.91067,-18.6422],[44.90357,-18.64109],[44.89966,-18.62101],[44.89912,-18.61192],[44.90148,-18.60308],[44.89962,-18.59165],[44.89322,-18.58833],[44.89032,-18.56322],[44.89118,-18.55863],[44.87969,-18.5172],[44.8738,-18.51059],[44.87488,-18.50452],[44.85188,-18.46702],[44.85077,-18.44779],[44.8456,-18.44355],[44.83389,-18.42651],[44.82345,-18.4076],[44.8133,-18.39733],[44.80905,-18.38002],[44.80313,-18.37347],[44.80095,-18.36542],[44.80975,-18.35949],[44.81237,-18.34766],[44.82733,-18.32503],[44.83234,-18.32306],[44.8448,-18.32375],[44.85821,-18.31818],[44.86229,-18.31884],[44.88036,-18.31288],[44.88654,-18.3067],[44.88722,-18.29694],[44.89783,-18.2999],[44.90525,-18.29766],[44.91459,-18.30223],[44.91663,-18.29135],[44.91444,-18.28636],[44.91894,-18.28013],[44.92126,-18.27279],[44.92989,-18.26226],[44.93336,-18.26178],[44.93482,-18.25603],[44.94193,-18.25028],[44.9455,-18.243],[44.95265,-18.24244],[44.96727,-18.23277],[44.97247,-18.22576],[44.9766,-18.21652],[44.98515,-18.21067],[44.99222,-18.21079],[45.00084,-18.21504],[45.00036,-18.20888],[45.00489,-18.19481],[45.01035,-18.19278],[45.01311,-18.18615],[45.02026,-18.18643],[45.02577,-18.18946],[45.03741,-18.18941],[45.0391,-18.1945],[45.04524,-18.19934],[45.04516,-18.20539],[45.04083,-18.21353],[45.04493,-18.21843],[45.04946,-18.20852],[45.05321,-18.20496],[45.06125,-18.20686],[45.07085,-18.21171],[45.07318,-18.21621],[45.07191,-18.2247],[45.07725,-18.23197],[45.07667,-18.23948],[45.08759,-18.24784],[45.09555,-18.25848],[45.10395,-18.26186],[45.10494,-18.25617],[45.11195,-18.25216],[45.11,-18.24596],[45.11587,-18.24228],[45.12144,-18.24197],[45.12842,-18.23697],[45.13302,-18.23978],[45.13655,-18.23613],[45.14338,-18.24093],[45.14709,-18.23093],[45.1553,-18.22406],[45.16568,-18.22422],[45.16862,-18.2213],[45.16737,-18.21389],[45.17148,-18.20804],[45.17657,-18.20757],[45.18249,-18.21108],[45.19244,-18.20969],[45.1976,-18.21545],[45.21259,-18.21971],[45.22096,-18.21919],[45.2362,-18.22259],[45.23862,-18.22925],[45.24338,-18.23471],[45.24999,-18.23727],[45.2543,-18.24969],[45.28516,-18.26077],[45.29298,-18.2618],[45.30405,-18.2748],[45.31743,-18.28366],[45.32362,-18.28385],[45.33323,-18.27884],[45.3372,-18.28002],[45.3409,-18.28813],[45.34618,-18.28851],[45.35462,-18.29916],[45.36441,-18.30286],[45.36353,-18.31769],[45.36853,-18.32348],[45.3816,-18.32548],[45.40072,-18.32607],[45.41025,-18.33141],[45.4178,-18.33241],[45.4253,-18.3411],[45.42777,-18.3488],[45.43931,-18.35559],[45.44481,-18.36043],[45.45488,-18.36048],[45.47456,-18.35193],[45.48569,-18.34286],[45.49281,-18.32847],[45.50037,-18.32755],[45.51262,-18.34302]]]]}},{"type":"Feature","properties":{"code_zone":"MG71","nom_zone":"Diana","niveau":"Région","code_parent":null,"nom_parent":null},"geometry":{"type":"MultiPolygon","coordinates":[[[[47.82831,-14.05493],[47.81689,-14.0536],[47.80591,-14.04726],[47.79869,-14.04546],[47.79324,-14.04734],[47.78681,-14.03717],[47.7872,-14.02798],[47.78315,-14.00956],[47.77843,-13.99806],[47.78313,-13.99517],[47.78489,-13.98975],[47.78444,-13.97988],[47.78975,-13.97169],[47.79391,-13.98239],[47.80332,-13.99572],[47.80554,-14.00861],[47.81528,-14.02083],[47.82306,-14.03639],[47.8294,-14.05299],[47.82831,-14.05493]]],[[[47.97575,-13.94352],[47.97917,-13.93627],[47.98188,-13.94051],[47.98153,-13.94846],[47.97575,-13.94352]]],[[[47.9682,-13.93491],[47.97669,-13.93397],[47.97446,-13.93995],[47.96998,-13.94204],[47.9682,-13.93491]]],[[[47.76322,-13.95552],[47.76139,-13.93423],[47.77154,-13.93392],[47.77758,-13.94812],[47.7679,-13.95764],[47.76322,-13.95552]]],[[[48.32449,-13.75589],[48.33959,-13.75791],[48.33349,-13.76288],[48.32348,-13.76533],[48.32449,-13.75589]]],[[[48.32898,-13.75415],[48.33167,-13.74517],[48.34049,-13.74375],[48.34392,-13.74892],[48.33958,-13.75549],[48.32898,-13.75415]]],[[[48.31495,-13.74419],[48.3127,-13.73926],[48.32858,-13.73644],[48.32895,-13.74288],[48.31495,-13.74419]]],[[[48.18319,-13.71852],[48.18859,-13.71529],[48.19213,-13.71942],[48.19027,-13.72609],[48.18319,-13.71852]]],[[[48.31905,-13.64143],[48.32419,-13.63587],[48.32731,-13.64207],[48.31905,-13.64143]]],[[[47.82281,-13.59937],[47.81446,-13.59405],[47.81519,-13.58496],[47.81888,-13.58503],[47.82497,-13.59386],[47.82281,-13.59937]]],[[[48.0956,-13.56753],[48.09841,-13.56741],[48.09582,-13.57147],[48.0956,-13.56753]]],[[[48.45016,-13.55967],[48.44186,-13.55122],[48.45292,-13.55159],[48.45016,-13.55967]]],[[[48.4404,-13.53399],[48.44416,-13.53248],[48.44142,-13.54029],[48.43452,-13.53136],[48.4404,-13.53399]]],[[[48.50946,-13.53179],[48.51479,-13.52406],[48.51477,-13.53557],[48.50946,-13.53179]]],[[[48.52961,-13.5288],[48.54279,-13.52369],[48.54375,-13.52752],[48.53206,-13.53114],[48.52961,-13.5288]]],[[[48.36075,-13.44869],[48.37197,-13.46771],[48.37219,-13.47524],[48.36722,-13.49081],[48.35582,-13.49784],[48.34208,-13.49869],[48.33479,-13.49439],[48.33003,-13.48789],[48.32404,-13.46942],[48.32511,-13.45697],[48.33179,-13.44742],[48.33661,-13.44638],[48.34585,-13.44026],[48.35074,-13.44448],[48.36075,-13.44869]]],[[[48.34809,-13.43609],[48.34826,-13.43704],[48.34764,-13.43743],[48.34809,-13.43609]]],[[[48.372,-13.43996],[48.36745,-13.44009],[48.36242,-13.42883],[48.37257,-13.43478],[48.372,-13.43996]]],[[[48.17753,-13.36954],[48.17791,-13.36],[48.1861,-13.35789],[48.1852,-13.37334],[48.17753,-13.36954]]],[[[48.48674,-13.31072],[48.49693,-13.32076],[48.49266,-13.32534],[48.49466,-13.32999],[48.48832,-13.33107],[48.48284,-13.33595],[48.48341,-13.34792],[48.49219,-13.35774],[48.50206,-13.35743],[48.51223,-13.36495],[48.50629,-13.37899],[48.50079,-13.37195],[48.49223,-13.37077],[48.47498,-13.35074],[48.47347,-13.33994],[48.46963,-13.33053],[48.4637,-13.32344],[48.45851,-13.32129],[48.45894,-13.316],[48.455,-13.30843],[48.46189,-13.30412],[48.48238,-13.30421],[48.48674,-13.31072]]],[[[48.1744,-13.30485],[48.16221,-13.31417],[48.15467,-13.31353],[48.15415,-13.31816],[48.14864,-13.31997],[48.15261,-13.31205],[48.1478,-13.31127],[48.14799,-13.2999],[48.15751,-13.29135],[48.16859,-13.29404],[48.17412,-13.29042],[48.17721,-13.29632],[48.1744,-13.30485]]],[[[48.18523,-13.28736],[48.18749,-13.28471],[48.18933,-13.28853],[48.18523,-13.28736]]],[[[48.29281,-13.20795],[48.30041,-13.20129],[48.30479,-13.2007],[48.30553,-13.21192],[48.30996,-13.21839],[48.313,-13.22958],[48.30457,-13.23078],[48.30331,-13.23684],[48.30828,-13.24038],[48.30212,-13.24464],[48.29662,-13.24459],[48.29474,-13.25086],[48.29536,-13.25921],[48.30142,-13.2666],[48.31015,-13.26578],[48.3123,-13.25759],[48.31465,-13.26076],[48.30624,-13.27045],[48.31248,-13.27135],[48.30853,-13.27608],[48.31417,-13.27865],[48.31652,-13.27286],[48.32155,-13.27085],[48.3227,-13.26311],[48.3271,-13.26524],[48.32628,-13.27331],[48.33247,-13.28022],[48.32934,-13.28485],[48.32935,-13.29139],[48.32485,-13.29861],[48.32336,-13.31071],[48.34124,-13.31287],[48.3458,-13.31954],[48.34706,-13.3296],[48.34375,-13.33626],[48.34594,-13.34685],[48.33952,-13.3493],[48.32898,-13.34286],[48.32513,-13.34697],[48.31831,-13.34543],[48.318,-13.35247],[48.31403,-13.36068],[48.3179,-13.36746],[48.32413,-13.37314],[48.3272,-13.37069],[48.32893,-13.37521],[48.34157,-13.38823],[48.34692,-13.38121],[48.35241,-13.38894],[48.35253,-13.40228],[48.36008,-13.40976],[48.34676,-13.4094],[48.34222,-13.40605],[48.33451,-13.41389],[48.33272,-13.41833],[48.32684,-13.42195],[48.31381,-13.42483],[48.30575,-13.41462],[48.30188,-13.40257],[48.29653,-13.3999],[48.29176,-13.40731],[48.28647,-13.40854],[48.2866,-13.4019],[48.28223,-13.40439],[48.27966,-13.40026],[48.2775,-13.40815],[48.27041,-13.40353],[48.2666,-13.40453],[48.26085,-13.4162],[48.25391,-13.41547],[48.24585,-13.40447],[48.23836,-13.39977],[48.23059,-13.39779],[48.23109,-13.39438],[48.22003,-13.39314],[48.21533,-13.38625],[48.21615,-13.39469],[48.21332,-13.39844],[48.20775,-13.39917],[48.19815,-13.39635],[48.20187,-13.39163],[48.1961,-13.39197],[48.18831,-13.38884],[48.19119,-13.37706],[48.18808,-13.37534],[48.18719,-13.3609],[48.18928,-13.35488],[48.18398,-13.34628],[48.18357,-13.33804],[48.18096,-13.33059],[48.17703,-13.3396],[48.17382,-13.33847],[48.17993,-13.32107],[48.17928,-13.31562],[48.18252,-13.31274],[48.1822,-13.30237],[48.18787,-13.29917],[48.19372,-13.28689],[48.19964,-13.27919],[48.198,-13.27507],[48.19144,-13.27626],[48.18631,-13.27328],[48.18522,-13.27869],[48.17571,-13.26739],[48.18022,-13.26728],[48.17718,-13.26224],[48.17188,-13.26038],[48.17,-13.25599],[48.17283,-13.2517],[48.18225,-13.24965],[48.1836,-13.25327],[48.19096,-13.24779],[48.20212,-13.25226],[48.19921,-13.25936],[48.20849,-13.26584],[48.21575,-13.26489],[48.21767,-13.27177],[48.21165,-13.27042],[48.21621,-13.27633],[48.22225,-13.27558],[48.2227,-13.27247],[48.22955,-13.27168],[48.22709,-13.26102],[48.2305,-13.25985],[48.23714,-13.26886],[48.23499,-13.27436],[48.23965,-13.2796],[48.2447,-13.27656],[48.25585,-13.27472],[48.26236,-13.26611],[48.25889,-13.25461],[48.2516,-13.24544],[48.25315,-13.23874],[48.25078,-13.22871],[48.2471,-13.22178],[48.24428,-13.22174],[48.24626,-13.21139],[48.24887,-13.21342],[48.25777,-13.20408],[48.26853,-13.19803],[48.27618,-13.19878],[48.28563,-13.20225],[48.29281,-13.20795]]],[[[48.59934,-12.96401],[48.59883,-12.95895],[48.60363,-12.95776],[48.60333,-12.96444],[48.59934,-12.96401]]],[[[48.57456,-12.84247],[48.57508,-12.83579],[48.58177,-12.83643],[48.5823,-12.84264],[48.57456,-12.84247]]],[[[48.6211,-12.85497],[48.61529,-12.86031],[48.60932,-12.8751],[48.61262,-12.87668],[48.60907,-12.88649],[48.61443,-12.89484],[48.61268,-12.90821],[48.60914,-12.90594],[48.59809,-12.91569],[48.598,-12.92007],[48.60326,-12.91796],[48.60411,-12.9214],[48.59456,-12.92816],[48.58654,-12.93674],[48.58375,-12.92686],[48.57688,-12.91932],[48.57194,-12.91776],[48.56123,-12.89989],[48.55818,-12.89923],[48.55178,-12.89191],[48.54262,-12.89061],[48.53929,-12.88534],[48.54585,-12.88436],[48.55495,-12.87946],[48.56626,-12.88592],[48.56943,-12.89867],[48.57631,-12.90805],[48.58264,-12.90639],[48.58209,-12.89845],[48.5879,-12.89231],[48.59274,-12.8826],[48.59128,-12.87709],[48.59901,-12.87541],[48.60901,-12.8652],[48.6132,-12.84986],[48.61414,-12.83731],[48.61098,-12.82468],[48.61352,-12.82028],[48.62246,-12.82367],[48.63241,-12.83509],[48.62667,-12.84825],[48.62814,-12.85583],[48.6211,-12.85497]]],[[[48.6899,-12.74708],[48.68183,-12.75214],[48.68102,-12.75725],[48.676,-12.75786],[48.67191,-12.75173],[48.67304,-12.74441],[48.67672,-12.74225],[48.67746,-12.73418],[48.68532,-12.72737],[48.69012,-12.73186],[48.69125,-12.74022],[48.6899,-12.74708]]],[[[49.66281,-12.68483],[49.6625,-12.70786],[49.65993,-12.69993],[49.66148,-12.69686],[49.65821,-12.68901],[49.66085,-12.68621],[49.65586,-12.67688],[49.6533,-12.67827],[49.6511,-12.68725],[49.63993,-12.68646],[49.63823,-12.68447],[49.64743,-12.67451],[49.65453,-12.66968],[49.65912,-12.67484],[49.66281,-12.68483]]],[[[49.59878,-12.62628],[49.58803,-12.6364],[49.5783,-12.63072],[49.57889,-12.62763],[49.57226,-12.61459],[49.58824,-12.61955],[49.59878,-12.62628]]],[[[49.60282,-12.61648],[49.59622,-12.61597],[49.59171,-12.61953],[49.5756,-12.61443],[49.57821,-12.60621],[49.57443,-12.59998],[49.583,-12.60283],[49.58929,-12.59687],[49.59809,-12.60897],[49.59673,-12.60149],[49.59322,-12.599],[49.5978,-12.59376],[49.60357,-12.60359],[49.60282,-12.61648]]],[[[48.85597,-12.56756],[48.8521,-12.57108],[48.84541,-12.56866],[48.84769,-12.56158],[48.85404,-12.56215],[48.85597,-12.56756]]],[[[48.67548,-12.44991],[48.67053,-12.46122],[48.66419,-12.45029],[48.66491,-12.44402],[48.6749,-12.4476],[48.67548,-12.44991]]],[[[49.55197,-12.40557],[49.55954,-12.41333],[49.55607,-12.41927],[49.54785,-12.41683],[49.53637,-12.39922],[49.54685,-12.39723],[49.55197,-12.40557]]],[[[48.71388,-12.38431],[48.71004,-12.39306],[48.70337,-12.3932],[48.6999,-12.38914],[48.7011,-12.37856],[48.70645,-12.37836],[48.71388,-12.38431]]],[[[48.97857,-12.26602],[48.97542,-12.26114],[48.98126,-12.2578],[48.98287,-12.26096],[48.97857,-12.26602]]],[[[49.01558,-12.24511],[49.00888,-12.25458],[49.00042,-12.25477],[49.00078,-12.25034],[49.00683,-12.24777],[49.00928,-12.23931],[49.00575,-12.23306],[49.01104,-12.22901],[49.01851,-12.23146],[49.01558,-12.24511]]],[[[49.38575,-12.17056],[49.39362,-12.1706],[49.38991,-12.18121],[49.39398,-12.18555],[49.39495,-12.192],[49.3894,-12.18615],[49.38308,-12.18503],[49.3857,-12.18008],[49.37389,-12.17401],[49.37525,-12.16695],[49.3817,-12.16619],[49.38575,-12.17056]]],[[[49.36921,-12.13572],[49.37433,-12.14313],[49.36991,-12.14191],[49.36548,-12.13472],[49.35649,-12.13771],[49.35383,-12.13543],[49.36369,-12.12861],[49.3635,-12.12596],[49.37098,-12.12766],[49.36921,-12.13572]]],[[[49.04817,-12.12742],[49.04639,-12.12176],[49.04955,-12.11096],[49.05343,-12.11283],[49.04817,-12.12742]]],[[[49.63612,-12.81684],[49.62759,-12.81594],[49.62298,-12.81152],[49.62282,-12.80614],[49.61863,-12.79891],[49.61328,-12.79748],[49.60138,-12.80585],[49.59827,-12.80348],[49.57528,-12.80981],[49.57148,-12.81358],[49.56715,-12.82866],[49.55628,-12.83744],[49.55303,-12.84751],[49.55314,-12.85312],[49.52812,-12.84562],[49.52481,-12.84785],[49.51851,-12.86454],[49.51465,-12.86788],[49.5205,-12.88267],[49.5245,-12.88926],[49.52039,-12.89544],[49.50898,-12.90248],[49.48437,-12.92965],[49.47398,-12.95015],[49.47505,-12.95294],[49.49461,-12.96464],[49.49172,-12.97881],[49.48372,-12.98871],[49.4775,-12.99268],[49.47304,-13.00038],[49.46728,-13.01931],[49.47234,-13.02622],[49.47415,-13.04891],[49.47091,-13.0543],[49.47126,-13.06744],[49.4647,-13.0831],[49.44723,-13.08243],[49.43347,-13.09861],[49.43064,-13.10967],[49.41944,-13.11376],[49.41448,-13.11137],[49.41507,-13.11804],[49.41175,-13.12424],[49.41947,-13.12794],[49.41383,-13.13197],[49.41783,-13.14127],[49.41126,-13.14607],[49.41961,-13.15102],[49.41971,-13.15586],[49.42475,-13.16153],[49.4203,-13.16913],[49.43349,-13.17283],[49.44358,-13.17966],[49.44897,-13.18849],[49.44704,-13.19564],[49.45298,-13.19593],[49.45197,-13.20124],[49.4474,-13.20703],[49.44983,-13.21277],[49.44898,-13.22872],[49.44243,-13.23259],[49.43904,-13.2276],[49.43774,-13.23371],[49.44045,-13.23788],[49.43677,-13.25257],[49.4382,-13.25541],[49.42598,-13.26487],[49.42626,-13.27117],[49.42212,-13.27111],[49.41769,-13.28224],[49.4058,-13.28976],[49.40856,-13.30113],[49.41935,-13.31201],[49.42108,-13.32488],[49.4255,-13.3355],[49.41811,-13.34159],[49.41951,-13.34706],[49.41522,-13.3484],[49.39996,-13.34285],[49.38009,-13.36085],[49.3752,-13.3689],[49.37073,-13.37103],[49.35639,-13.37048],[49.35271,-13.37548],[49.35241,-13.3834],[49.34626,-13.39088],[49.33938,-13.3959],[49.32816,-13.39398],[49.32563,-13.40283],[49.3381,-13.43425],[49.33583,-13.442],[49.34092,-13.44813],[49.34242,-13.45765],[49.33865,-13.46739],[49.33434,-13.47078],[49.3393,-13.47765],[49.34189,-13.48548],[49.34617,-13.48849],[49.3476,-13.50249],[49.35619,-13.50399],[49.35835,-13.50667],[49.35345,-13.51525],[49.35306,-13.52733],[49.34657,-13.53578],[49.34891,-13.53986],[49.36397,-13.54481],[49.3678,-13.55187],[49.36445,-13.55749],[49.36941,-13.56823],[49.37431,-13.5692],[49.3762,-13.57754],[49.37467,-13.5912],[49.37585,-13.60139],[49.38276,-13.6066],[49.37725,-13.61336],[49.3651,-13.61566],[49.35848,-13.62137],[49.35667,-13.62813],[49.36413,-13.64106],[49.3698,-13.64277],[49.37183,-13.65188],[49.37536,-13.65628],[49.37896,-13.66821],[49.38649,-13.67167],[49.40339,-13.67575],[49.41149,-13.68084],[49.40707,-13.69362],[49.40577,-13.70393],[49.40135,-13.71047],[49.40447,-13.72332],[49.40058,-13.73096],[49.40023,-13.73824],[49.39639,-13.74856],[49.39994,-13.75669],[49.39986,-13.76581],[49.39678,-13.77857],[49.39017,-13.78327],[49.39244,-13.78646],[49.38622,-13.79932],[49.38197,-13.80388],[49.38567,-13.80874],[49.38687,-13.81621],[49.3852,-13.82606],[49.37882,-13.84313],[49.36892,-13.84795],[49.36726,-13.85996],[49.35903,-13.86311],[49.35398,-13.87018],[49.35114,-13.88223],[49.34295,-13.88604],[49.33821,-13.89279],[49.34169,-13.89937],[49.34118,-13.90803],[49.33325,-13.91846],[49.33167,-13.93648],[49.33478,-13.94085],[49.34041,-13.94218],[49.34554,-13.94912],[49.34024,-13.95906],[49.33174,-13.96318],[49.33111,-13.9725],[49.32429,-13.97615],[49.31914,-13.99081],[49.3127,-13.9906],[49.30617,-13.98678],[49.29616,-13.98679],[49.28667,-13.991],[49.28182,-13.9863],[49.27389,-13.98648],[49.26381,-13.99846],[49.26006,-13.99466],[49.25461,-13.9945],[49.24357,-14.00508],[49.22939,-14.00416],[49.22211,-14.0101],[49.21996,-14.01563],[49.21248,-14.02385],[49.21292,-14.0319],[49.21804,-14.03784],[49.20524,-14.06017],[49.20006,-14.06081],[49.19863,-14.07507],[49.19924,-14.08537],[49.19198,-14.10208],[49.18795,-14.11392],[49.17405,-14.12319],[49.16065,-14.12332],[49.16137,-14.13425],[49.14829,-14.15555],[49.15083,-14.16413],[49.14972,-14.17476],[49.15243,-14.18215],[49.15141,-14.18804],[49.14602,-14.19471],[49.14068,-14.19588],[49.12396,-14.20586],[49.11732,-14.20022],[49.10846,-14.19847],[49.09247,-14.19945],[49.08543,-14.20692],[49.08017,-14.20612],[49.06859,-14.1983],[49.06377,-14.19881],[49.06092,-14.19062],[49.04819,-14.18518],[49.04029,-14.18914],[49.02682,-14.18265],[49.02165,-14.17512],[49.01513,-14.17031],[49.01055,-14.17038],[49.00188,-14.16474],[48.99039,-14.16263],[48.98749,-14.15628],[48.9828,-14.15775],[48.97936,-14.16476],[48.9727,-14.14597],[48.96332,-14.14883],[48.95068,-14.15944],[48.94427,-14.15825],[48.93206,-14.16378],[48.91907,-14.17641],[48.91294,-14.18765],[48.91186,-14.19307],[48.8983,-14.19593],[48.88397,-14.21625],[48.87553,-14.22301],[48.86663,-14.22447],[48.83782,-14.2372],[48.83298,-14.24668],[48.82753,-14.25029],[48.82109,-14.26017],[48.81269,-14.2651],[48.79949,-14.26373],[48.79299,-14.26098],[48.7864,-14.2524],[48.7832,-14.25182],[48.78109,-14.23495],[48.77311,-14.22211],[48.76869,-14.22361],[48.76159,-14.21781],[48.75893,-14.2094],[48.75393,-14.20871],[48.74692,-14.2131],[48.73448,-14.20476],[48.73386,-14.2077],[48.72742,-14.20878],[48.71989,-14.21408],[48.71997,-14.21645],[48.70822,-14.22272],[48.70587,-14.22757],[48.69693,-14.23747],[48.67981,-14.24085],[48.67635,-14.23663],[48.6608,-14.23738],[48.65739,-14.23284],[48.64066,-14.23032],[48.63363,-14.23147],[48.61033,-14.23057],[48.60431,-14.22856],[48.55927,-14.22687],[48.55425,-14.22762],[48.53998,-14.2201],[48.52551,-14.21917],[48.51596,-14.21623],[48.50183,-14.19512],[48.4873,-14.19102],[48.48125,-14.18138],[48.47293,-14.1745],[48.46178,-14.16796],[48.44638,-14.16502],[48.43251,-14.16422],[48.4276,-14.16569],[48.41021,-14.16416],[48.39697,-14.168],[48.388,-14.16388],[48.37903,-14.16712],[48.37821,-14.15728],[48.3737,-14.14735],[48.37167,-14.13404],[48.36659,-14.12236],[48.36745,-14.11564],[48.3621,-14.11054],[48.35803,-14.11162],[48.35556,-14.11782],[48.34234,-14.1231],[48.33639,-14.12031],[48.32744,-14.10601],[48.32225,-14.1032],[48.31987,-14.09495],[48.31652,-14.09493],[48.31247,-14.08486],[48.30943,-14.04221],[48.3128,-14.01146],[48.31199,-14.0029],[48.3143,-13.98931],[48.32349,-13.98137],[48.32534,-13.97064],[48.31787,-13.93273],[48.31351,-13.91881],[48.29833,-13.90718],[48.29198,-13.90358],[48.27606,-13.89002],[48.26665,-13.88033],[48.24696,-13.8736],[48.23346,-13.87586],[48.22037,-13.88454],[48.19435,-13.89576],[48.18621,-13.90407],[48.17519,-13.91141],[48.16226,-13.91088],[48.15198,-13.91997],[48.13315,-13.94206],[48.12731,-13.9423],[48.1162,-13.94838],[48.10847,-13.95467],[48.09834,-13.96902],[48.09432,-13.96393],[48.08765,-13.96363],[48.08091,-13.96663],[48.07328,-13.96672],[48.07204,-13.97267],[48.07857,-13.9757],[48.07034,-13.9779],[48.07538,-13.98219],[48.07807,-13.98856],[48.08471,-13.99328],[48.08623,-13.99928],[48.07475,-13.99909],[48.07143,-14.00529],[48.07731,-14.0098],[48.07365,-14.01562],[48.0541,-14.01861],[48.05033,-14.02229],[48.04129,-14.0254],[48.02926,-14.02718],[48.02582,-14.03461],[48.02766,-14.04049],[48.03422,-14.04836],[48.03384,-14.05597],[48.02267,-14.06678],[48.0062,-14.0662],[47.99058,-14.0611],[47.98025,-14.0543],[47.97034,-14.05018],[47.96303,-14.03949],[47.95052,-14.02652],[47.94249,-14.02101],[47.9274,-14.01714],[47.92198,-14.01024],[47.92174,-14.00518],[47.93449,-14.00133],[47.94813,-14.0003],[47.95808,-14.00357],[47.96275,-14.00211],[47.97453,-14.00231],[47.97735,-13.99701],[47.98324,-13.99585],[47.98464,-13.98434],[47.98992,-13.97983],[47.99595,-13.97926],[48.00304,-13.99281],[48.00705,-13.99786],[47.99807,-13.97625],[48.00231,-13.98084],[48.00773,-13.9767],[48.01881,-13.98058],[48.01633,-13.97598],[48.02634,-13.97228],[48.01785,-13.97183],[48.00841,-13.96219],[48.01147,-13.95598],[48.00699,-13.95759],[48.00298,-13.953],[48.00887,-13.94908],[48.01923,-13.94814],[48.01664,-13.94538],[48.00839,-13.94494],[47.99756,-13.95325],[47.99085,-13.95327],[47.98389,-13.94764],[47.98411,-13.93579],[47.98787,-13.9283],[47.99211,-13.92565],[48.00068,-13.92597],[48.00883,-13.92101],[48.00435,-13.91872],[48.00161,-13.92396],[47.99646,-13.92345],[47.98457,-13.9259],[47.97586,-13.93144],[47.96079,-13.93355],[47.95608,-13.9377],[47.95772,-13.93079],[47.9537,-13.92482],[47.94521,-13.92046],[47.94348,-13.92202],[47.9543,-13.92884],[47.93226,-13.91911],[47.91836,-13.91592],[47.90562,-13.90697],[47.89691,-13.90238],[47.89148,-13.89664],[47.88745,-13.87549],[47.88416,-13.87204],[47.88191,-13.85513],[47.87306,-13.82949],[47.87375,-13.81775],[47.87669,-13.81269],[47.8827,-13.81843],[47.8847,-13.81521],[47.88151,-13.81061],[47.87233,-13.80614],[47.86479,-13.79269],[47.85888,-13.77108],[47.85921,-13.76494],[47.86876,-13.74897],[47.87606,-13.72178],[47.88081,-13.71357],[47.89226,-13.71374],[47.90239,-13.71762],[47.90781,-13.72312],[47.9137,-13.7245],[47.9184,-13.71736],[47.92673,-13.69352],[47.92354,-13.68789],[47.926,-13.67626],[47.92143,-13.68997],[47.92402,-13.6948],[47.91486,-13.70838],[47.91157,-13.71116],[47.90191,-13.70634],[47.8985,-13.71084],[47.88333,-13.71075],[47.87672,-13.70386],[47.8786,-13.69465],[47.88284,-13.66169],[47.88727,-13.63922],[47.88915,-13.61287],[47.89585,-13.59143],[47.91325,-13.58902],[47.92917,-13.59584],[47.934,-13.5965],[47.94597,-13.59206],[47.9501,-13.59446],[47.94034,-13.59555],[47.93991,-13.60177],[47.94788,-13.59781],[47.96281,-13.61315],[47.97036,-13.61724],[47.96938,-13.61172],[47.96294,-13.60367],[47.96532,-13.59537],[47.97145,-13.59633],[47.96976,-13.58935],[47.96465,-13.58938],[47.95951,-13.59386],[47.95219,-13.59038],[47.95576,-13.57613],[47.94067,-13.57253],[47.9484,-13.5672],[47.95563,-13.55588],[47.95793,-13.54712],[47.95214,-13.54278],[47.96625,-13.52314],[47.9697,-13.50954],[47.97503,-13.50326],[47.9783,-13.51271],[47.99376,-13.52182],[48.00228,-13.52937],[47.99712,-13.5317],[47.99099,-13.53929],[47.98632,-13.54199],[47.98047,-13.53997],[47.97519,-13.54632],[47.97197,-13.5544],[47.98247,-13.56257],[47.98138,-13.56928],[47.98555,-13.56855],[47.98815,-13.56254],[47.99646,-13.56174],[47.99585,-13.55632],[48.0031,-13.55434],[47.99996,-13.56251],[48.00005,-13.56859],[47.99631,-13.57232],[47.99865,-13.57667],[47.9918,-13.58398],[47.9916,-13.58869],[47.99655,-13.59062],[48.00144,-13.58437],[48.00329,-13.57792],[48.00603,-13.58297],[48.01251,-13.58592],[48.01524,-13.58112],[48.02038,-13.58377],[48.02,-13.57874],[48.02943,-13.57726],[48.01757,-13.5661],[48.01144,-13.56475],[48.0167,-13.55885],[48.02531,-13.56375],[48.02793,-13.56834],[48.03168,-13.56533],[48.02952,-13.55936],[48.03612,-13.56115],[48.03814,-13.56494],[48.04484,-13.56271],[48.05134,-13.56866],[48.0559,-13.56334],[48.04358,-13.54972],[48.04366,-13.54499],[48.03339,-13.53862],[48.01996,-13.53594],[48.01593,-13.53009],[48.01849,-13.5272],[48.03752,-13.52294],[48.04861,-13.52771],[48.06529,-13.52507],[48.06475,-13.53324],[48.06963,-13.54161],[48.07016,-13.55082],[48.07634,-13.55883],[48.07826,-13.56527],[48.08867,-13.57429],[48.08094,-13.57814],[48.07325,-13.57324],[48.0713,-13.58027],[48.08025,-13.58263],[48.07792,-13.5861],[48.08262,-13.59243],[48.08384,-13.58213],[48.08914,-13.58035],[48.0925,-13.58324],[48.09038,-13.58956],[48.08622,-13.59335],[48.0875,-13.60436],[48.07095,-13.61644],[48.07234,-13.62892],[48.0745,-13.63131],[48.0729,-13.62011],[48.07853,-13.61402],[48.08493,-13.61379],[48.09428,-13.61],[48.09557,-13.59528],[48.10245,-13.59358],[48.10527,-13.58807],[48.11144,-13.58807],[48.11147,-13.59453],[48.11637,-13.60024],[48.12601,-13.59811],[48.14177,-13.59823],[48.14463,-13.60236],[48.14024,-13.61035],[48.13926,-13.62598],[48.14129,-13.63046],[48.14974,-13.62786],[48.15189,-13.63131],[48.1501,-13.64536],[48.14709,-13.65182],[48.14412,-13.66426],[48.14838,-13.66815],[48.15662,-13.66787],[48.16413,-13.68243],[48.16524,-13.68955],[48.16158,-13.69619],[48.16551,-13.70615],[48.1613,-13.72157],[48.16602,-13.7257],[48.17096,-13.72408],[48.17261,-13.7289],[48.1792,-13.72728],[48.18534,-13.73255],[48.18114,-13.74463],[48.17666,-13.74615],[48.17523,-13.73811],[48.1724,-13.73731],[48.17042,-13.74456],[48.16793,-13.73766],[48.16488,-13.74343],[48.16939,-13.75883],[48.1873,-13.76821],[48.19013,-13.7682],[48.20145,-13.77828],[48.20476,-13.78518],[48.21182,-13.78808],[48.2142,-13.79458],[48.22177,-13.80583],[48.22743,-13.81133],[48.22954,-13.81017],[48.24251,-13.81474],[48.24873,-13.80758],[48.25238,-13.80942],[48.25382,-13.81515],[48.26278,-13.82042],[48.26441,-13.81374],[48.27087,-13.8097],[48.27593,-13.81025],[48.29899,-13.8005],[48.30638,-13.79266],[48.3098,-13.79426],[48.31166,-13.78689],[48.32156,-13.79054],[48.32648,-13.78223],[48.32014,-13.78777],[48.31282,-13.77837],[48.32221,-13.77281],[48.32998,-13.77141],[48.33114,-13.76542],[48.33937,-13.76171],[48.34639,-13.74833],[48.34119,-13.74099],[48.33437,-13.74125],[48.33222,-13.73481],[48.31316,-13.73626],[48.31383,-13.72349],[48.31983,-13.72105],[48.3242,-13.72771],[48.32891,-13.72815],[48.3336,-13.72238],[48.32419,-13.72472],[48.32394,-13.71724],[48.31499,-13.71612],[48.32061,-13.70771],[48.32907,-13.70192],[48.32343,-13.7031],[48.31941,-13.69988],[48.32356,-13.6961],[48.3145,-13.69057],[48.3192,-13.67719],[48.32813,-13.6775],[48.32958,-13.67489],[48.32216,-13.67021],[48.32425,-13.66333],[48.3327,-13.65687],[48.32611,-13.65477],[48.31977,-13.66077],[48.31506,-13.65803],[48.32069,-13.65583],[48.32233,-13.64547],[48.33129,-13.64317],[48.33881,-13.63791],[48.33243,-13.63781],[48.32241,-13.63427],[48.32462,-13.62619],[48.33241,-13.61774],[48.33707,-13.62772],[48.34275,-13.63251],[48.339,-13.62537],[48.33962,-13.61994],[48.34517,-13.62252],[48.35035,-13.61285],[48.34813,-13.60702],[48.34295,-13.60424],[48.34114,-13.59918],[48.3509,-13.60099],[48.35225,-13.60734],[48.35452,-13.60179],[48.34703,-13.59482],[48.33649,-13.59029],[48.33128,-13.58413],[48.33166,-13.57868],[48.32691,-13.57906],[48.3218,-13.56682],[48.3255,-13.55182],[48.32864,-13.54953],[48.33967,-13.54847],[48.35225,-13.53275],[48.35924,-13.5436],[48.36807,-13.55123],[48.36873,-13.55688],[48.36615,-13.56334],[48.37009,-13.56317],[48.37412,-13.57243],[48.37857,-13.57153],[48.37217,-13.58243],[48.37408,-13.59047],[48.38,-13.591],[48.38627,-13.58722],[48.37668,-13.58922],[48.38175,-13.5799],[48.38352,-13.57022],[48.39179,-13.58081],[48.38643,-13.5673],[48.3806,-13.56361],[48.38011,-13.55669],[48.38898,-13.56117],[48.38583,-13.55341],[48.40265,-13.55101],[48.39905,-13.55687],[48.40052,-13.55995],[48.41108,-13.55747],[48.40248,-13.55706],[48.40536,-13.55171],[48.40303,-13.54713],[48.39467,-13.54801],[48.39332,-13.54096],[48.40106,-13.53521],[48.40855,-13.53467],[48.40804,-13.52961],[48.41791,-13.52723],[48.42439,-13.52961],[48.43,-13.53957],[48.43267,-13.53518],[48.43872,-13.54158],[48.43952,-13.55308],[48.44404,-13.55857],[48.43968,-13.57171],[48.44208,-13.57768],[48.44427,-13.56314],[48.45067,-13.56358],[48.45549,-13.55199],[48.4508,-13.54772],[48.44524,-13.54728],[48.44798,-13.54215],[48.44831,-13.53297],[48.4334,-13.51928],[48.43982,-13.51965],[48.44927,-13.52494],[48.45261,-13.52881],[48.45663,-13.52444],[48.45516,-13.53777],[48.45808,-13.53636],[48.46132,-13.54416],[48.46142,-13.53772],[48.45853,-13.53314],[48.45949,-13.52416],[48.46584,-13.52169],[48.46825,-13.52753],[48.47093,-13.52464],[48.48211,-13.52605],[48.47914,-13.53597],[48.48491,-13.52812],[48.47955,-13.51571],[48.49312,-13.51741],[48.50159,-13.52037],[48.50506,-13.51379],[48.5058,-13.52285],[48.4912,-13.5393],[48.49102,-13.54761],[48.48637,-13.55268],[48.48833,-13.56627],[48.49379,-13.5706],[48.49057,-13.5635],[48.49198,-13.55247],[48.49835,-13.54847],[48.4987,-13.53972],[48.50686,-13.53312],[48.51424,-13.5396],[48.51751,-13.54582],[48.51571,-13.55178],[48.51106,-13.55527],[48.51975,-13.5536],[48.52086,-13.54623],[48.51654,-13.53556],[48.5185,-13.53243],[48.52677,-13.53628],[48.52954,-13.54363],[48.53437,-13.54358],[48.52403,-13.53101],[48.53063,-13.5328],[48.54266,-13.53113],[48.54656,-13.52736],[48.55165,-13.51651],[48.54785,-13.51298],[48.54601,-13.51957],[48.53854,-13.52318],[48.52517,-13.52498],[48.51725,-13.51264],[48.51616,-13.49816],[48.50653,-13.49154],[48.50981,-13.48866],[48.50989,-13.48095],[48.50677,-13.47834],[48.5032,-13.46588],[48.49784,-13.46376],[48.49247,-13.45076],[48.48858,-13.44708],[48.48774,-13.44154],[48.48147,-13.43748],[48.4761,-13.42736],[48.47719,-13.41746],[48.47544,-13.40895],[48.47146,-13.40417],[48.47114,-13.39726],[48.46773,-13.39412],[48.47101,-13.38172],[48.46921,-13.3752],[48.47369,-13.3664],[48.47706,-13.37193],[48.48122,-13.37004],[48.49053,-13.3725],[48.50187,-13.38942],[48.50894,-13.39132],[48.50573,-13.40113],[48.50837,-13.40709],[48.51684,-13.40864],[48.52348,-13.41457],[48.524,-13.42032],[48.52971,-13.42833],[48.53442,-13.42874],[48.54789,-13.43715],[48.57125,-13.44593],[48.5781,-13.44956],[48.58475,-13.45641],[48.58559,-13.4623],[48.59433,-13.46312],[48.589,-13.45856],[48.59646,-13.45194],[48.60723,-13.44725],[48.61266,-13.44928],[48.63173,-13.45072],[48.647,-13.45014],[48.65106,-13.45608],[48.64218,-13.46306],[48.63885,-13.47149],[48.64349,-13.47762],[48.648,-13.47767],[48.65191,-13.47276],[48.66203,-13.47388],[48.66194,-13.48265],[48.66637,-13.48562],[48.66255,-13.479],[48.66335,-13.47232],[48.65219,-13.47084],[48.64494,-13.47522],[48.64209,-13.47319],[48.64631,-13.46372],[48.65479,-13.45881],[48.65607,-13.45049],[48.66,-13.44902],[48.66561,-13.45343],[48.66075,-13.44495],[48.66453,-13.43852],[48.67238,-13.44665],[48.69343,-13.43807],[48.6997,-13.44013],[48.70913,-13.43061],[48.72599,-13.42349],[48.72882,-13.42644],[48.72963,-13.43537],[48.73288,-13.43121],[48.74137,-13.43343],[48.73685,-13.42818],[48.73675,-13.41875],[48.75289,-13.40962],[48.76057,-13.4137],[48.76311,-13.42104],[48.76326,-13.4123],[48.7599,-13.40473],[48.76336,-13.39779],[48.7778,-13.38409],[48.78383,-13.37667],[48.79464,-13.37611],[48.80234,-13.36982],[48.80564,-13.37094],[48.8103,-13.37908],[48.81072,-13.3732],[48.80477,-13.3658],[48.79672,-13.36207],[48.79519,-13.34884],[48.79145,-13.36279],[48.78185,-13.35448],[48.77784,-13.3473],[48.7811,-13.34046],[48.78938,-13.34325],[48.79189,-13.3354],[48.78393,-13.33881],[48.78103,-13.33089],[48.78376,-13.32235],[48.7924,-13.31629],[48.79563,-13.31051],[48.79869,-13.31094],[48.79203,-13.30341],[48.79954,-13.30127],[48.79269,-13.2973],[48.79744,-13.29151],[48.80791,-13.29291],[48.80104,-13.28756],[48.80639,-13.28165],[48.81581,-13.28341],[48.81169,-13.27653],[48.81194,-13.27185],[48.82058,-13.27121],[48.82889,-13.27638],[48.83453,-13.27563],[48.84078,-13.27846],[48.83727,-13.27086],[48.84981,-13.27442],[48.85564,-13.26927],[48.86053,-13.26907],[48.86472,-13.26477],[48.87386,-13.26192],[48.86353,-13.26316],[48.84999,-13.27134],[48.84617,-13.26632],[48.83937,-13.26615],[48.83259,-13.27036],[48.82881,-13.26878],[48.82075,-13.2501],[48.82702,-13.25385],[48.83148,-13.25357],[48.82437,-13.24743],[48.81991,-13.24769],[48.81668,-13.25417],[48.80987,-13.25365],[48.81148,-13.25076],[48.80508,-13.24437],[48.80551,-13.24092],[48.81697,-13.23529],[48.81949,-13.22928],[48.80909,-13.23479],[48.8058,-13.23424],[48.80197,-13.22657],[48.80292,-13.21621],[48.81272,-13.21047],[48.80077,-13.21033],[48.7969,-13.20165],[48.80099,-13.19615],[48.80038,-13.1862],[48.80621,-13.18131],[48.80176,-13.1724],[48.80262,-13.16618],[48.81115,-13.1704],[48.81613,-13.1693],[48.82596,-13.17135],[48.81813,-13.16695],[48.81022,-13.16605],[48.80745,-13.1554],[48.80424,-13.14975],[48.80785,-13.14667],[48.81653,-13.14741],[48.82065,-13.15201],[48.82736,-13.14751],[48.81464,-13.14406],[48.80744,-13.13918],[48.80407,-13.13151],[48.8088,-13.12306],[48.81752,-13.12574],[48.8278,-13.12127],[48.82704,-13.11587],[48.82223,-13.11581],[48.81654,-13.12276],[48.81392,-13.11864],[48.81688,-13.10963],[48.82551,-13.103],[48.82101,-13.09948],[48.82423,-13.09323],[48.83291,-13.09246],[48.83416,-13.10073],[48.83981,-13.10137],[48.83483,-13.09705],[48.84055,-13.09111],[48.83006,-13.08834],[48.8287,-13.08168],[48.83264,-13.07381],[48.84104,-13.06929],[48.84373,-13.06487],[48.84127,-13.06085],[48.84402,-13.05358],[48.85307,-13.04485],[48.85549,-13.04898],[48.85722,-13.03994],[48.87051,-13.04999],[48.86645,-13.04087],[48.86671,-13.03462],[48.8766,-13.03716],[48.88137,-13.04169],[48.87854,-13.03209],[48.8691,-13.02723],[48.86995,-13.02028],[48.87383,-13.01997],[48.8778,-13.02666],[48.8858,-13.03052],[48.87928,-13.02402],[48.88833,-13.02567],[48.87656,-13.01588],[48.87585,-13.00991],[48.88624,-12.99715],[48.88947,-13.00105],[48.88853,-13.01185],[48.89265,-13.0132],[48.90192,-13.01173],[48.8912,-13.01005],[48.89455,-13.00294],[48.90038,-13.00712],[48.90379,-13.00647],[48.89391,-12.99799],[48.88898,-12.98665],[48.89746,-12.97862],[48.90488,-12.96935],[48.9071,-12.98038],[48.90484,-12.98823],[48.91315,-12.99735],[48.90742,-12.98527],[48.91061,-12.97943],[48.9103,-12.97252],[48.91875,-12.97244],[48.92365,-12.9694],[48.92887,-12.97488],[48.93357,-12.97576],[48.92456,-12.96686],[48.91262,-12.96951],[48.90713,-12.96104],[48.91409,-12.94154],[48.91799,-12.94507],[48.92433,-12.94523],[48.93002,-12.9507],[48.9269,-12.94336],[48.91985,-12.94286],[48.91672,-12.93495],[48.91858,-12.93286],[48.93212,-12.93791],[48.93747,-12.93429],[48.94478,-12.93755],[48.94156,-12.93218],[48.93169,-12.9302],[48.92387,-12.92337],[48.92475,-12.91738],[48.93427,-12.89453],[48.93967,-12.888],[48.94871,-12.89468],[48.96105,-12.89178],[48.96905,-12.89537],[48.96242,-12.88641],[48.95802,-12.88459],[48.95433,-12.88874],[48.94765,-12.88864],[48.93843,-12.87685],[48.93965,-12.86865],[48.94287,-12.86264],[48.94607,-12.83338],[48.94865,-12.82694],[48.94365,-12.81916],[48.93775,-12.81508],[48.93133,-12.80708],[48.93306,-12.7928],[48.92697,-12.79331],[48.92501,-12.78505],[48.91929,-12.77821],[48.90875,-12.77595],[48.90094,-12.76757],[48.90209,-12.74568],[48.89911,-12.72971],[48.89607,-12.72391],[48.89822,-12.7188],[48.89706,-12.71258],[48.88826,-12.69955],[48.8903,-12.69578],[48.89853,-12.69188],[48.89831,-12.68565],[48.89292,-12.67442],[48.88582,-12.66781],[48.87043,-12.66289],[48.86444,-12.66225],[48.85629,-12.66717],[48.85581,-12.65394],[48.8523,-12.64396],[48.85918,-12.64021],[48.86531,-12.63233],[48.8657,-12.62404],[48.87009,-12.61848],[48.87108,-12.61237],[48.86296,-12.61599],[48.85653,-12.62148],[48.85423,-12.61792],[48.85624,-12.60618],[48.86276,-12.59495],[48.86324,-12.58117],[48.88145,-12.56874],[48.88688,-12.55734],[48.88626,-12.55207],[48.87992,-12.54862],[48.88147,-12.54519],[48.88891,-12.54519],[48.88584,-12.54175],[48.87055,-12.54842],[48.87277,-12.55238],[48.86758,-12.55233],[48.86556,-12.54519],[48.85985,-12.54703],[48.85028,-12.55641],[48.84112,-12.56034],[48.83831,-12.55693],[48.8329,-12.56337],[48.83532,-12.56809],[48.83242,-12.57116],[48.82482,-12.5691],[48.82028,-12.56542],[48.81976,-12.56013],[48.82445,-12.55727],[48.82552,-12.54832],[48.82479,-12.53612],[48.82079,-12.52857],[48.81693,-12.52926],[48.81549,-12.52138],[48.80733,-12.51263],[48.80419,-12.50247],[48.78387,-12.49563],[48.78518,-12.48817],[48.77871,-12.4805],[48.77377,-12.47827],[48.77895,-12.46962],[48.77568,-12.464],[48.77458,-12.45482],[48.77551,-12.44424],[48.77341,-12.43962],[48.7671,-12.43638],[48.76227,-12.43964],[48.76306,-12.46148],[48.76035,-12.4676],[48.75524,-12.46384],[48.75405,-12.4581],[48.74343,-12.4542],[48.73998,-12.44808],[48.72992,-12.44544],[48.72459,-12.4491],[48.71993,-12.44651],[48.72311,-12.44021],[48.74406,-12.42811],[48.7404,-12.42082],[48.74373,-12.40541],[48.75291,-12.39935],[48.76152,-12.39606],[48.76412,-12.39937],[48.77753,-12.40562],[48.78379,-12.41121],[48.80295,-12.40753],[48.82029,-12.41504],[48.83174,-12.4116],[48.84477,-12.41836],[48.85242,-12.4162],[48.85369,-12.42026],[48.86327,-12.43132],[48.86387,-12.44136],[48.86207,-12.44894],[48.86617,-12.45348],[48.87123,-12.45445],[48.88817,-12.47428],[48.89024,-12.4835],[48.88924,-12.48944],[48.89468,-12.49172],[48.89915,-12.49745],[48.89759,-12.50938],[48.90379,-12.51167],[48.90756,-12.509],[48.90845,-12.5033],[48.91321,-12.49481],[48.92182,-12.49384],[48.92556,-12.49763],[48.93918,-12.49193],[48.94177,-12.48613],[48.93994,-12.4764],[48.94374,-12.46101],[48.95017,-12.44772],[48.95017,-12.42577],[48.95247,-12.42015],[48.9544,-12.40689],[48.9581,-12.40261],[48.96507,-12.40015],[48.96673,-12.39162],[48.9668,-12.3797],[48.95344,-12.37384],[48.96038,-12.36122],[48.96506,-12.35703],[48.97078,-12.35706],[48.9648,-12.35262],[48.97158,-12.34283],[48.98887,-12.33447],[48.99525,-12.3355],[48.99719,-12.32774],[49.00119,-12.32995],[49.00176,-12.33585],[49.00695,-12.33992],[49.01148,-12.33764],[49.01858,-12.32918],[49.01288,-12.31804],[49.01418,-12.31148],[49.018,-12.30701],[49.02444,-12.30452],[49.02916,-12.3115],[49.03594,-12.31207],[49.04042,-12.3084],[49.04227,-12.29795],[49.05317,-12.29575],[49.05434,-12.29113],[49.05843,-12.29282],[49.05592,-12.30442],[49.06092,-12.31239],[49.06872,-12.30707],[49.0797,-12.30916],[49.08334,-12.30429],[49.08136,-12.29778],[49.08907,-12.29081],[49.09049,-12.28541],[49.08561,-12.27853],[49.08404,-12.26658],[49.0886,-12.25718],[49.09746,-12.26417],[49.10528,-12.26313],[49.10911,-12.25942],[49.11348,-12.25026],[49.11655,-12.25856],[49.11554,-12.26339],[49.12115,-12.26548],[49.12541,-12.26293],[49.12683,-12.26789],[49.13665,-12.27026],[49.1483,-12.25803],[49.15385,-12.24279],[49.15603,-12.22947],[49.15446,-12.2254],[49.14909,-12.22424],[49.14226,-12.21573],[49.14256,-12.20884],[49.14682,-12.2037],[49.14521,-12.19583],[49.15424,-12.19778],[49.15788,-12.18856],[49.1558,-12.18238],[49.15731,-12.17679],[49.16485,-12.17303],[49.1714,-12.15677],[49.17504,-12.16296],[49.17585,-12.17184],[49.17955,-12.17304],[49.19267,-12.16904],[49.18657,-12.15878],[49.18985,-12.15551],[49.19228,-12.14676],[49.18407,-12.14317],[49.17456,-12.12782],[49.1707,-12.12514],[49.16162,-12.1348],[49.16119,-12.14],[49.15439,-12.14463],[49.14982,-12.14115],[49.14932,-12.13305],[49.15793,-12.12881],[49.16302,-12.1233],[49.15927,-12.1192],[49.15312,-12.11755],[49.14075,-12.10167],[49.13531,-12.10614],[49.13195,-12.10548],[49.12664,-12.1103],[49.11551,-12.11432],[49.1085,-12.11295],[49.10418,-12.10935],[49.09523,-12.1123],[49.08559,-12.11177],[49.08394,-12.10919],[49.08757,-12.10193],[49.09877,-12.09384],[49.10243,-12.08805],[49.10882,-12.08422],[49.11744,-12.08426],[49.13009,-12.07961],[49.13054,-12.08351],[49.14538,-12.08297],[49.13811,-12.07997],[49.14204,-12.0741],[49.14202,-12.06375],[49.14672,-12.05853],[49.15108,-12.06101],[49.15088,-12.0691],[49.16024,-12.06657],[49.16207,-12.07367],[49.16918,-12.07459],[49.16834,-12.0873],[49.17674,-12.08658],[49.17514,-12.09746],[49.18115,-12.09571],[49.18713,-12.10028],[49.18715,-12.11254],[49.19446,-12.11696],[49.1931,-12.10989],[49.1998,-12.09876],[49.20556,-12.09831],[49.20555,-12.10678],[49.21118,-12.11445],[49.21777,-12.11564],[49.22025,-12.10706],[49.21267,-12.09935],[49.21423,-12.08995],[49.21088,-12.08276],[49.20535,-12.08789],[49.20137,-12.08617],[49.20471,-12.0786],[49.197,-12.07438],[49.19415,-12.0657],[49.19876,-12.05798],[49.19506,-12.05544],[49.1953,-12.04714],[49.19904,-12.05015],[49.19913,-12.04477],[49.19163,-12.04081],[49.18404,-12.05004],[49.18048,-12.04657],[49.17259,-12.04695],[49.16495,-12.05003],[49.16641,-12.04598],[49.16278,-12.04101],[49.16849,-12.04177],[49.17668,-12.03926],[49.17922,-12.03026],[49.17756,-12.02423],[49.18071,-12.01567],[49.18469,-12.01251],[49.18832,-12.01692],[49.18434,-12.02864],[49.19048,-12.02389],[49.19174,-12.02928],[49.19638,-12.03258],[49.19757,-12.02902],[49.20595,-12.02592],[49.21018,-12.02975],[49.21118,-12.0211],[49.20563,-12.01413],[49.19952,-12.01925],[49.18938,-12.0092],[49.19079,-12.00438],[49.19657,-11.99741],[49.20086,-11.99568],[49.20295,-12.00312],[49.20928,-12.00514],[49.2091,-12.00911],[49.21532,-12.01443],[49.21335,-12.01807],[49.21944,-12.02362],[49.22717,-12.00782],[49.23419,-12.00409],[49.23075,-11.99752],[49.22454,-11.99718],[49.22435,-11.99118],[49.21917,-11.99678],[49.21333,-11.99401],[49.20586,-11.99713],[49.20458,-11.99039],[49.23679,-11.96105],[49.24137,-11.96215],[49.23996,-11.95677],[49.24575,-11.95143],[49.24767,-11.95512],[49.26379,-11.95264],[49.26848,-11.95599],[49.27186,-11.9538],[49.27867,-11.96493],[49.27661,-11.97038],[49.28349,-11.96604],[49.28841,-11.97316],[49.2931,-11.96955],[49.29578,-11.97135],[49.29664,-11.97956],[49.305,-11.99163],[49.30208,-11.99772],[49.29496,-12.00108],[49.30124,-12.00107],[49.31242,-12.00833],[49.31447,-12.01433],[49.31113,-12.0152],[49.31381,-12.02247],[49.31235,-12.03694],[49.32001,-12.03467],[49.32083,-12.04145],[49.32695,-12.05077],[49.31744,-12.05879],[49.31359,-12.05154],[49.31471,-12.05858],[49.31801,-12.06064],[49.32604,-12.05848],[49.34002,-12.06347],[49.33784,-12.07245],[49.34252,-12.07898],[49.34266,-12.0899],[49.35067,-12.09607],[49.35853,-12.1064],[49.35272,-12.11299],[49.34839,-12.11227],[49.34511,-12.12103],[49.34221,-12.1216],[49.34192,-12.14209],[49.34661,-12.15007],[49.35207,-12.15216],[49.35451,-12.16647],[49.35404,-12.17768],[49.35697,-12.18501],[49.37079,-12.21144],[49.36737,-12.22104],[49.36285,-12.21447],[49.35496,-12.20967],[49.34014,-12.18918],[49.33454,-12.18358],[49.33227,-12.17339],[49.32806,-12.16964],[49.31759,-12.16931],[49.31322,-12.16365],[49.30982,-12.16458],[49.306,-12.17308],[49.30132,-12.17699],[49.30968,-12.17843],[49.31359,-12.1859],[49.30622,-12.1961],[49.29971,-12.21401],[49.29243,-12.21028],[49.296,-12.20195],[49.29272,-12.20069],[49.29384,-12.19488],[49.28707,-12.18959],[49.27972,-12.18711],[49.27585,-12.19515],[49.27167,-12.19291],[49.27264,-12.18811],[49.26974,-12.18142],[49.26238,-12.18285],[49.25999,-12.17775],[49.26135,-12.16989],[49.25963,-12.16211],[49.25293,-12.15552],[49.25601,-12.14996],[49.25131,-12.14711],[49.24034,-12.15456],[49.23814,-12.16058],[49.22318,-12.17973],[49.22637,-12.19463],[49.23182,-12.19534],[49.2342,-12.18903],[49.23816,-12.18957],[49.24296,-12.19684],[49.23907,-12.20734],[49.23007,-12.21396],[49.21829,-12.22531],[49.21657,-12.23136],[49.21971,-12.238],[49.22814,-12.23349],[49.23502,-12.23314],[49.23608,-12.23885],[49.24063,-12.23668],[49.24247,-12.23145],[49.25355,-12.2339],[49.25024,-12.23781],[49.25661,-12.24119],[49.26323,-12.23749],[49.28267,-12.24162],[49.28313,-12.25182],[49.27958,-12.25862],[49.27247,-12.2584],[49.26991,-12.27139],[49.26295,-12.27937],[49.25933,-12.2776],[49.25436,-12.28207],[49.25418,-12.29175],[49.24965,-12.29339],[49.23841,-12.28472],[49.23281,-12.2775],[49.22905,-12.26912],[49.22882,-12.26204],[49.22292,-12.25323],[49.21811,-12.25053],[49.21263,-12.25146],[49.20651,-12.25728],[49.2101,-12.2652],[49.20882,-12.26956],[49.20169,-12.26567],[49.19967,-12.27006],[49.20643,-12.27648],[49.20243,-12.28616],[49.19617,-12.28749],[49.20074,-12.29207],[49.19672,-12.29238],[49.19285,-12.30314],[49.20796,-12.30445],[49.21657,-12.30983],[49.20985,-12.31961],[49.21823,-12.32156],[49.22146,-12.31881],[49.22914,-12.30102],[49.2387,-12.30063],[49.24282,-12.29765],[49.25011,-12.30135],[49.25778,-12.29714],[49.2659,-12.29826],[49.27119,-12.29127],[49.27598,-12.28016],[49.28271,-12.27808],[49.28867,-12.26683],[49.29854,-12.26798],[49.29594,-12.27367],[49.30817,-12.27368],[49.30787,-12.28106],[49.31377,-12.28661],[49.30563,-12.29359],[49.302,-12.30504],[49.30284,-12.30818],[49.31129,-12.30898],[49.31532,-12.31242],[49.32144,-12.30881],[49.3236,-12.31333],[49.3309,-12.31292],[49.34687,-12.30354],[49.3532,-12.2944],[49.35434,-12.27651],[49.34128,-12.26887],[49.34172,-12.25884],[49.33528,-12.25367],[49.33893,-12.25023],[49.34862,-12.23459],[49.35711,-12.22893],[49.36698,-12.23211],[49.37761,-12.243],[49.38282,-12.24194],[49.39726,-12.2571],[49.39237,-12.26165],[49.39247,-12.27445],[49.3996,-12.27328],[49.40194,-12.28441],[49.39709,-12.28405],[49.39696,-12.29351],[49.40789,-12.29356],[49.40908,-12.29827],[49.40368,-12.30166],[49.40935,-12.3015],[49.41327,-12.30858],[49.40971,-12.32118],[49.41954,-12.32732],[49.42086,-12.33193],[49.41465,-12.33485],[49.41994,-12.34416],[49.42476,-12.34288],[49.42589,-12.33834],[49.44201,-12.35456],[49.44401,-12.36236],[49.4391,-12.37204],[49.43993,-12.38182],[49.44404,-12.38281],[49.45069,-12.37919],[49.45551,-12.36573],[49.46014,-12.36221],[49.47389,-12.35669],[49.47732,-12.35149],[49.48517,-12.35563],[49.49506,-12.35404],[49.49683,-12.35952],[49.50692,-12.35582],[49.51435,-12.3588],[49.51373,-12.36382],[49.52349,-12.37036],[49.52738,-12.38097],[49.53813,-12.39294],[49.53367,-12.39827],[49.53138,-12.40794],[49.52848,-12.40923],[49.53688,-12.42267],[49.52839,-12.43128],[49.52091,-12.42019],[49.51249,-12.41585],[49.51289,-12.41269],[49.50776,-12.4016],[49.50222,-12.4002],[49.49171,-12.40821],[49.48376,-12.42032],[49.47495,-12.42501],[49.48543,-12.43151],[49.48114,-12.43593],[49.49203,-12.43453],[49.49553,-12.42678],[49.51074,-12.42298],[49.51528,-12.42528],[49.51654,-12.43089],[49.52169,-12.4334],[49.5214,-12.43793],[49.51488,-12.44616],[49.51369,-12.45705],[49.51747,-12.46909],[49.52149,-12.4701],[49.53772,-12.46959],[49.54243,-12.46564],[49.53335,-12.46327],[49.52632,-12.45486],[49.53027,-12.44643],[49.53922,-12.44927],[49.54482,-12.45363],[49.54494,-12.44863],[49.5534,-12.45811],[49.55906,-12.46916],[49.55768,-12.46095],[49.55958,-12.4572],[49.55489,-12.44545],[49.54819,-12.4428],[49.54905,-12.4315],[49.55386,-12.42565],[49.56336,-12.43864],[49.56376,-12.44872],[49.56203,-12.45042],[49.56324,-12.46192],[49.57047,-12.47648],[49.57566,-12.49131],[49.57589,-12.49781],[49.57931,-12.50765],[49.58434,-12.51627],[49.58237,-12.52106],[49.58596,-12.52891],[49.58758,-12.5415],[49.58577,-12.54424],[49.56926,-12.54755],[49.5627,-12.5469],[49.55581,-12.54062],[49.56002,-12.52948],[49.5595,-12.52099],[49.5528,-12.5005],[49.55384,-12.49278],[49.55025,-12.48749],[49.54083,-12.49257],[49.54575,-12.50722],[49.54658,-12.52043],[49.54531,-12.52394],[49.54802,-12.53432],[49.54169,-12.55081],[49.55547,-12.55865],[49.5598,-12.5686],[49.55949,-12.57706],[49.56167,-12.58263],[49.55857,-12.58748],[49.56116,-12.59338],[49.55724,-12.61279],[49.55027,-12.62069],[49.54488,-12.63084],[49.54245,-12.63943],[49.54287,-12.6533],[49.54811,-12.6571],[49.557,-12.65054],[49.55711,-12.65945],[49.56198,-12.65603],[49.56426,-12.66041],[49.55995,-12.66635],[49.56857,-12.67093],[49.57209,-12.66538],[49.57712,-12.66341],[49.57307,-12.65862],[49.57871,-12.65659],[49.5827,-12.6625],[49.58735,-12.66327],[49.59395,-12.65881],[49.60162,-12.65995],[49.60674,-12.67223],[49.61655,-12.68201],[49.63047,-12.69222],[49.63348,-12.69979],[49.63951,-12.70791],[49.64559,-12.72803],[49.64585,-12.73653],[49.65048,-12.7482],[49.65723,-12.75565],[49.66389,-12.77559],[49.66316,-12.78277],[49.65228,-12.79365],[49.64664,-12.80419],[49.63713,-12.81003],[49.64042,-12.8138],[49.63612,-12.81684]]]]}},{"type":"Feature","properties":{"code_zone":"MG72","nom_zone":"Sava","niveau":"Région","code_parent":null,"nom_parent":null},"geometry":{"type":"MultiPolygon","coordinates":[[[[49.83491,-12.8516],[49.83491,-12.83968],[49.83958,-12.84136],[49.84222,-12.85079],[49.84074,-12.85888],[49.83717,-12.85929],[49.83491,-12.8516]]],[[[49.83461,-12.82022],[49.8366,-12.79844],[49.84032,-12.79628],[49.84259,-12.80484],[49.84659,-12.80917],[49.84649,-12.81443],[49.839,-12.82664],[49.83461,-12.82022]]],[[[49.77441,-12.77785],[49.76767,-12.77682],[49.7644,-12.77231],[49.76975,-12.76552],[49.77114,-12.75797],[49.77968,-12.76448],[49.78324,-12.77211],[49.77441,-12.77785]]],[[[50.01582,-15.82947],[50.0313,-15.8313],[50.03593,-15.82749],[50.04126,-15.82826],[50.05012,-15.83328],[50.05397,-15.82242],[50.06131,-15.82087],[50.06783,-15.81566],[50.06884,-15.80686],[50.06715,-15.80214],[50.06299,-15.80185],[50.06248,-15.79377],[50.05977,-15.78915],[50.06185,-15.78393],[50.05655,-15.78152],[50.05517,-15.77402],[50.05772,-15.77045],[50.05279,-15.75946],[50.04876,-15.76296],[50.04769,-15.75504],[50.04315,-15.74939],[50.03906,-15.75035],[50.03845,-15.74461],[50.04216,-15.73465],[50.03121,-15.72495],[50.03102,-15.71349],[50.01995,-15.71092],[50.01028,-15.69812],[50.00373,-15.70679],[49.99194,-15.70443],[49.98212,-15.69809],[49.97943,-15.68968],[49.98697,-15.68017],[49.9864,-15.67351],[49.98301,-15.66621],[49.988,-15.65847],[49.99351,-15.65649],[49.99367,-15.65001],[50.00253,-15.64447],[50.00637,-15.6349],[49.99715,-15.62684],[49.99711,-15.62183],[50.0031,-15.61604],[50.01158,-15.62112],[50.01275,-15.61824],[50.00783,-15.61432],[50.01439,-15.60758],[50.01443,-15.60034],[50.00658,-15.5949],[50.0062,-15.58886],[50.01193,-15.58258],[50.01141,-15.5779],[50.01692,-15.56387],[50.01417,-15.55642],[50.02001,-15.5428],[50.01336,-15.53778],[50.01145,-15.53089],[50.0182,-15.5256],[50.01428,-15.52008],[50.01687,-15.50961],[50.01555,-15.50489],[50.02116,-15.4945],[50.01828,-15.48243],[50.02494,-15.47177],[50.03872,-15.47464],[50.04575,-15.47287],[50.05029,-15.46827],[50.0503,-15.45836],[50.05329,-15.44632],[50.05021,-15.43794],[50.05073,-15.42741],[50.0566,-15.41493],[50.05315,-15.39219],[50.04055,-15.3805],[50.0315,-15.376],[50.03268,-15.36923],[50.02555,-15.35763],[50.01943,-15.35981],[50.01216,-15.35559],[50.00432,-15.35587],[49.99858,-15.35155],[49.99464,-15.35296],[49.98492,-15.34794],[49.98504,-15.34335],[49.98967,-15.33548],[49.99627,-15.32925],[50.00665,-15.32745],[50.01919,-15.31472],[50.02239,-15.30779],[50.02721,-15.30626],[50.0332,-15.2984],[50.0282,-15.29291],[50.02361,-15.28351],[50.0157,-15.27864],[50.01474,-15.2715],[50.00686,-15.26881],[50.00329,-15.25535],[49.98828,-15.24463],[49.97819,-15.2451],[49.96774,-15.25026],[49.95992,-15.25043],[49.95782,-15.26182],[49.94905,-15.2684],[49.93906,-15.27858],[49.93384,-15.27979],[49.9245,-15.27422],[49.92162,-15.27009],[49.90509,-15.2678],[49.89467,-15.26968],[49.89332,-15.26265],[49.8895,-15.25881],[49.88295,-15.24379],[49.86953,-15.23309],[49.86543,-15.23316],[49.86724,-15.22416],[49.86645,-15.21289],[49.86207,-15.20942],[49.85604,-15.21072],[49.84797,-15.20646],[49.83589,-15.20292],[49.83065,-15.18738],[49.82674,-15.18114],[49.81745,-15.17674],[49.80643,-15.16017],[49.81088,-15.15627],[49.81288,-15.14757],[49.8108,-15.14147],[49.81801,-15.13502],[49.81794,-15.12715],[49.82214,-15.12166],[49.81978,-15.10802],[49.81564,-15.09724],[49.81271,-15.09444],[49.80061,-15.09026],[49.80247,-15.08246],[49.79433,-15.0715],[49.799,-15.05656],[49.79098,-15.05011],[49.78589,-15.05231],[49.77675,-15.05089],[49.76941,-15.05408],[49.76757,-15.05793],[49.7616,-15.06046],[49.75879,-15.07061],[49.75046,-15.07412],[49.7455,-15.07876],[49.73829,-15.08101],[49.73064,-15.07819],[49.72372,-15.08114],[49.71456,-15.09143],[49.70502,-15.09235],[49.69539,-15.09118],[49.69612,-15.08543],[49.69149,-15.08341],[49.68244,-15.0847],[49.68703,-15.07151],[49.6842,-15.06757],[49.68764,-15.06235],[49.68722,-15.05639],[49.67941,-15.05261],[49.67679,-15.0475],[49.66572,-15.04661],[49.65965,-15.03978],[49.6609,-15.03335],[49.65674,-15.02227],[49.65947,-15.01408],[49.65649,-15.00279],[49.65164,-14.99767],[49.65036,-14.99108],[49.64537,-14.98628],[49.62388,-14.97657],[49.62225,-14.97359],[49.60581,-14.96382],[49.60151,-14.96624],[49.59742,-14.96383],[49.59709,-14.95757],[49.59093,-14.95104],[49.59021,-14.94297],[49.58661,-14.93105],[49.57901,-14.92519],[49.56796,-14.91059],[49.56633,-14.90423],[49.56085,-14.90652],[49.56169,-14.89748],[49.55786,-14.89295],[49.54641,-14.89353],[49.53363,-14.87885],[49.53067,-14.86877],[49.524,-14.8626],[49.5121,-14.84736],[49.50354,-14.84245],[49.49615,-14.84419],[49.49534,-14.83936],[49.48708,-14.82704],[49.48445,-14.81516],[49.48643,-14.80896],[49.47863,-14.80783],[49.46745,-14.80708],[49.46756,-14.79961],[49.46349,-14.79288],[49.45876,-14.79281],[49.44929,-14.77594],[49.44637,-14.75854],[49.44397,-14.75295],[49.43536,-14.748],[49.4268,-14.73616],[49.42675,-14.72342],[49.43937,-14.70833],[49.43141,-14.69644],[49.42476,-14.69516],[49.42243,-14.68954],[49.42471,-14.68443],[49.42331,-14.6743],[49.4139,-14.66243],[49.41248,-14.65315],[49.40254,-14.6432],[49.39825,-14.63107],[49.39192,-14.62986],[49.38721,-14.61901],[49.38094,-14.61596],[49.36518,-14.61804],[49.35341,-14.61597],[49.32685,-14.60805],[49.31456,-14.61078],[49.30931,-14.60862],[49.30798,-14.59828],[49.31291,-14.58636],[49.32868,-14.57187],[49.33154,-14.56675],[49.34347,-14.55771],[49.35436,-14.5447],[49.35998,-14.5419],[49.37022,-14.54297],[49.37661,-14.53649],[49.38266,-14.53324],[49.38633,-14.52591],[49.39082,-14.52295],[49.40331,-14.52622],[49.41162,-14.52314],[49.41188,-14.51683],[49.39609,-14.5102],[49.38933,-14.50474],[49.38397,-14.49632],[49.3736,-14.49617],[49.36863,-14.48633],[49.36193,-14.47958],[49.35475,-14.47895],[49.34461,-14.47461],[49.32786,-14.4757],[49.32728,-14.46401],[49.31503,-14.45827],[49.29824,-14.46124],[49.29084,-14.45903],[49.28365,-14.44625],[49.27921,-14.4419],[49.26722,-14.43749],[49.25949,-14.4242],[49.24897,-14.41342],[49.24825,-14.40999],[49.25294,-14.40074],[49.24666,-14.38741],[49.24447,-14.37692],[49.24606,-14.37121],[49.2355,-14.36958],[49.2193,-14.36016],[49.20988,-14.36256],[49.20062,-14.35885],[49.20027,-14.35257],[49.19309,-14.34635],[49.1843,-14.34225],[49.17996,-14.33669],[49.16979,-14.32852],[49.16454,-14.32761],[49.15918,-14.31745],[49.1527,-14.32087],[49.15282,-14.31424],[49.1485,-14.30746],[49.14319,-14.30685],[49.14204,-14.30189],[49.1457,-14.30038],[49.14011,-14.29494],[49.14064,-14.29011],[49.13415,-14.28998],[49.13331,-14.28685],[49.12625,-14.28321],[49.10666,-14.26012],[49.10597,-14.25041],[49.10877,-14.24483],[49.10519,-14.23824],[49.10479,-14.23156],[49.10788,-14.22484],[49.10545,-14.21536],[49.10899,-14.20808],[49.10846,-14.19847],[49.11732,-14.20022],[49.12396,-14.20586],[49.14068,-14.19588],[49.14602,-14.19471],[49.15141,-14.18804],[49.15243,-14.18215],[49.14972,-14.17476],[49.15083,-14.16413],[49.14829,-14.15555],[49.16137,-14.13425],[49.16065,-14.12332],[49.17405,-14.12319],[49.18795,-14.11392],[49.19198,-14.10208],[49.19924,-14.08537],[49.19863,-14.07507],[49.20006,-14.06081],[49.20524,-14.06017],[49.21804,-14.03784],[49.21292,-14.0319],[49.21248,-14.02385],[49.21996,-14.01563],[49.22211,-14.0101],[49.22939,-14.00416],[49.24357,-14.00508],[49.25461,-13.9945],[49.26006,-13.99466],[49.26381,-13.99846],[49.27389,-13.98648],[49.28182,-13.9863],[49.28667,-13.991],[49.29616,-13.98679],[49.30617,-13.98678],[49.3127,-13.9906],[49.31914,-13.99081],[49.32429,-13.97615],[49.33111,-13.9725],[49.33174,-13.96318],[49.34024,-13.95906],[49.34554,-13.94912],[49.34041,-13.94218],[49.33478,-13.94085],[49.33167,-13.93648],[49.33325,-13.91846],[49.34118,-13.90803],[49.34169,-13.89937],[49.33821,-13.89279],[49.34295,-13.88604],[49.35114,-13.88223],[49.35398,-13.87018],[49.35903,-13.86311],[49.36726,-13.85996],[49.36892,-13.84795],[49.37882,-13.84313],[49.3852,-13.82606],[49.38687,-13.81621],[49.38567,-13.80874],[49.38197,-13.80388],[49.38622,-13.79932],[49.39244,-13.78646],[49.39017,-13.78327],[49.39678,-13.77857],[49.39986,-13.76581],[49.39994,-13.75669],[49.39639,-13.74856],[49.40023,-13.73824],[49.40058,-13.73096],[49.40447,-13.72332],[49.40135,-13.71047],[49.40577,-13.70393],[49.40707,-13.69362],[49.41149,-13.68084],[49.40339,-13.67575],[49.38649,-13.67167],[49.37896,-13.66821],[49.37536,-13.65628],[49.37183,-13.65188],[49.3698,-13.64277],[49.36413,-13.64106],[49.35667,-13.62813],[49.35848,-13.62137],[49.3651,-13.61566],[49.37725,-13.61336],[49.38276,-13.6066],[49.37585,-13.60139],[49.37467,-13.5912],[49.3762,-13.57754],[49.37431,-13.5692],[49.36941,-13.56823],[49.36445,-13.55749],[49.3678,-13.55187],[49.36397,-13.54481],[49.34891,-13.53986],[49.34657,-13.53578],[49.35306,-13.52733],[49.35345,-13.51525],[49.35835,-13.50667],[49.35619,-13.50399],[49.3476,-13.50249],[49.34617,-13.48849],[49.34189,-13.48548],[49.3393,-13.47765],[49.33434,-13.47078],[49.33865,-13.46739],[49.34242,-13.45765],[49.34092,-13.44813],[49.33583,-13.442],[49.3381,-13.43425],[49.32563,-13.40283],[49.32816,-13.39398],[49.33938,-13.3959],[49.34626,-13.39088],[49.35241,-13.3834],[49.35271,-13.37548],[49.35639,-13.37048],[49.37073,-13.37103],[49.3752,-13.3689],[49.38009,-13.36085],[49.39996,-13.34285],[49.41522,-13.3484],[49.41951,-13.34706],[49.41811,-13.34159],[49.4255,-13.3355],[49.42108,-13.32488],[49.41935,-13.31201],[49.40856,-13.30113],[49.4058,-13.28976],[49.41769,-13.28224],[49.42212,-13.27111],[49.42626,-13.27117],[49.42598,-13.26487],[49.4382,-13.25541],[49.43677,-13.25257],[49.44045,-13.23788],[49.43774,-13.23371],[49.43904,-13.2276],[49.44243,-13.23259],[49.44898,-13.22872],[49.44983,-13.21277],[49.4474,-13.20703],[49.45197,-13.20124],[49.45298,-13.19593],[49.44704,-13.19564],[49.44897,-13.18849],[49.44358,-13.17966],[49.43349,-13.17283],[49.4203,-13.16913],[49.42475,-13.16153],[49.41971,-13.15586],[49.41961,-13.15102],[49.41126,-13.14607],[49.41783,-13.14127],[49.41383,-13.13197],[49.41947,-13.12794],[49.41175,-13.12424],[49.41507,-13.11804],[49.41448,-13.11137],[49.41944,-13.11376],[49.43064,-13.10967],[49.43347,-13.09861],[49.44723,-13.08243],[49.4647,-13.0831],[49.47126,-13.06744],[49.47091,-13.0543],[49.47415,-13.04891],[49.47234,-13.02622],[49.46728,-13.01931],[49.47304,-13.00038],[49.4775,-12.99268],[49.48372,-12.98871],[49.49172,-12.97881],[49.49461,-12.96464],[49.47505,-12.95294],[49.47398,-12.95015],[49.48437,-12.92965],[49.50898,-12.90248],[49.52039,-12.89544],[49.5245,-12.88926],[49.5205,-12.88267],[49.51465,-12.86788],[49.51851,-12.86454],[49.52481,-12.84785],[49.52812,-12.84562],[49.55314,-12.85312],[49.55303,-12.84751],[49.55628,-12.83744],[49.56715,-12.82866],[49.57148,-12.81358],[49.57528,-12.80981],[49.59827,-12.80348],[49.60138,-12.80585],[49.61328,-12.79748],[49.61863,-12.79891],[49.62282,-12.80614],[49.62298,-12.81152],[49.62759,-12.81594],[49.63612,-12.81684],[49.64042,-12.8138],[49.64439,-12.81948],[49.64411,-12.81402],[49.64774,-12.81522],[49.64698,-12.80919],[49.65522,-12.80625],[49.66341,-12.80641],[49.66846,-12.81347],[49.67618,-12.81425],[49.67355,-12.80746],[49.67483,-12.8011],[49.67057,-12.79508],[49.6787,-12.79519],[49.68865,-12.78541],[49.69021,-12.77848],[49.684,-12.77317],[49.68986,-12.76394],[49.69359,-12.75301],[49.69538,-12.74153],[49.69757,-12.74452],[49.71221,-12.73826],[49.71149,-12.74247],[49.71871,-12.74766],[49.72152,-12.74221],[49.72649,-12.75184],[49.72558,-12.75633],[49.71878,-12.76625],[49.71944,-12.77004],[49.73106,-12.77735],[49.74122,-12.77369],[49.7522,-12.76774],[49.75208,-12.77676],[49.74888,-12.77888],[49.7593,-12.78881],[49.76392,-12.79626],[49.77238,-12.79966],[49.77472,-12.80286],[49.7859,-12.80773],[49.78733,-12.81286],[49.77749,-12.82583],[49.78219,-12.83114],[49.78452,-12.84104],[49.78116,-12.84958],[49.7941,-12.86441],[49.79124,-12.86938],[49.79716,-12.87663],[49.79643,-12.88165],[49.80087,-12.88951],[49.81511,-12.89371],[49.81794,-12.8983],[49.82373,-12.89642],[49.8282,-12.89003],[49.84006,-12.88785],[49.84181,-12.88516],[49.84526,-12.8933],[49.84962,-12.89798],[49.85675,-12.89913],[49.85888,-12.90989],[49.8528,-12.91867],[49.84981,-12.91413],[49.84435,-12.91391],[49.83546,-12.92181],[49.83832,-12.9366],[49.83994,-12.93794],[49.84174,-12.95093],[49.84746,-12.95663],[49.8595,-12.95913],[49.86621,-12.95523],[49.86537,-12.94769],[49.87016,-12.94068],[49.87214,-12.94845],[49.87037,-12.95643],[49.87545,-12.95861],[49.88119,-12.96601],[49.88408,-12.97599],[49.88217,-12.98329],[49.88786,-13.00117],[49.89244,-13.00452],[49.90404,-13.01997],[49.90496,-13.02707],[49.91536,-13.034],[49.92063,-13.03389],[49.92882,-13.04402],[49.92318,-13.06271],[49.9251,-13.07434],[49.93195,-13.08285],[49.93198,-13.08937],[49.92422,-13.11952],[49.92367,-13.13117],[49.92743,-13.1338],[49.9256,-13.14872],[49.92131,-13.16456],[49.91731,-13.18767],[49.92137,-13.2013],[49.93223,-13.20389],[49.93164,-13.21342],[49.9352,-13.21533],[49.94134,-13.22586],[49.94097,-13.23063],[49.94505,-13.24411],[49.94995,-13.25423],[49.94978,-13.26469],[49.95602,-13.26858],[49.96794,-13.28203],[49.97658,-13.29453],[49.97456,-13.30472],[49.96522,-13.30719],[49.96649,-13.31339],[49.97367,-13.3149],[49.971,-13.31958],[49.97582,-13.3546],[49.97761,-13.3606],[49.98608,-13.36864],[49.99736,-13.36922],[49.99375,-13.36508],[50.0005,-13.3609],[50.01055,-13.35053],[50.01572,-13.35356],[50.02208,-13.37393],[50.02201,-13.39081],[50.00991,-13.41782],[50.00784,-13.42904],[50.01272,-13.45303],[50.01852,-13.45605],[50.0231,-13.46633],[50.02013,-13.49236],[50.02232,-13.49781],[50.02388,-13.51733],[50.03072,-13.52968],[50.04014,-13.53407],[50.0461,-13.54484],[50.0545,-13.5537],[50.05636,-13.56691],[50.0554,-13.58439],[50.05813,-13.60307],[50.06037,-13.609],[50.06668,-13.615],[50.07247,-13.61715],[50.07822,-13.61439],[50.07962,-13.62196],[50.08428,-13.62906],[50.08547,-13.64083],[50.08307,-13.66539],[50.08354,-13.68067],[50.08554,-13.68956],[50.09155,-13.69815],[50.09535,-13.70956],[50.10624,-13.71878],[50.10804,-13.73303],[50.11314,-13.74838],[50.12553,-13.75252],[50.12949,-13.77424],[50.13366,-13.79054],[50.13867,-13.79723],[50.1396,-13.82921],[50.141,-13.85141],[50.13701,-13.87189],[50.13581,-13.88625],[50.13985,-13.89818],[50.14037,-13.90989],[50.13743,-13.92403],[50.1358,-13.93901],[50.13407,-13.97285],[50.13553,-13.99915],[50.13739,-14.01101],[50.1442,-14.01594],[50.14623,-14.03293],[50.14955,-14.04394],[50.15534,-14.0511],[50.16468,-14.0528],[50.16498,-14.06491],[50.16017,-14.0935],[50.1594,-14.11601],[50.15581,-14.14586],[50.14829,-14.16743],[50.14518,-14.18187],[50.14282,-14.2024],[50.14176,-14.22425],[50.14506,-14.24267],[50.15087,-14.25313],[50.15737,-14.25242],[50.16588,-14.26187],[50.17804,-14.27221],[50.18358,-14.26903],[50.18646,-14.27294],[50.18757,-14.28182],[50.19536,-14.29635],[50.20024,-14.30214],[50.20079,-14.30752],[50.19907,-14.32375],[50.19992,-14.33019],[50.19662,-14.35022],[50.19125,-14.3754],[50.18566,-14.38807],[50.1807,-14.40341],[50.17844,-14.43137],[50.17535,-14.45266],[50.17657,-14.47113],[50.17957,-14.47628],[50.1794,-14.48649],[50.18383,-14.49097],[50.18315,-14.49815],[50.18793,-14.51986],[50.18489,-14.53052],[50.18335,-14.55214],[50.18233,-14.57954],[50.18331,-14.58733],[50.18821,-14.59105],[50.19209,-14.60414],[50.19244,-14.62163],[50.19617,-14.62822],[50.20024,-14.62819],[50.20629,-14.63675],[50.20868,-14.66044],[50.21567,-14.66694],[50.21775,-14.67682],[50.21744,-14.69062],[50.22484,-14.7145],[50.22258,-14.74492],[50.22283,-14.76502],[50.22754,-14.7729],[50.23923,-14.78087],[50.24631,-14.80012],[50.25218,-14.80482],[50.25398,-14.81426],[50.2607,-14.83606],[50.26492,-14.86834],[50.27108,-14.87794],[50.28212,-14.89962],[50.28968,-14.91079],[50.29386,-14.91416],[50.29598,-14.92415],[50.29507,-14.93435],[50.30002,-14.94465],[50.30508,-14.94848],[50.31123,-14.94797],[50.31719,-14.9524],[50.32177,-14.96561],[50.32129,-14.97409],[50.32288,-14.98435],[50.32753,-14.98652],[50.32969,-14.99324],[50.33397,-15.01612],[50.3346,-15.02892],[50.34127,-15.04032],[50.34881,-15.04313],[50.35788,-15.06115],[50.36502,-15.07148],[50.36637,-15.07879],[50.37656,-15.08221],[50.38096,-15.086],[50.38899,-15.10295],[50.3967,-15.10843],[50.39821,-15.11261],[50.41504,-15.12867],[50.43165,-15.15106],[50.4346,-15.16772],[50.43347,-15.17351],[50.43636,-15.1826],[50.43558,-15.19008],[50.44149,-15.19649],[50.45897,-15.2005],[50.46275,-15.20291],[50.46982,-15.21226],[50.47011,-15.22024],[50.46214,-15.22983],[50.46114,-15.2388],[50.46483,-15.24592],[50.47108,-15.25294],[50.47953,-15.2539],[50.47783,-15.25705],[50.48449,-15.26611],[50.47375,-15.27485],[50.47049,-15.28884],[50.47589,-15.30979],[50.47477,-15.31371],[50.48112,-15.33147],[50.47713,-15.33696],[50.47435,-15.35967],[50.4698,-15.36596],[50.46353,-15.36693],[50.46065,-15.38093],[50.46336,-15.39362],[50.46783,-15.39868],[50.4639,-15.40778],[50.45568,-15.41715],[50.46048,-15.42067],[50.45329,-15.42652],[50.45064,-15.43588],[50.45637,-15.44559],[50.46192,-15.45166],[50.46,-15.45915],[50.45541,-15.46367],[50.44824,-15.46405],[50.4427,-15.47027],[50.4441,-15.47789],[50.43934,-15.47549],[50.43589,-15.48491],[50.43551,-15.50138],[50.43752,-15.50711],[50.43207,-15.52193],[50.43255,-15.52549],[50.42537,-15.53482],[50.42685,-15.54618],[50.42153,-15.56662],[50.41499,-15.57939],[50.41112,-15.58352],[50.40627,-15.58304],[50.39992,-15.59978],[50.39724,-15.61174],[50.40065,-15.62052],[50.39557,-15.62425],[50.39654,-15.6284],[50.39192,-15.6335],[50.38972,-15.64007],[50.38462,-15.64613],[50.37682,-15.65924],[50.37207,-15.67534],[50.36833,-15.67782],[50.35989,-15.69518],[50.36034,-15.70554],[50.35363,-15.71488],[50.35157,-15.72604],[50.3456,-15.73465],[50.34145,-15.7482],[50.33272,-15.7707],[50.32476,-15.78033],[50.32458,-15.79084],[50.31998,-15.80468],[50.32287,-15.81238],[50.33431,-15.81717],[50.3357,-15.81362],[50.33144,-15.80737],[50.33673,-15.80707],[50.34004,-15.81359],[50.33321,-15.82407],[50.31866,-15.82948],[50.31369,-15.82897],[50.30408,-15.83453],[50.29871,-15.84027],[50.29444,-15.84867],[50.29688,-15.85764],[50.30353,-15.85549],[50.30069,-15.86],[50.29555,-15.87521],[50.28908,-15.87884],[50.2829,-15.89096],[50.27786,-15.88572],[50.27179,-15.88503],[50.26111,-15.89259],[50.25518,-15.90309],[50.24447,-15.91172],[50.24364,-15.91775],[50.2522,-15.92514],[50.2435,-15.9293],[50.23518,-15.94333],[50.2232,-15.94754],[50.2199,-15.95286],[50.22631,-15.96164],[50.23201,-15.96175],[50.23044,-15.97584],[50.2237,-15.98656],[50.21216,-15.99018],[50.20929,-15.9872],[50.19681,-15.98849],[50.19099,-15.98548],[50.18851,-15.98895],[50.17599,-15.98602],[50.16372,-15.99308],[50.16025,-15.99726],[50.16031,-15.98769],[50.15715,-15.9844],[50.15365,-15.97139],[50.14584,-15.96874],[50.14735,-15.96507],[50.14537,-15.95746],[50.14608,-15.94887],[50.14426,-15.94326],[50.13664,-15.93923],[50.12466,-15.93793],[50.12048,-15.94004],[50.11377,-15.93579],[50.11187,-15.93878],[50.10856,-15.93433],[50.10212,-15.93202],[50.09604,-15.93326],[50.09219,-15.9282],[50.08835,-15.92953],[50.08445,-15.92512],[50.08015,-15.9251],[50.0767,-15.91639],[50.06951,-15.91691],[50.0659,-15.90539],[50.06146,-15.90738],[50.05179,-15.90415],[50.0517,-15.90113],[50.04456,-15.89623],[50.04348,-15.89158],[50.03613,-15.88369],[50.0246,-15.88421],[50.01704,-15.86865],[50.02235,-15.86166],[50.02186,-15.85108],[50.01934,-15.84074],[50.01246,-15.83165],[50.01582,-15.82947]]]]}}]}
